{
    "type": "FeatureCollection",
    "name": "BM_center_2st_footprint",
    "crs": {
        "type": "name",
        "properties": {
            "name": "urn:ogc:def:crs:OGC:1.3:CRS84"
        }
    },
    "features": [
        {
            "type": "Feature",
            "properties": {
                "catalog_id": "105001002DC64C00",
                "acq_date": "2022-08-10",
                "sensor": "GE01",
                "off_nadir": 3.81,
                "sun_elev": 65.17,
                "native_res": 0.41,
                "accuracy": 8.5,
                "proc_notes": null,
                "id": "3",
                "cities": null,
                "countries": "קפריסין",
                "sourceId": "105001002DC64C00",
                "sourceName": "Cyprus_Strips",
                "updateDate": "2022-08-10",
                "sourceRes": "0.41",
                "ep90": "8.5",
                "sensors": "GE01",
                "scale": null,
                "publishRes": "0.6",
                "classify": "בלמ\"ס",
                "layer": "Cyprus_Strips",
                "path": "D:/shape/vivid/vivid_all/Cyprus/SHP_Strips/Cyprus_Strips.shp"
            },
            "geometry": {
                "type": "MultiPolygon",
                "coordinates": [
                    [
                        [
                            [
                                32.428050488233566,
                                34.704599529504776
                            ],
                            [
                                32.428420633077621,
                                34.707641154527664
                            ],
                            [
                                32.429402321577072,
                                34.708960801362991
                            ],
                            [
                                32.429343312978745,
                                34.712866097688675
                            ],
                            [
                                32.431640625,
                                34.716582298278809
                            ],
                            [
                                32.431640625,
                                34.716796875
                            ],
                            [
                                32.431855201721191,
                                34.716796875
                            ],
                            [
                                32.431683540344238,
                                34.705810546875
                            ],
                            [
                                32.432650476694107,
                                34.702612012624741
                            ],
                            [
                                32.435230761766434,
                                34.698918610811234
                            ],
                            [
                                32.440066784620285,
                                34.697826951742172
                            ],
                            [
                                32.453059405088425,
                                34.698953479528427
                            ],
                            [
                                32.457643300294876,
                                34.70138356089592
                            ],
                            [
                                32.464005500078201,
                                34.702834635972977
                            ],
                            [
                                32.464136928319931,
                                34.704663902521133
                            ],
                            [
                                32.465617507696152,
                                34.706501215696335
                            ],
                            [
                                32.465740889310837,
                                34.710411876440048
                            ],
                            [
                                32.466446310281754,
                                34.711637645959854
                            ],
                            [
                                32.465500834917371,
                                34.716796875
                            ],
                            [
                                32.465758323669434,
                                34.716796875
                            ],
                            [
                                32.466752082109451,
                                34.716900140047073
                            ],
                            [
                                32.467092722654343,
                                34.718168824911118
                            ],
                            [
                                32.471842914819717,
                                34.718133956193924
                            ],
                            [
                                32.472470551729202,
                                34.719815701246262
                            ],
                            [
                                32.474686056375504,
                                34.719016402959824
                            ],
                            [
                                32.475543022155762,
                                34.716796875
                            ],
                            [
                                32.476229667663574,
                                34.716796875
                            ],
                            [
                                32.477467507123947,
                                34.714867025613785
                            ],
                            [
                                32.479688376188278,
                                34.714177697896957
                            ],
                            [
                                32.483974546194077,
                                34.71399798989296
                            ],
                            [
                                32.490570098161697,
                                34.716200083494186
                            ],
                            [
                                32.498729377985001,
                                34.714134782552719
                            ],
                            [
                                32.501030713319778,
                                34.715167433023453
                            ],
                            [
                                32.510708123445511,
                                34.713528603315353
                            ],
                            [
                                32.515313476324081,
                                34.715899676084518
                            ],
                            [
                                32.51952588558197,
                                34.716796875
                            ],
                            [
                                32.519745826721191,
                                34.716796875
                            ],
                            [
                                32.520160228013992,
                                34.718166142702103
                            ],
                            [
                                32.522947043180466,
                                34.718868881464005
                            ],
                            [
                                32.523651123046875,
                                34.720015525817871
                            ],
                            [
                                32.526903301477432,
                                34.719780832529068
                            ],
                            [
                                32.529628425836563,
                                34.723326712846756
                            ],
                            [
                                32.534220367670059,
                                34.723959714174271
                            ],
                            [
                                32.540359944105148,
                                34.721771031618118
                            ],
                            [
                                32.542980462312698,
                                34.719450920820236
                            ],
                            [
                                32.547212988138199,
                                34.719265848398209
                            ],
                            [
                                32.549747675657272,
                                34.720877856016159
                            ],
                            [
                                32.552724927663803,
                                34.721398204565048
                            ],
                            [
                                32.553907781839371,
                                34.720918089151382
                            ],
                            [
                                32.553988248109818,
                                34.719657450914383
                            ],
                            [
                                32.555479556322098,
                                34.718292206525803
                            ],
                            [
                                32.562832832336426,
                                34.716796875
                            ],
                            [
                                32.567296028137207,
                                34.716796875
                            ],
                            [
                                32.57403239607811,
                                34.717948883771896
                            ],
                            [
                                32.578698098659515,
                                34.716796875
                            ],
                            [
                                32.575341314077377,
                                34.713171869516373
                            ],
                            [
                                32.574818283319473,
                                34.707115441560745
                            ],
                            [
                                32.573243826627731,
                                34.702848047018051
                            ],
                            [
                                32.575075775384903,
                                34.694570749998093
                            ],
                            [
                                32.576982825994492,
                                34.693235009908676
                            ],
                            [
                                32.57689967751503,
                                34.688702076673508
                            ],
                            [
                                32.576293498277664,
                                34.687079340219498
                            ],
                            [
                                32.575325220823288,
                                34.686660915613174
                            ],
                            [
                                32.576722651720047,
                                34.683879464864731
                            ],
                            [
                                32.576473206281662,
                                34.679797142744064
                            ],
                            [
                                32.578667253255844,
                                34.673381298780441
                            ],
                            [
                                32.5784070789814,
                                34.67141792178154
                            ],
                            [
                                32.569577246904373,
                                34.672689288854599
                            ],
                            [
                                32.568732351064682,
                                34.66954842209816
                            ],
                            [
                                32.567259818315506,
                                34.668727666139603
                            ],
                            [
                                32.566224485635757,
                                34.665576070547104
                            ],
                            [
                                32.5634765625,
                                34.661892056465149
                            ],
                            [
                                32.559356689453125,
                                34.662702083587646
                            ],
                            [
                                32.550992220640182,
                                34.662016779184341
                            ],
                            [
                                32.538632601499557,
                                34.662628322839737
                            ],
                            [
                                32.532613724470139,
                                34.66192826628685
                            ],
                            [
                                32.52227783203125,
                                34.663045406341553
                            ],
                            [
                                32.51953125,
                                34.661897420883179
                            ],
                            [
                                32.519381046295166,
                                34.661894738674164
                            ],
                            [
                                32.484970986843109,
                                34.661889374256134
                            ],
                            [
                                32.431640625,
                                34.66185450553894
                            ],
                            [
                                32.431640625,
                                34.697023630142212
                            ],
                            [
                                32.431640625,
                                34.697098731994629
                            ],
                            [
                                32.430539578199387,
                                34.698062986135483
                            ],
                            [
                                32.428050488233566,
                                34.704599529504776
                            ]
                        ]
                    ],
                    [
                        [
                            [
                                32.593880742788315,
                                34.66242715716362
                            ],
                            [
                                32.594899982213974,
                                34.663897007703781
                            ],
                            [
                                32.594521790742874,
                                34.664610475301743
                            ],
                            [
                                32.595905810594559,
                                34.665989130735397
                            ],
                            [
                                32.596407383680344,
                                34.668341428041458
                            ],
                            [
                                32.592744827270508,
                                34.6728515625
                            ],
                            [
                                32.593891471624374,
                                34.674676805734634
                            ],
                            [
                                32.594317942857742,
                                34.677863270044327
                            ],
                            [
                                32.596887499094009,
                                34.681304544210434
                            ],
                            [
                                32.59712353348732,
                                34.688197821378708
                            ],
                            [
                                32.598689943552017,
                                34.689860790967941
                            ],
                            [
                                32.598762363195419,
                                34.692956060171127
                            ],
                            [
                                32.600623816251755,
                                34.69675675034523
                            ],
                            [
                                32.599660903215408,
                                34.699235111474991
                            ],
                            [
                                32.600189298391342,
                                34.70474436879158
                            ],
                            [
                                32.598260790109634,
                                34.711600095033646
                            ],
                            [
                                32.598290294408798,
                                34.714518338441849
                            ],
                            [
                                32.595948725938797,
                                34.716497808694839
                            ],
                            [
                                32.592908442020416,
                                34.716796875
                            ],
                            [
                                32.593376487493515,
                                34.719158560037613
                            ],
                            [
                                32.596436887979507,
                                34.722696393728256
                            ],
                            [
                                32.597153037786484,
                                34.72497895359993
                            ],
                            [
                                32.59413555264473,
                                34.736265689134598
                            ],
                            [
                                32.593870013952255,
                                34.740769118070602
                            ],
                            [
                                32.594999223947525,
                                34.744011908769608
                            ],
                            [
                                32.594347447156906,
                                34.751087576150894
                            ],
                            [
                                32.59486511349678,
                                34.754453748464584
                            ],
                            [
                                32.593010365962982,
                                34.7607421875
                            ],
                            [
                                32.596047967672348,
                                34.763232618570328
                            ],
                            [
                                32.598711401224136,
                                34.77028414607048
                            ],
                            [
                                32.600436061620712,
                                34.771182686090469
                            ],
                            [
                                32.599800378084183,
                                34.776480048894882
                            ],
                            [
                                32.597837001085281,
                                34.781801551580429
                            ],
                            [
                                32.597890645265579,
                                34.784234315156937
                            ],
                            [
                                32.594912052154541,
                                34.789581298828125
                            ],
                            [
                                32.596182078123093,
                                34.797736555337906
                            ],
                            [
                                32.593778818845749,
                                34.801582843065262
                            ],
                            [
                                32.593098878860474,
                                34.8046875
                            ],
                            [
                                32.595276832580566,
                                34.8046875
                            ],
                            [
                                32.598223239183426,
                                34.803548902273178
                            ],
                            [
                                32.601334601640701,
                                34.804474264383316
                            ],
                            [
                                32.604167014360428,
                                34.803339689970016
                            ],
                            [
                                32.60741651058197,
                                34.8046875
                            ],
                            [
                                32.609459012746811,
                                34.803347736597061
                            ],
                            [
                                32.610180526971817,
                                34.804399162530899
                            ],
                            [
                                32.612099647521973,
                                34.8046875
                            ],
                            [
                                32.613859176635742,
                                34.8046875
                            ],
                            [
                                32.612621337175369,
                                34.808712154626846
                            ],
                            [
                                32.613549381494522,
                                34.81262281537056
                            ],
                            [
                                32.612615972757339,
                                34.819424897432327
                            ],
                            [
                                32.61247918009758,
                                34.828702658414841
                            ],
                            [
                                32.613193988800049,
                                34.830114841461182
                            ],
                            [
                                32.611170262098312,
                                34.830711632966995
                            ],
                            [
                                32.607421875,
                                34.830063879489899
                            ],
                            [
                                32.605218440294266,
                                34.833817631006241
                            ],
                            [
                                32.604775875806808,
                                34.837671965360641
                            ],
                            [
                                32.601069062948227,
                                34.842253178358078
                            ],
                            [
                                32.598278224468231,
                                34.8486328125
                            ],
                            [
                                32.599567025899887,
                                34.850742369890213
                            ],
                            [
                                32.600283175706863,
                                34.854741543531418
                            ],
                            [
                                32.600103467702866,
                                34.862364381551743
                            ],
                            [
                                32.602061480283737,
                                34.865891486406326
                            ],
                            [
                                32.600529938936234,
                                34.869987219572067
                            ],
                            [
                                32.600132972002029,
                                34.880745559930801
                            ],
                            [
                                32.59910836815834,
                                34.881662875413895
                            ],
                            [
                                32.600060552358627,
                                34.883738905191422
                            ],
                            [
                                32.598237991333008,
                                34.892578125
                            ],
                            [
                                32.598925977945328,
                                34.896951466798782
                            ],
                            [
                                32.598349303007126,
                                34.900703877210617
                            ],
                            [
                                32.59937658905983,
                                34.902087897062302
                            ],
                            [
                                32.599038630723953,
                                34.904823750257492
                            ],
                            [
                                32.600969821214676,
                                34.906398206949234
                            ],
                            [
                                32.601825445890427,
                                34.910966008901596
                            ],
                            [
                                32.602871507406235,
                                34.912545830011368
                            ],
                            [
                                32.601495534181595,
                                34.917338937520981
                            ],
                            [
                                32.602396756410599,
                                34.919141381978989
                            ],
                            [
                                32.602469176054001,
                                34.925653785467148
                            ],
                            [
                                32.59967565536499,
                                34.932403564453125
                            ],
                            [
                                32.599752098321915,
                                34.934993237257004
                            ],
                            [
                                32.598356008529663,
                                34.9365234375
                            ],
                            [
                                32.599312216043472,
                                34.938552528619766
                            ],
                            [
                                32.600430697202682,
                                34.947701543569565
                            ],
                            [
                                32.599221020936966,
                                34.953913539648056
                            ],
                            [
                                32.600079327821732,
                                34.957743734121323
                            ],
                            [
                                32.59948655962944,
                                34.960396438837051
                            ],
                            [
                                32.60035827755928,
                                34.962096959352493
                            ],
                            [
                                32.600521892309189,
                                34.968534260988235
                            ],
                            [
                                32.599634081125259,
                                34.971251338720322
                            ],
                            [
                                32.60037437081337,
                                34.976304620504379
                            ],
                            [
                                32.599298804998398,
                                34.979531317949295
                            ],
                            [
                                32.598170936107635,
                                34.98046875
                            ],
                            [
                                32.599121779203415,
                                34.988830536603928
                            ],
                            [
                                32.600213438272476,
                                34.991998225450516
                            ],
                            [
                                32.601020783185959,
                                35.002826303243637
                            ],
                            [
                                32.600044459104538,
                                35.008676201105118
                            ],
                            [
                                32.600814253091812,
                                35.011414736509323
                            ],
                            [
                                32.600159794092178,
                                35.015585571527481
                            ],
                            [
                                32.600685507059097,
                                35.016698688268661
                            ],
                            [
                                32.598028779029846,
                                35.0244140625
                            ],
                            [
                                32.598944753408432,
                                35.025555342435837
                            ],
                            [
                                32.598561197519302,
                                35.031480342149734
                            ],
                            [
                                32.599980086088181,
                                35.03671333193779
                            ],
                            [
                                32.599652856588364,
                                35.047906190156937
                            ],
                            [
                                32.60075256228447,
                                35.049893707036972
                            ],
                            [
                                32.599666267633438,
                                35.052959471940994
                            ],
                            [
                                32.599784284830093,
                                35.061580091714859
                            ],
                            [
                                32.598028779029846,
                                35.068359375
                            ],
                            [
                                32.593294680118561,
                                35.068359375
                            ],
                            [
                                32.595946043729782,
                                35.07378950715065
                            ],
                            [
                                32.595849484205246,
                                35.07929340004921
                            ],
                            [
                                32.596584409475327,
                                35.081251412630081
                            ],
                            [
                                32.595696598291397,
                                35.086293965578079
                            ],
                            [
                                32.595830708742142,
                                35.094579309225082
                            ],
                            [
                                32.594025582075119,
                                35.097272247076035
                            ],
                            [
                                32.593593746423721,
                                35.099527984857559
                            ],
                            [
                                32.594395726919174,
                                35.105672925710678
                            ],
                            [
                                32.594076544046402,
                                35.110683292150497
                            ],
                            [
                                32.592523545026779,
                                35.112289935350418
                            ],
                            [
                                32.592558413743973,
                                35.113327950239182
                            ],
                            [
                                32.596785575151443,
                                35.118622630834579
                            ],
                            [
                                32.598048895597458,
                                35.12708768248558
                            ],
                            [
                                32.596959918737411,
                                35.133702009916306
                            ],
                            [
                                32.597257643938065,
                                35.136952847242355
                            ],
                            [
                                32.595586627721786,
                                35.140927881002426
                            ],
                            [
                                32.596152573823929,
                                35.145696848630905
                            ],
                            [
                                32.594360858201981,
                                35.149929374456406
                            ],
                            [
                                32.5936259329319,
                                35.154878050088882
                            ],
                            [
                                32.592420279979706,
                                35.15625
                            ],
                            [
                                32.596292048692703,
                                35.156669765710831
                            ],
                            [
                                32.597316652536392,
                                35.157474428415298
                            ],
                            [
                                32.599180787801743,
                                35.16605481505394
                            ],
                            [
                                32.5987409055233,
                                35.167825073003769
                            ],
                            [
                                32.59749099612236,
                                35.168699473142624
                            ],
                            [
                                32.595203071832657,
                                35.172784477472305
                            ],
                            [
                                32.59374663233757,
                                35.177228897809982
                            ],
                            [
                                32.593617886304855,
                                35.187292546033859
                            ],
                            [
                                32.592547684907913,
                                35.19040122628212
                            ],
                            [
                                32.5928695499897,
                                35.196677595376968
                            ],
                            [
                                32.591784596443176,
                                35.2001953125
                            ],
                            [
                                32.592121213674545,
                                35.202731341123581
                            ],
                            [
                                32.596174031496048,
                                35.207564681768417
                            ],
                            [
                                32.604931443929672,
                                35.208439081907272
                            ],
                            [
                                32.607421875,
                                35.209389925003052
                            ],
                            [
                                32.623727023601532,
                                35.209636688232422
                            ],
                            [
                                32.624196410179138,
                                35.209636688232422
                            ],
                            [
                                32.62639582157135,
                                35.209676921367645
                            ],
                            [
                                32.627077102661133,
                                35.20967960357666
                            ],
                            [
                                32.62926310300827,
                                35.209719836711884
                            ],
                            [
                                32.629960477352142,
                                35.209722518920898
                            ],
                            [
                                32.63215184211731,
                                35.209762752056122
                            ],
                            [
                                32.632854580879211,
                                35.209765434265137
                            ],
                            [
                                32.634332478046417,
                                35.209794938564301
                            ],
                            [
                                32.641526162624359,
                                35.209894180297852
                            ],
                            [
                                32.641775608062744,
                                35.209904909133911
                            ],
                            [
                                32.642481029033661,
                                35.209907591342926
                            ],
                            [
                                32.642550766468048,
                                35.209915637969971
                            ],
                            [
                                32.644406855106354,
                                35.20993709564209
                            ],
                            [
                                32.644667029380798,
                                35.209947824478149
                            ],
                            [
                                32.649218738079071,
                                35.210006833076477
                            ],
                            [
                                32.649283111095428,
                                35.210014879703522
                            ],
                            [
                                32.651166021823883,
                                35.210036337375641
                            ],
                            [
                                32.651415467262268,
                                35.2100470662117
                            ],
                            [
                                32.652120888233185,
                                35.210049748420715
                            ],
                            [
                                32.652169167995453,
                                35.21005779504776
                            ],
                            [
                                32.655985951423645,
                                35.210106074810028
                            ],
                            [
                                32.656023502349854,
                                35.210114121437073
                            ],
                            [
                                32.658880054950714,
                                35.210148990154266
                            ],
                            [
                                32.659137547016144,
                                35.210159718990326
                            ],
                            [
                                32.663716077804565,
                                35.210218727588654
                            ],
                            [
                                32.66373485326767,
                                35.210226774215698
                            ],
                            [
                                32.675321996212006,
                                35.210387706756592
                            ],
                            [
                                32.675571441650391,
                                35.210398435592651
                            ],
                            [
                                32.677247822284698,
                                35.210414528846741
                            ],
                            [
                                32.677263915538788,
                                35.210422575473785
                            ],
                            [
                                32.682094573974609,
                                35.210484266281128
                            ],
                            [
                                32.682105302810669,
                                35.210492312908173
                            ],
                            [
                                32.687880098819733,
                                35.21056741476059
                            ],
                            [
                                32.687920331954956,
                                35.210575461387634
                            ],
                            [
                                32.692748308181763,
                                35.210637152194977
                            ],
                            [
                                32.692796587944031,
                                35.210645198822021
                            ],
                            [
                                32.693716585636139,
                                35.210650563240051
                            ],
                            [
                                32.693738043308258,
                                35.210658609867096
                            ],
                            [
                                32.697595059871674,
                                35.210706889629364
                            ],
                            [
                                32.697857916355133,
                                35.210717618465424
                            ],
                            [
                                32.700515985488892,
                                35.210747122764587
                            ],
                            [
                                32.700529396533966,
                                35.210755169391632
                            ],
                            [
                                32.705365419387817,
                                35.210816860198975
                            ],
                            [
                                32.705625593662262,
                                35.210827589035034
                            ],
                            [
                                32.70828902721405,
                                35.210857093334198
                            ],
                            [
                                32.708297073841095,
                                35.210865139961243
                            ],
                            [
                                32.739485800266266,
                                35.211299657821655
                            ],
                            [
                                32.739461660385132,
                                35.201281607151031
                            ],
                            [
                                32.739464342594147,
                                35.201252102851868
                            ],
                            [
                                32.740703523159027,
                                35.201257467269897
                            ],
                            [
                                32.740963697433472,
                                35.201268196105957
                            ],
                            [
                                32.741974890232086,
                                35.201270878314972
                            ],
                            [
                                32.742878794670105,
                                35.201286971569061
                            ],
                            [
                                32.74376392364502,
                                35.201286971569061
                            ],
                            [
                                32.744026780128479,
                                35.201297700405121
                            ],
                            [
                                32.745046019554138,
                                35.201300382614136
                            ],
                            [
                                32.745955288410187,
                                35.201316475868225
                            ],
                            [
                                32.746810913085938,
                                35.201316475868225
                            ],
                            [
                                32.747087180614471,
                                35.201327204704285
                            ],
                            [
                                32.748154699802399,
                                35.2013298869133
                            ],
                            [
                                32.749077379703522,
                                35.201345980167389
                            ],
                            [
                                32.74987131357193,
                                35.201345980167389
                            ],
                            [
                                32.750150263309479,
                                35.201356709003448
                            ],
                            [
                                32.751303613185883,
                                35.201359391212463
                            ],
                            [
                                32.751394808292389,
                                35.201367437839508
                            ],
                            [
                                32.752918303012848,
                                35.201375484466553
                            ],
                            [
                                32.753266990184784,
                                35.201386213302612
                            ],
                            [
                                32.754428386688232,
                                35.201388895511627
                            ],
                            [
                                32.754428386688232,
                                35.201396942138672
                            ],
                            [
                                32.75747537612915,
                                35.201418399810791
                            ],
                            [
                                32.757531702518463,
                                35.201426446437836
                            ],
                            [
                                32.760508954524994,
                                35.201447904109955
                            ],
                            [
                                32.760820090770721,
                                35.201458632946014
                            ],
                            [
                                32.761968076229095,
                                35.201461315155029
                            ],
                            [
                                32.762035131454468,
                                35.201469361782074
                            ],
                            [
                                32.763558626174927,
                                35.201477408409119
                            ],
                            [
                                32.764242589473724,
                                35.201490819454193
                            ],
                            [
                                32.765068709850311,
                                35.201490819454193
                            ],
                            [
                                32.765103578567505,
                                35.201498866081238
                            ],
                            [
                                32.768102288246155,
                                35.201520323753357
                            ],
                            [
                                32.768418788909912,
                                35.201531052589417
                            ],
                            [
                                32.769609689712524,
                                35.201533734798431
                            ],
                            [
                                32.769609689712524,
                                35.201541781425476
                            ],
                            [
                                32.772643268108368,
                                35.201563239097595
                            ],
                            [
                                32.77296781539917,
                                35.201573967933655
                            ],
                            [
                                32.774153351783752,
                                35.20157665014267
                            ],
                            [
                                32.774153351783752,
                                35.201584696769714
                            ],
                            [
                                32.777186930179596,
                                35.201606154441833
                            ],
                            [
                                32.777514159679413,
                                35.201616883277893
                            ],
                            [
                                32.778694331645966,
                                35.201619565486908
                            ],
                            [
                                32.778694331645966,
                                35.201627612113953
                            ],
                            [
                                32.781714498996735,
                                35.201649069786072
                            ],
                            [
                                32.782057821750641,
                                35.201659798622131
                            ],
                            [
                                32.783224582672119,
                                35.201662480831146
                            ],
                            [
                                32.783224582672119,
                                35.201670527458191
                            ],
                            [
                                32.789227366447449,
                                35.201718807220459
                            ],
                            [
                                32.789246141910553,
                                35.201726853847504
                            ],
                            [
                                32.791491150856018,
                                35.201748311519623
                            ],
                            [
                                32.795251607894897,
                                35.201775133609772
                            ],
                            [
                                32.795259654521942,
                                35.201783180236816
                            ],
                            [
                                32.799763083457947,
                                35.20181804895401
                            ],
                            [
                                32.800149321556091,
                                35.20182877779007
                            ],
                            [
                                32.801275849342346,
                                35.201831459999084
                            ],
                            [
                                32.801275849342346,
                                35.201839506626129
                            ],
                            [
                                32.802625000476837,
                                35.201844871044159
                            ],
                            [
                                32.805033624172211,
                                35.201874375343323
                            ],
                            [
                                32.816266715526581,
                                35.201970934867859
                            ],
                            [
                                32.816652953624725,
                                35.201981663703918
                            ],
                            [
                                32.819265425205231,
                                35.201997756958008
                            ],
                            [
                                32.819289565086365,
                                35.202005803585052
                            ],
                            [
                                32.820762097835541,
                                35.202011168003082
                            ],
                            [
                                32.820762097835541,
                                35.202019214630127
                            ],
                            [
                                32.822132706642151,
                                35.202024579048157
                            ],
                            [
                                32.822258770465851,
                                35.202032625675201
                            ],
                            [
                                32.827481031417847,
                                35.202080905437469
                            ],
                            [
                                32.853774726390839,
                                35.202314257621765
                            ],
                            [
                                32.8537318110466,
                                35.241198241710663
                            ],
                            [
                                32.8537318110466,
                                35.244140625
                            ],
                            [
                                32.87109375,
                                35.244140625
                            ],
                            [
                                32.87109375,
                                35.425495505332947
                            ],
                            [
                                32.90879487991333,
                                35.425640344619751
                            ],
                            [
                                32.910956740379333,
                                35.425640344619751
                            ],
                            [
                                32.911892831325531,
                                35.425651073455811
                            ],
                            [
                                32.923396825790405,
                                35.425683259963989
                            ],
                            [
                                32.924373149871826,
                                35.425693988800049
                            ],
                            [
                                32.927573025226593,
                                35.425696671009064
                            ],
                            [
                                32.927573025226593,
                                35.425704717636108
                            ],
                            [
                                32.958984375,
                                35.425801277160645
                            ],
                            [
                                32.958984375,
                                35.419921875
                            ],
                            [
                                33.000660538673401,
                                35.419921875
                            ],
                            [
                                32.999688237905502,
                                35.404184013605118
                            ],
                            [
                                33.00011470913887,
                                35.399817377328873
                            ],
                            [
                                32.999371737241745,
                                35.395303219556808
                            ],
                            [
                                33.000647127628326,
                                35.37935882806778
                            ],
                            [
                                33.000647127628326,
                                35.3759765625
                            ],
                            [
                                32.997244745492935,
                                35.367199033498764
                            ],
                            [
                                32.997850924730301,
                                35.362212806940079
                            ],
                            [
                                32.996837049722672,
                                35.350116044282913
                            ],
                            [
                                32.99686387181282,
                                35.346728414297104
                            ],
                            [
                                33.000342696905136,
                                35.336560159921646
                            ],
                            [
                                32.999639958143234,
                                35.333631187677383
                            ],
                            [
                                33.000628352165222,
                                35.33203125
                            ],
                            [
                                32.999760657548904,
                                35.331426411867142
                            ],
                            [
                                32.998593896627426,
                                35.327826887369156
                            ],
                            [
                                32.99963191151619,
                                35.315429717302322
                            ],
                            [
                                32.99811378121376,
                                35.31449630856514
                            ],
                            [
                                32.997842878103256,
                                35.313265174627304
                            ],
                            [
                                32.998647540807724,
                                35.29689833521843
                            ],
                            [
                                33.000577390193939,
                                35.2880859375
                            ],
                            [
                                32.998277395963669,
                                35.28265044093132
                            ],
                            [
                                32.997928708791733,
                                35.275462120771408
                            ],
                            [
                                32.999154478311539,
                                35.270475894212723
                            ],
                            [
                                32.998505383729935,
                                35.258105546236038
                            ],
                            [
                                32.99762561917305,
                                35.255973190069199
                            ],
                            [
                                33.00010934472084,
                                35.249307900667191
                            ],
                            [
                                33.000496923923492,
                                35.244140625
                            ],
                            [
                                32.99825057387352,
                                35.242704302072525
                            ],
                            [
                                32.998961359262466,
                                35.234526246786118
                            ],
                            [
                                32.997727543115616,
                                35.230556577444077
                            ],
                            [
                                32.99873873591423,
                                35.222480446100235
                            ],
                            [
                                32.997912615537643,
                                35.213291198015213
                            ],
                            [
                                32.999674826860428,
                                35.211319774389267
                            ],
                            [
                                33.000443279743195,
                                35.2001953125
                            ],
                            [
                                32.998336404561996,
                                35.191535800695419
                            ],
                            [
                                32.998062819242477,
                                35.185806602239609
                            ],
                            [
                                32.997083812952042,
                                35.184017568826675
                            ],
                            [
                                32.997596114873886,
                                35.17678365111351
                            ],
                            [
                                32.998666316270828,
                                35.174474269151688
                            ],
                            [
                                32.998730689287186,
                                35.168774574995041
                            ],
                            [
                                33.000181764364243,
                                35.166593939065933
                            ],
                            [
                                32.999859899282455,
                                35.162283629179001
                            ],
                            [
                                32.998317629098892,
                                35.158356875181198
                            ],
                            [
                                33.000384271144867,
                                35.15625
                            ],
                            [
                                32.998601943254471,
                                35.155293792486191
                            ],
                            [
                                33.000034242868423,
                                35.152549892663956
                            ],
                            [
                                32.998593896627426,
                                35.149969607591629
                            ],
                            [
                                32.999414652585983,
                                35.14731153845787
                            ],
                            [
                                32.998357862234116,
                                35.134276002645493
                            ],
                            [
                                33.000192493200302,
                                35.132269710302353
                            ],
                            [
                                33.000313192605972,
                                35.129555314779282
                            ],
                            [
                                32.998105734586716,
                                35.125891417264938
                            ],
                            [
                                32.998803108930588,
                                35.119075924158096
                            ],
                            [
                                32.99812451004982,
                                35.117552429437637
                            ],
                            [
                                32.999629229307175,
                                35.115336924791336
                            ],
                            [
                                33.00030916929245,
                                35.1123046875
                            ],
                            [
                                33.000285029411316,
                                35.097013413906097
                            ],
                            [
                                32.999527305364609,
                                35.095542222261429
                            ],
                            [
                                32.99987331032753,
                                35.09102001786232
                            ],
                            [
                                32.99887552857399,
                                35.088407546281815
                            ],
                            [
                                33.000168353319168,
                                35.084767788648605
                            ],
                            [
                                33.000138849020004,
                                35.074272304773331
                            ],
                            [
                                32.999285906553268,
                                35.070731788873672
                            ],
                            [
                                33.000239431858063,
                                35.068359375
                            ],
                            [
                                33.000018149614334,
                                35.064122825860977
                            ],
                            [
                                32.99623891711235,
                                35.059933215379715
                            ],
                            [
                                32.99563005566597,
                                35.055604130029678
                            ],
                            [
                                32.994712740182877,
                                35.054633170366287
                            ],
                            [
                                32.994605451822281,
                                35.050601810216904
                            ],
                            [
                                32.995337694883347,
                                35.04831925034523
                            ],
                            [
                                32.994294315576553,
                                35.046232491731644
                            ],
                            [
                                32.996051162481308,
                                35.040927082300186
                            ],
                            [
                                32.995943874120712,
                                35.038413852453232
                            ],
                            [
                                32.997813373804092,
                                35.03409281373024
                            ],
                            [
                                32.998101711273193,
                                35.02716064453125
                            ],
                            [
                                33.000156283378601,
                                35.0244140625
                            ],
                            [
                                32.999234944581985,
                                35.021706372499466
                            ],
                            [
                                32.997512966394424,
                                35.019651800394058
                            ],
                            [
                                32.998314946889877,
                                35.010320395231247
                            ],
                            [
                                32.997534424066544,
                                35.007874220609665
                            ],
                            [
                                32.998170107603073,
                                35.005489736795425
                            ],
                            [
                                32.996233552694321,
                                35.001750737428665
                            ],
                            [
                                32.996576875448227,
                                34.998440891504288
                            ],
                            [
                                32.995809763669968,
                                34.995777457952499
                            ],
                            [
                                32.997035533189774,
                                34.985244423151016
                            ],
                            [
                                32.999165207147598,
                                34.982953816652298
                            ],
                            [
                                33.000040948390961,
                                34.98046875
                            ],
                            [
                                32.999336868524551,
                                34.974129348993301
                            ],
                            [
                                32.998398095369339,
                                34.972798973321915
                            ],
                            [
                                32.998309582471848,
                                34.968523532152176
                            ],
                            [
                                32.999987304210663,
                                34.964906573295593
                            ],
                            [
                                32.999910861253738,
                                34.958298951387405
                            ],
                            [
                                32.998049408197403,
                                34.951960891485214
                            ],
                            [
                                32.999336868524551,
                                34.948846846818924
                            ],
                            [
                                32.99887016415596,
                                34.947642534971237
                            ],
                            [
                                32.999900132417679,
                                34.946371167898178
                            ],
                            [
                                32.999371737241745,
                                34.943241029977798
                            ],
                            [
                                32.999928295612335,
                                34.9365234375
                            ],
                            [
                                32.997845560312271,
                                34.93222787976265
                            ],
                            [
                                32.998164743185043,
                                34.927375763654709
                            ],
                            [
                                32.997301071882248,
                                34.922579973936081
                            ],
                            [
                                32.999162524938583,
                                34.904322177171707
                            ],
                            [
                                32.997732907533646,
                                34.898641258478165
                            ],
                            [
                                32.998835295438766,
                                34.896393567323685
                            ],
                            [
                                32.998872846364975,
                                34.893641620874405
                            ],
                            [
                                32.99993097782135,
                                34.892578125
                            ],
                            [
                                32.998530864715576,
                                34.888458251953125
                            ],
                            [
                                32.999454885721207,
                                34.879812151193619
                            ],
                            [
                                32.998524159193039,
                                34.878838509321213
                            ],
                            [
                                32.998561710119247,
                                34.876588135957718
                            ],
                            [
                                32.997840195894241,
                                34.875780791044235
                            ],
                            [
                                32.998958677053452,
                                34.871808439493179
                            ],
                            [
                                32.997864335775375,
                                34.87079992890358
                            ],
                            [
                                32.998188883066177,
                                34.869230836629868
                            ],
                            [
                                32.996985912322998,
                                34.8651123046875
                            ],
                            [
                                32.998231798410416,
                                34.860993772745132
                            ],
                            [
                                32.998274713754654,
                                34.856712967157364
                            ],
                            [
                                32.999885380268097,
                                34.854206442832947
                            ],
                            [
                                32.999884039163589,
                                34.848626106977463
                            ],
                            [
                                32.997314482927322,
                                34.847016781568527
                            ],
                            [
                                32.995828539133072,
                                34.844516962766647
                            ],
                            [
                                32.995061427354813,
                                34.84108105301857
                            ],
                            [
                                32.995782941579819,
                                34.828651696443558
                            ],
                            [
                                32.994795888662338,
                                34.82747420668602
                            ],
                            [
                                32.994433790445328,
                                34.820210784673691
                            ],
                            [
                                32.994841486215591,
                                34.816780239343643
                            ],
                            [
                                32.997054308652878,
                                34.812652319669724
                            ],
                            [
                                32.997427135705948,
                                34.808360785245895
                            ],
                            [
                                32.999882698059082,
                                34.8046875
                            ],
                            [
                                32.996064573526382,
                                34.801102727651596
                            ],
                            [
                                32.991793155670166,
                                34.7991943359375
                            ],
                            [
                                32.991520911455154,
                                34.795132130384445
                            ],
                            [
                                32.989852577447891,
                                34.791377037763596
                            ],
                            [
                                32.988964766263962,
                                34.783308953046799
                            ],
                            [
                                32.989447563886642,
                                34.780339747667313
                            ],
                            [
                                32.993473559617996,
                                34.774554222822189
                            ],
                            [
                                32.996069937944412,
                                34.773207753896713
                            ],
                            [
                                32.997502237558365,
                                34.770337790250778
                            ],
                            [
                                32.997842878103256,
                                34.767119139432907
                            ],
                            [
                                32.999648004770279,
                                34.764461070299149
                            ],
                            [
                                32.999869287014008,
                                34.760133326053619
                            ],
                            [
                                32.9864501953125,
                                34.759170413017273
                            ],
                            [
                                32.985076904296875,
                                34.758191406726837
                            ],
                            [
                                32.984808683395386,
                                34.751129150390625
                            ],
                            [
                                32.985730022192001,
                                34.739379733800888
                            ],
                            [
                                32.985208332538605,
                                34.73876953125
                            ],
                            [
                                32.985901683568954,
                                34.737944751977921
                            ],
                            [
                                32.985232472419739,
                                34.737396240234375
                            ],
                            [
                                32.985197603702545,
                                34.73052978515625
                            ],
                            [
                                32.985511422157288,
                                34.720916748046875
                            ],
                            [
                                32.986067980527878,
                                34.72035750746727
                            ],
                            [
                                32.98533171415329,
                                34.71954345703125
                            ],
                            [
                                32.985227108001709,
                                34.716796875
                            ],
                            [
                                32.985405474901199,
                                34.713858515024185
                            ],
                            [
                                32.987339347600937,
                                34.70974937081337
                            ],
                            [
                                32.986585646867752,
                                34.699296802282333
                            ],
                            [
                                32.987473458051682,
                                34.693130403757095
                            ],
                            [
                                32.988683134317398,
                                34.690686911344528
                            ],
                            [
                                32.986456900835037,
                                34.680532068014145
                            ],
                            [
                                32.985833287239075,
                                34.6728515625
                            ],
                            [
                                32.986532002687454,
                                34.672482758760452
                            ],
                            [
                                32.986660748720169,
                                34.668505042791367
                            ],
                            [
                                32.988709956407547,
                                34.663033336400986
                            ],
                            [
                                32.98862412571907,
                                34.660458415746689
                            ],
                            [
                                32.990163713693619,
                                34.658811539411545
                            ],
                            [
                                32.989200800657272,
                                34.650220423936844
                            ],
                            [
                                32.989726513624191,
                                34.647337049245834
                            ],
                            [
                                32.988897711038589,
                                34.643783122301102
                            ],
                            [
                                32.989090830087662,
                                34.631485193967819
                            ],
                            [
                                32.98595130443573,
                                34.62890625
                            ],
                            [
                                32.986432760953903,
                                34.627767652273178
                            ],
                            [
                                32.987824827432632,
                                34.62746724486351
                            ],
                            [
                                32.988331764936447,
                                34.626075178384781
                            ],
                            [
                                32.989206165075302,
                                34.626008123159409
                            ],
                            [
                                32.991131991147995,
                                34.622717052698135
                            ],
                            [
                                32.991528958082199,
                                34.616038352251053
                            ],
                            [
                                32.993457466363907,
                                34.613919407129288
                            ],
                            [
                                32.993827611207962,
                                34.612138420343399
                            ],
                            [
                                32.99587145447731,
                                34.610818773508072
                            ],
                            [
                                32.996367663145065,
                                34.602984040975571
                            ],
                            [
                                32.998019903898239,
                                34.601200371980667
                            ],
                            [
                                32.99981564283371,
                                34.601099789142609
                            ],
                            [
                                32.999393194913864,
                                34.592630714178085
                            ],
                            [
                                32.99848660826683,
                                34.592451006174088
                            ],
                            [
                                32.997928708791733,
                                34.589001685380936
                            ],
                            [
                                32.999791502952576,
                                34.5849609375
                            ],
                            [
                                32.999084740877151,
                                34.582491964101791
                            ],
                            [
                                32.999513894319534,
                                34.577108770608902
                            ],
                            [
                                32.998934537172318,
                                34.570523947477341
                            ],
                            [
                                32.99749419093132,
                                34.569644182920456
                            ],
                            [
                                32.997309118509293,
                                34.568573981523514
                            ],
                            [
                                32.999756634235382,
                                34.541015625
                            ],
                            [
                                32.87109375,
                                34.541015625
                            ],
                            [
                                32.87109375,
                                34.62890625
                            ],
                            [
                                32.863414585590363,
                                34.62890625
                            ],
                            [
                                32.738359272480011,
                                34.62890625
                            ],
                            [
                                32.738324403762817,
                                34.612611830234528
                            ],
                            [
                                32.6953125,
                                34.612158536911011
                            ],
                            [
                                32.6953125,
                                34.62890625
                            ],
                            [
                                32.59281188249588,
                                34.62890625
                            ],
                            [
                                32.592803835868835,
                                34.636255502700806
                            ],
                            [
                                32.593456953763962,
                                34.647345095872879
                            ],
                            [
                                32.592842727899551,
                                34.656271487474442
                            ],
                            [
                                32.593880742788315,
                                34.66242715716362
                            ]
                        ]
                    ],
                    [
                        [
                            [
                                33.373671323060989,
                                34.826074093580246
                            ],
                            [
                                33.368467837572098,
                                34.827388375997543
                            ],
                            [
                                33.364366739988327,
                                34.829593151807785
                            ],
                            [
                                33.358197659254074,
                                34.830625802278519
                            ],
                            [
                                33.3544921875,
                                34.832799732685089
                            ],
                            [
                                33.340784758329391,
                                34.832071512937546
                            ],
                            [
                                33.337458819150925,
                                34.82921227812767
                            ],
                            [
                                33.334948271512985,
                                34.829813092947006
                            ],
                            [
                                33.333513289690018,
                                34.831183701753616
                            ],
                            [
                                33.328186422586441,
                                34.831679910421371
                            ],
                            [
                                33.326649516820908,
                                34.832712560892105
                            ],
                            [
                                33.322505503892899,
                                34.832074195146561
                            ],
                            [
                                33.317913562059402,
                                34.832768887281418
                            ],
                            [
                                33.313249200582504,
                                34.831741601228714
                            ],
                            [
                                33.310546875,
                                34.832799732685089
                            ],
                            [
                                33.310204893350601,
                                34.831846207380295
                            ],
                            [
                                33.304540067911148,
                                34.831645041704178
                            ],
                            [
                                33.302144855260849,
                                34.83021005988121
                            ],
                            [
                                33.299116641283035,
                                34.832229763269424
                            ],
                            [
                                33.292928785085678,
                                34.832581132650375
                            ],
                            [
                                33.289938122034073,
                                34.830223470926285
                            ],
                            [
                                33.287210315465927,
                                34.829684346914291
                            ],
                            [
                                33.281819075345993,
                                34.829786270856857
                            ],
                            [
                                33.280182927846909,
                                34.830539971590042
                            ],
                            [
                                33.274528831243515,
                                34.830075949430466
                            ],
                            [
                                33.271763473749161,
                                34.831937402486801
                            ],
                            [
                                33.267391473054886,
                                34.832036644220352
                            ],
                            [
                                33.2666015625,
                                34.832762181758881
                            ],
                            [
                                33.255632668733597,
                                34.832028597593307
                            ],
                            [
                                33.252974599599838,
                                34.830070585012436
                            ],
                            [
                                33.249152451753616,
                                34.829754084348679
                            ],
                            [
                                33.24175626039505,
                                34.832732677459717
                            ],
                            [
                                33.242243081331253,
                                34.838814586400986
                            ],
                            [
                                33.241525590419769,
                                34.8486328125
                            ],
                            [
                                33.242256492376328,
                                34.85143169760704
                            ],
                            [
                                33.244925290346146,
                                34.857075065374374
                            ],
                            [
                                33.246542662382126,
                                34.85793337225914
                            ],
                            [
                                33.24656143784523,
                                34.859384447336197
                            ],
                            [
                                33.250351399183273,
                                34.861543625593185
                            ],
                            [
                                33.250928074121475,
                                34.863616973161697
                            ],
                            [
                                33.248307555913925,
                                34.883084446191788
                            ],
                            [
                                33.245394676923752,
                                34.888234287500381
                            ],
                            [
                                33.244584649801254,
                                34.891568273305893
                            ],
                            [
                                33.240739703178406,
                                34.892578125
                            ],
                            [
                                33.244297653436661,
                                34.897493273019791
                            ],
                            [
                                33.244058936834335,
                                34.898818284273148
                            ],
                            [
                                33.246531933546066,
                                34.905478209257126
                            ],
                            [
                                33.245528787374496,
                                34.91010770201683
                            ],
                            [
                                33.246448785066605,
                                34.913283437490463
                            ],
                            [
                                33.244370073080063,
                                34.920434206724167
                            ],
                            [
                                33.243664652109146,
                                34.932404905557632
                            ],
                            [
                                33.240661919116974,
                                34.9365234375
                            ],
                            [
                                33.243141621351242,
                                34.942591935396194
                            ],
                            [
                                33.241843432188034,
                                34.949214309453964
                            ],
                            [
                                33.242058008909225,
                                34.95804950594902
                            ],
                            [
                                33.242371827363968,
                                34.962335675954819
                            ],
                            [
                                33.244201093912125,
                                34.966519922018051
                            ],
                            [
                                33.242809027433395,
                                34.971251338720322
                            ],
                            [
                                33.2430799305439,
                                34.975620657205582
                            ],
                            [
                                33.241547048091888,
                                34.98046875
                            ],
                            [
                                33.241544365882874,
                                34.983480870723724
                            ],
                            [
                                33.242640048265457,
                                34.987752288579941
                            ],
                            [
                                33.24470266699791,
                                34.990831464529037
                            ],
                            [
                                33.242945820093155,
                                34.992953091859818
                            ],
                            [
                                33.241710662841797,
                                34.996899962425232
                            ],
                            [
                                33.24669286608696,
                                34.997620135545731
                            ],
                            [
                                33.259464204311371,
                                34.997516870498657
                            ],
                            [
                                33.266610950231552,
                                34.997754245996475
                            ],
                            [
                                33.26727882027626,
                                34.999736398458481
                            ],
                            [
                                33.26915368437767,
                                35.000160187482834
                            ],
                            [
                                33.270749598741531,
                                35.000793188810349
                            ],
                            [
                                33.27141210436821,
                                35.001377910375595
                            ],
                            [
                                33.272144347429276,
                                35.001471787691116
                            ],
                            [
                                33.273032158613205,
                                35.001761466264725
                            ],
                            [
                                33.273919969797134,
                                35.002284497022629
                            ],
                            [
                                33.274502009153366,
                                35.002067238092422
                            ],
                            [
                                33.277143985033035,
                                35.002112835645676
                            ],
                            [
                                33.280335813760757,
                                35.002676099538803
                            ],
                            [
                                33.283347934484482,
                                35.003845542669296
                            ],
                            [
                                33.285010904073715,
                                35.003950148820877
                            ],
                            [
                                33.289763778448105,
                                35.002241581678391
                            ],
                            [
                                33.291322141885757,
                                35.00250443816185
                            ],
                            [
                                33.292038291692734,
                                35.004100352525711
                            ],
                            [
                                33.293019980192184,
                                35.004419535398483
                            ],
                            [
                                33.2967509329319,
                                35.001453012228012
                            ],
                            [
                                33.300771564245224,
                                35.001707822084427
                            ],
                            [
                                33.301737159490585,
                                35.000675171613693
                            ],
                            [
                                33.307149857282639,
                                35.000364035367966
                            ],
                            [
                                33.310546875,
                                34.999236166477203
                            ],
                            [
                                33.310957252979279,
                                34.999249577522278
                            ],
                            [
                                33.310957252979279,
                                34.999729692935944
                            ],
                            [
                                33.311352878808975,
                                34.999849051237106
                            ],
                            [
                                33.313791006803513,
                                34.99988928437233
                            ],
                            [
                                33.314802199602127,
                                34.999696165323257
                            ],
                            [
                                33.31685408949852,
                                35.000018030405045
                            ],
                            [
                                33.317417353391647,
                                34.99988928437233
                            ],
                            [
                                33.318294435739517,
                                35.001066774129868
                            ],
                            [
                                33.319254666566849,
                                35.009939521551132
                            ],
                            [
                                33.317763358354568,
                                35.019662529230118
                            ],
                            [
                                33.316620737314224,
                                35.021668821573257
                            ],
                            [
                                33.315445929765701,
                                35.022650510072708
                            ],
                            [
                                33.311572819948196,
                                35.023506134748459
                            ],
                            [
                                33.310965299606323,
                                35.0244140625
                            ],
                            [
                                33.311647921800613,
                                35.024758726358414
                            ],
                            [
                                33.311953693628311,
                                35.028975158929825
                            ],
                            [
                                33.314311355352402,
                                35.031890720129013
                            ],
                            [
                                33.315276950597763,
                                35.037112981081009
                            ],
                            [
                                33.315051645040512,
                                35.049381405115128
                            ],
                            [
                                33.313858062028885,
                                35.055107921361923
                            ],
                            [
                                33.312921971082687,
                                35.056113749742508
                            ],
                            [
                                33.310957252979279,
                                35.068359375
                            ],
                            [
                                33.311127573251724,
                                35.071109980344772
                            ],
                            [
                                33.31511601805687,
                                35.074870437383652
                            ],
                            [
                                33.317307382822037,
                                35.079183429479599
                            ],
                            [
                                33.31722691655159,
                                35.086951106786728
                            ],
                            [
                                33.318270295858383,
                                35.093613713979721
                            ],
                            [
                                33.316631466150284,
                                35.106558054685593
                            ],
                            [
                                33.310978710651398,
                                35.112301924908927
                            ],
                            [
                                33.310994803905487,
                                35.1397705078125
                            ],
                            [
                                33.311511129140854,
                                35.140399485826492
                            ],
                            [
                                33.311013579368591,
                                35.15625
                            ],
                            [
                                33.311562091112137,
                                35.156975537538528
                            ],
                            [
                                33.311124891042709,
                                35.161956399679184
                            ],
                            [
                                33.312396258115768,
                                35.164024382829666
                            ],
                            [
                                33.312318474054337,
                                35.166390091180801
                            ],
                            [
                                33.311016261577606,
                                35.169481337070465
                            ],
                            [
                                33.310546875,
                                35.16947329044342
                            ],
                            [
                                33.309153467416763,
                                35.171491652727127
                            ],
                            [
                                33.30497995018959,
                                35.172366052865982
                            ],
                            [
                                33.294162601232529,
                                35.171641856431961
                            ],
                            [
                                33.284096270799637,
                                35.17241969704628
                            ],
                            [
                                33.279059082269669,
                                35.170944482088089
                            ],
                            [
                                33.278037160634995,
                                35.169624835252762
                            ],
                            [
                                33.2666015625,
                                35.169205069541931
                            ],
                            [
                                33.263842910528183,
                                35.170397311449051
                            ],
                            [
                                33.254339843988419,
                                35.170708447694778
                            ],
                            [
                                33.252888768911362,
                                35.171357542276382
                            ],
                            [
                                33.25192853808403,
                                35.173551589250565
                            ],
                            [
                                33.247671872377396,
                                35.175380855798721
                            ],
                            [
                                33.245992809534073,
                                35.177644640207291
                            ],
                            [
                                33.244978934526443,
                                35.183510631322861
                            ],
                            [
                                33.243128210306168,
                                35.185433775186539
                            ],
                            [
                                33.242143839597702,
                                35.188260823488235
                            ],
                            [
                                33.241242617368698,
                                35.188574641942978
                            ],
                            [
                                33.240617662668228,
                                35.194746404886246
                            ],
                            [
                                33.23844775557518,
                                35.196173340082169
                            ],
                            [
                                33.237916678190231,
                                35.197667330503464
                            ],
                            [
                                33.232292085886002,
                                35.199206918478012
                            ],
                            [
                                33.231244683265686,
                                35.2001953125
                            ],
                            [
                                33.234958201646805,
                                35.20288422703743
                            ],
                            [
                                33.237836211919785,
                                35.203565508127213
                            ],
                            [
                                33.239346295595169,
                                35.210271030664444
                            ],
                            [
                                33.240057080984116,
                                35.211740881204605
                            ],
                            [
                                33.24119433760643,
                                35.212108343839645
                            ],
                            [
                                33.241438418626785,
                                35.213535279035568
                            ],
                            [
                                33.241143375635147,
                                35.218044072389603
                            ],
                            [
                                33.23969766497612,
                                35.223094671964645
                            ],
                            [
                                33.240011483430862,
                                35.228215008974075
                            ],
                            [
                                33.238707929849625,
                                35.228614658117294
                            ],
                            [
                                33.236529976129532,
                                35.233177095651627
                            ],
                            [
                                33.236538022756577,
                                35.239327400922775
                            ],
                            [
                                33.232997506856918,
                                35.240990370512009
                            ],
                            [
                                33.232611268758774,
                                35.243468731641769
                            ],
                            [
                                33.231158852577209,
                                35.244140625
                            ],
                            [
                                33.232520073652267,
                                35.252633839845657
                            ],
                            [
                                33.231492787599564,
                                35.255801528692245
                            ],
                            [
                                33.232538849115372,
                                35.265685468912125
                            ],
                            [
                                33.231130689382553,
                                35.267141908407211
                            ],
                            [
                                33.232664912939072,
                                35.2700574696064
                            ],
                            [
                                33.231283575296402,
                                35.27691051363945
                            ],
                            [
                                33.232616633176804,
                                35.279002636671066
                            ],
                            [
                                33.233456164598465,
                                35.283562391996384
                            ],
                            [
                                33.233088701963425,
                                35.286013931035995
                            ],
                            [
                                33.232278674840927,
                                35.287373811006546
                            ],
                            [
                                33.230157047510147,
                                35.288063138723373
                            ],
                            [
                                33.230358213186264,
                                35.288859754800797
                            ],
                            [
                                33.236658722162247,
                                35.28901532292366
                            ],
                            [
                                33.24005976319313,
                                35.290589779615402
                            ],
                            [
                                33.243788033723831,
                                35.289938002824783
                            ],
                            [
                                33.246000856161118,
                                35.2906434237957
                            ],
                            [
                                33.246666043996811,
                                35.289980918169022
                            ],
                            [
                                33.251072913408279,
                                35.291477590799332
                            ],
                            [
                                33.254889696836472,
                                35.290793627500534
                            ],
                            [
                                33.262888044118881,
                                35.291810184717178
                            ],
                            [
                                33.2666015625,
                                35.296789705753326
                            ],
                            [
                                33.276851624250412,
                                35.290874093770981
                            ],
                            [
                                33.28825369477272,
                                35.292475372552872
                            ],
                            [
                                33.290147334337234,
                                35.292081087827682
                            ],
                            [
                                33.291440159082413,
                                35.290495902299881
                            ],
                            [
                                33.294358402490616,
                                35.290093570947647
                            ],
                            [
                                33.295798748731613,
                                35.288460105657578
                            ],
                            [
                                33.297582417726517,
                                35.288229435682297
                            ],
                            [
                                33.300168067216873,
                                35.289795845746994
                            ],
                            [
                                33.308611661195755,
                                35.291491001844406
                            ],
                            [
                                33.310546875,
                                35.297049880027771
                            ],
                            [
                                33.314201384782791,
                                35.294344872236252
                            ],
                            [
                                33.315993100404739,
                                35.290353745222092
                            ],
                            [
                                33.322950750589371,
                                35.288344770669937
                            ],
                            [
                                33.325437158346176,
                                35.28927281498909
                            ],
                            [
                                33.329903036355972,
                                35.288529843091965
                            ],
                            [
                                33.33382174372673,
                                35.290474444627762
                            ],
                            [
                                33.339365869760513,
                                35.290267914533615
                            ],
                            [
                                33.343051224946976,
                                35.28853252530098
                            ],
                            [
                                33.349480479955673,
                                35.289468616247177
                            ],
                            [
                                33.352267295122147,
                                35.292287617921829
                            ],
                            [
                                33.352681696414948,
                                35.297326147556305
                            ],
                            [
                                33.352648168802261,
                                35.297327488660812
                            ],
                            [
                                33.352621346712112,
                                35.297322124242783
                            ],
                            [
                                33.352489918470383,
                                35.297193378210068
                            ],
                            [
                                33.352412134408951,
                                35.297185331583023
                            ],
                            [
                                33.352114409208298,
                                35.295195132493973
                            ],
                            [
                                33.34817960858345,
                                35.294607728719711
                            ],
                            [
                                33.347093313932419,
                                35.292754322290421
                            ],
                            [
                                33.337740451097488,
                                35.2915258705616
                            ],
                            [
                                33.334395736455917,
                                35.292872339487076
                            ],
                            [
                                33.324755877256393,
                                35.293679684400558
                            ],
                            [
                                33.316038697957993,
                                35.296903699636459
                            ],
                            [
                                33.313584476709366,
                                35.298899263143539
                            ],
                            [
                                33.312865644693375,
                                35.301798731088638
                            ],
                            [
                                33.310546875,
                                35.303897559642792
                            ],
                            [
                                33.303907066583633,
                                35.297831743955612
                            ],
                            [
                                33.295232802629471,
                                35.295951515436172
                            ],
                            [
                                33.290200978517532,
                                35.296820551156998
                            ],
                            [
                                33.288296610116959,
                                35.298400372266769
                            ],
                            [
                                33.282250910997391,
                                35.298845618963242
                            ],
                            [
                                33.279211968183517,
                                35.297823697328568
                            ],
                            [
                                33.272739797830582,
                                35.298789292573929
                            ],
                            [
                                33.27078714966774,
                                35.300927013158798
                            ],
                            [
                                33.269497007131577,
                                35.304185897111893
                            ],
                            [
                                33.26815590262413,
                                35.304652601480484
                            ],
                            [
                                33.257005959749222,
                                35.304596275091171
                            ],
                            [
                                33.250123411417007,
                                35.299693197011948
                            ],
                            [
                                33.24618324637413,
                                35.299953371286392
                            ],
                            [
                                33.241701275110245,
                                35.298652499914169
                            ],
                            [
                                33.23608472943306,
                                35.300782173871994
                            ],
                            [
                                33.234786540269852,
                                35.300495177507401
                            ],
                            [
                                33.228145390748978,
                                35.302482694387436
                            ],
                            [
                                33.22265625,
                                35.305166244506836
                            ],
                            [
                                33.221252113580704,
                                35.304306596517563
                            ],
                            [
                                33.215984255075455,
                                35.303322225809097
                            ],
                            [
                                33.20892333984375,
                                35.304801464080811
                            ],
                            [
                                33.202801197767258,
                                35.304953008890152
                            ],
                            [
                                33.199311643838882,
                                35.303939133882523
                            ],
                            [
                                33.195236027240753,
                                35.305195748806
                            ],
                            [
                                33.198976367712021,
                                35.304456800222397
                            ],
                            [
                                33.20343017578125,
                                35.305187702178955
                            ],
                            [
                                33.210155814886093,
                                35.304958373308182
                            ],
                            [
                                33.215793818235397,
                                35.303512662649155
                            ],
                            [
                                33.2171630859375,
                                35.303986072540283
                            ],
                            [
                                33.220914155244827,
                                35.304480940103531
                            ],
                            [
                                33.22265625,
                                35.306842625141144
                            ],
                            [
                                33.22745606303215,
                                35.30450776219368
                            ],
                            [
                                33.232847303152084,
                                35.304526537656784
                            ],
                            [
                                33.241568505764008,
                                35.307961106300354
                            ],
                            [
                                33.268614560365677,
                                35.309976786375046
                            ],
                            [
                                33.273772448301315,
                                35.308973640203476
                            ],
                            [
                                33.280376046895981,
                                35.308887809514999
                            ],
                            [
                                33.283409625291824,
                                35.310770720243454
                            ],
                            [
                                33.285980522632599,
                                35.31117707490921
                            ],
                            [
                                33.286982327699661,
                                35.31548336148262
                            ],
                            [
                                33.286445885896683,
                                35.320222824811935
                            ],
                            [
                                33.287449032068253,
                                35.321810692548752
                            ],
                            [
                                33.287744075059891,
                                35.330830961465836
                            ],
                            [
                                33.286095857620239,
                                35.33203125
                            ],
                            [
                                33.287363201379776,
                                35.333652645349503
                            ],
                            [
                                33.28864797949791,
                                35.333513170480728
                            ],
                            [
                                33.292730301618576,
                                35.336879342794418
                            ],
                            [
                                33.293167501688004,
                                35.338416248559952
                            ],
                            [
                                33.294176012277603,
                                35.338896363973618
                            ],
                            [
                                33.293907791376114,
                                35.341004580259323
                            ],
                            [
                                33.295227438211441,
                                35.343622416257858
                            ],
                            [
                                33.294433504343033,
                                35.352642685174942
                            ],
                            [
                                33.293274790048599,
                                35.356751829385757
                            ],
                            [
                                33.290898352861404,
                                35.361121147871017
                            ],
                            [
                                33.289541155099869,
                                35.369489639997482
                            ],
                            [
                                33.285456150770187,
                                35.374357849359512
                            ],
                            [
                                33.284985423088074,
                                35.385790765285492
                            ],
                            [
                                33.284942507743835,
                                35.387995541095734
                            ],
                            [
                                33.284926414489746,
                                35.388411283493042
                            ],
                            [
                                33.284929096698761,
                                35.388620495796204
                            ],
                            [
                                33.284913003444672,
                                35.389036238193512
                            ],
                            [
                                33.284915685653687,
                                35.389240086078644
                            ],
                            [
                                33.284899592399597,
                                35.389658510684967
                            ],
                            [
                                33.284902274608612,
                                35.389865040779114
                            ],
                            [
                                33.284886181354523,
                                35.390278100967407
                            ],
                            [
                                33.284888863563538,
                                35.390487313270569
                            ],
                            [
                                33.284872770309448,
                                35.390903055667877
                            ],
                            [
                                33.284875452518463,
                                35.391112267971039
                            ],
                            [
                                33.284859359264374,
                                35.391528010368347
                            ],
                            [
                                33.284862041473389,
                                35.391737222671509
                            ],
                            [
                                33.284845948219299,
                                35.392150282859802
                            ],
                            [
                                33.284848630428314,
                                35.392356812953949
                            ],
                            [
                                33.284832537174225,
                                35.392775237560272
                            ],
                            [
                                33.28483521938324,
                                35.392981767654419
                            ],
                            [
                                33.28481912612915,
                                35.393394827842712
                            ],
                            [
                                33.284821808338165,
                                35.393604040145874
                            ],
                            [
                                33.284805715084076,
                                35.394019782543182
                            ],
                            [
                                33.284808397293091,
                                35.394228994846344
                            ],
                            [
                                33.284792304039001,
                                35.394642055034637
                            ],
                            [
                                33.284794986248016,
                                35.394848585128784
                            ],
                            [
                                33.284679651260376,
                                35.399837493896484
                            ],
                            [
                                33.285269737243652,
                                35.399842858314514
                            ],
                            [
                                33.285269737243652,
                                35.399850904941559
                            ],
                            [
                                33.285505771636963,
                                35.399850904941559
                            ],
                            [
                                33.285505771636963,
                                35.399858951568604
                            ],
                            [
                                33.285897374153137,
                                35.399858951568604
                            ],
                            [
                                33.285897374153137,
                                35.399866998195648
                            ],
                            [
                                33.286128044128418,
                                35.399866998195648
                            ],
                            [
                                33.286128044128418,
                                35.399875044822693
                            ],
                            [
                                33.286522328853607,
                                35.399875044822693
                            ],
                            [
                                33.286522328853607,
                                35.399883091449738
                            ],
                            [
                                33.286752998828888,
                                35.399883091449738
                            ],
                            [
                                33.286752998828888,
                                35.399891138076782
                            ],
                            [
                                33.287149965763092,
                                35.399891138076782
                            ],
                            [
                                33.287149965763092,
                                35.399899184703827
                            ],
                            [
                                33.287380635738373,
                                35.399899184703827
                            ],
                            [
                                33.287380635738373,
                                35.399907231330872
                            ],
                            [
                                33.288000226020813,
                                35.399912595748901
                            ],
                            [
                                33.288002908229828,
                                35.399923324584961
                            ],
                            [
                                33.288402557373047,
                                35.399920642375946
                            ],
                            [
                                33.288402557373047,
                                35.399931371212006
                            ],
                            [
                                33.289008736610413,
                                35.399936735630035
                            ],
                            [
                                33.289008736610413,
                                35.39994478225708
                            ],
                            [
                                33.289234042167664,
                                35.39994478225708
                            ],
                            [
                                33.289234042167664,
                                35.399952828884125
                            ],
                            [
                                33.289633691310883,
                                35.399952828884125
                            ],
                            [
                                33.289633691310883,
                                35.399960875511169
                            ],
                            [
                                33.289853632450104,
                                35.399960875511169
                            ],
                            [
                                33.289853632450104,
                                35.399968922138214
                            ],
                            [
                                33.290261328220367,
                                35.399968922138214
                            ],
                            [
                                33.290261328220367,
                                35.399976968765259
                            ],
                            [
                                33.290481269359589,
                                35.399976968765259
                            ],
                            [
                                33.290481269359589,
                                35.399985015392303
                            ],
                            [
                                33.290888965129852,
                                35.399985015392303
                            ],
                            [
                                33.290888965129852,
                                35.399993062019348
                            ],
                            [
                                33.291106224060059,
                                35.399993062019348
                            ],
                            [
                                33.291106224060059,
                                35.400001108646393
                            ],
                            [
                                33.291513919830322,
                                35.399998426437378
                            ],
                            [
                                33.291513919830322,
                                35.400009155273438
                            ],
                            [
                                33.291728496551514,
                                35.400006473064423
                            ],
                            [
                                33.291728496551514,
                                35.400017201900482
                            ],
                            [
                                33.292141556739807,
                                35.400014519691467
                            ],
                            [
                                33.292141556739807,
                                35.400022566318512
                            ],
                            [
                                33.292745053768158,
                                35.400030612945557
                            ],
                            [
                                33.292745053768158,
                                35.400038659572601
                            ],
                            [
                                33.292959630489349,
                                35.400038659572601
                            ],
                            [
                                33.292959630489349,
                                35.400046706199646
                            ],
                            [
                                33.294000327587128,
                                35.400062799453735
                            ],
                            [
                                33.294000327587128,
                                35.40007084608078
                            ],
                            [
                                33.294206857681274,
                                35.40007084608078
                            ],
                            [
                                33.294206857681274,
                                35.400078892707825
                            ],
                            [
                                33.294625282287598,
                                35.40007621049881
                            ],
                            [
                                33.294625282287598,
                                35.400086939334869
                            ],
                            [
                                33.294834494590759,
                                35.400084257125854
                            ],
                            [
                                33.294834494590759,
                                35.400094985961914
                            ],
                            [
                                33.295252919197083,
                                35.400092303752899
                            ],
                            [
                                33.295252919197083,
                                35.400100350379944
                            ],
                            [
                                33.295856416225433,
                                35.400108397006989
                            ],
                            [
                                33.295856416225433,
                                35.400116443634033
                            ],
                            [
                                33.296060264110565,
                                35.400116443634033
                            ],
                            [
                                33.296060264110565,
                                35.400124490261078
                            ],
                            [
                                33.297111690044403,
                                35.400140583515167
                            ],
                            [
                                33.297111690044403,
                                35.400148630142212
                            ],
                            [
                                33.29731285572052,
                                35.400148630142212
                            ],
                            [
                                33.29731285572052,
                                35.400156676769257
                            ],
                            [
                                33.297736644744873,
                                35.400153994560242
                            ],
                            [
                                33.297736644744873,
                                35.400164723396301
                            ],
                            [
                                33.297935128211975,
                                35.400162041187286
                            ],
                            [
                                33.297935128211975,
                                35.400172770023346
                            ],
                            [
                                33.298364281654358,
                                35.400170087814331
                            ],
                            [
                                33.298364281654358,
                                35.400178134441376
                            ],
                            [
                                33.29856276512146,
                                35.400178134441376
                            ],
                            [
                                33.29856276512146,
                                35.40018618106842
                            ],
                            [
                                33.299595415592194,
                                35.40020227432251
                            ],
                            [
                                33.299595415592194,
                                35.400210320949554
                            ],
                            [
                                33.299788534641266,
                                35.400210320949554
                            ],
                            [
                                33.299788534641266,
                                35.400218367576599
                            ],
                            [
                                33.300223052501678,
                                35.400218367576599
                            ],
                            [
                                33.300223052501678,
                                35.400226414203644
                            ],
                            [
                                33.300416171550751,
                                35.400226414203644
                            ],
                            [
                                33.300416171550751,
                                35.400234460830688
                            ],
                            [
                                33.300848007202148,
                                35.400231778621674
                            ],
                            [
                                33.300848007202148,
                                35.400242507457733
                            ],
                            [
                                33.301041126251221,
                                35.400239825248718
                            ],
                            [
                                33.301041126251221,
                                35.400250554084778
                            ],
                            [
                                33.301475644111633,
                                35.400247871875763
                            ],
                            [
                                33.301475644111633,
                                35.400255918502808
                            ],
                            [
                                33.301663398742676,
                                35.400255918502808
                            ],
                            [
                                33.301663398742676,
                                35.400263965129852
                            ],
                            [
                                33.302100598812103,
                                35.400263965129852
                            ],
                            [
                                33.302100598812103,
                                35.400272011756897
                            ],
                            [
                                33.302288353443146,
                                35.400272011756897
                            ],
                            [
                                33.302288353443146,
                                35.400280058383942
                            ],
                            [
                                33.302706778049469,
                                35.400280058383942
                            ],
                            [
                                33.302706778049469,
                                35.400288105010986
                            ],
                            [
                                33.302894532680511,
                                35.400288105010986
                            ],
                            [
                                33.302894532680511,
                                35.400296151638031
                            ],
                            [
                                33.303334414958954,
                                35.400296151638031
                            ],
                            [
                                33.303334414958954,
                                35.400304198265076
                            ],
                            [
                                33.303516805171967,
                                35.400304198265076
                            ],
                            [
                                33.303516805171967,
                                35.40031224489212
                            ],
                            [
                                33.303959369659424,
                                35.400309562683105
                            ],
                            [
                                33.303959369659424,
                                35.400320291519165
                            ],
                            [
                                33.304141759872437,
                                35.40031760931015
                            ],
                            [
                                33.304141759872437,
                                35.40032833814621
                            ],
                            [
                                33.304587006568909,
                                35.400325655937195
                            ],
                            [
                                33.304587006568909,
                                35.40033370256424
                            ],
                            [
                                33.304769396781921,
                                35.40033370256424
                            ],
                            [
                                33.304769396781921,
                                35.400341749191284
                            ],
                            [
                                33.305211961269379,
                                35.400341749191284
                            ],
                            [
                                33.305214643478394,
                                35.400349795818329
                            ],
                            [
                                33.305394351482391,
                                35.400349795818329
                            ],
                            [
                                33.305394351482391,
                                35.400357842445374
                            ],
                            [
                                33.305818140506744,
                                35.400357842445374
                            ],
                            [
                                33.305818140506744,
                                35.400365889072418
                            ],
                            [
                                33.305995166301727,
                                35.400365889072418
                            ],
                            [
                                33.305995166301727,
                                35.400373935699463
                            ],
                            [
                                33.306445777416229,
                                35.400373935699463
                            ],
                            [
                                33.306445777416229,
                                35.400381982326508
                            ],
                            [
                                33.306622803211212,
                                35.400381982326508
                            ],
                            [
                                33.306622803211212,
                                35.400390028953552
                            ],
                            [
                                33.307070732116699,
                                35.400387346744537
                            ],
                            [
                                33.307070732116699,
                                35.400398075580597
                            ],
                            [
                                33.307247757911682,
                                35.400395393371582
                            ],
                            [
                                33.307247757911682,
                                35.400406122207642
                            ],
                            [
                                33.307698369026184,
                                35.400403439998627
                            ],
                            [
                                33.307698369026184,
                                35.400411486625671
                            ],
                            [
                                33.307870030403137,
                                35.400411486625671
                            ],
                            [
                                33.307870030403137,
                                35.400419533252716
                            ],
                            [
                                33.308323323726654,
                                35.400419533252716
                            ],
                            [
                                33.308323323726654,
                                35.400427579879761
                            ],
                            [
                                33.308494985103607,
                                35.400427579879761
                            ],
                            [
                                33.308494985103607,
                                35.400435626506805
                            ],
                            [
                                33.30892950296402,
                                35.400435626506805
                            ],
                            [
                                33.30892950296402,
                                35.40044367313385
                            ],
                            [
                                33.309101164340973,
                                35.40044367313385
                            ],
                            [
                                33.309101164340973,
                                35.400451719760895
                            ],
                            [
                                33.309557139873505,
                                35.400451719760895
                            ],
                            [
                                33.309557139873505,
                                35.400459766387939
                            ],
                            [
                                33.309723436832428,
                                35.400459766387939
                            ],
                            [
                                33.309723436832428,
                                35.400467813014984
                            ],
                            [
                                33.310182094573975,
                                35.400465130805969
                            ],
                            [
                                33.310182094573975,
                                35.400473177433014
                            ],
                            [
                                33.310348391532898,
                                35.400473177433014
                            ],
                            [
                                33.310348391532898,
                                35.400483906269073
                            ],
                            [
                                33.310809731483459,
                                35.400481224060059
                            ],
                            [
                                33.310809731483459,
                                35.400489270687103
                            ],
                            [
                                33.310976028442383,
                                35.400489270687103
                            ],
                            [
                                33.310976028442383,
                                35.400497317314148
                            ],
                            [
                                33.311434686183929,
                                35.400497317314148
                            ],
                            [
                                33.311434686183929,
                                35.400505363941193
                            ],
                            [
                                33.311598300933838,
                                35.400505363941193
                            ],
                            [
                                33.311598300933838,
                                35.400513410568237
                            ],
                            [
                                33.312040865421295,
                                35.400513410568237
                            ],
                            [
                                33.312040865421295,
                                35.400521457195282
                            ],
                            [
                                33.312201797962189,
                                35.400521457195282
                            ],
                            [
                                33.312201797962189,
                                35.400529503822327
                            ],
                            [
                                33.31266850233078,
                                35.400526821613312
                            ],
                            [
                                33.31266850233078,
                                35.400537550449371
                            ],
                            [
                                33.312829434871674,
                                35.400534868240356
                            ],
                            [
                                33.312829434871674,
                                35.400545597076416
                            ],
                            [
                                33.31329345703125,
                                35.400542914867401
                            ],
                            [
                                33.31329345703125,
                                35.400550961494446
                            ],
                            [
                                33.313451707363129,
                                35.400550961494446
                            ],
                            [
                                33.313451707363129,
                                35.40055900812149
                            ],
                            [
                                33.313921093940735,
                                35.40055900812149
                            ],
                            [
                                33.313921093940735,
                                35.400567054748535
                            ],
                            [
                                33.314076662063599,
                                35.400567054748535
                            ],
                            [
                                33.314076662063599,
                                35.40057510137558
                            ],
                            [
                                33.314524590969086,
                                35.40057510137558
                            ],
                            [
                                33.314524590969086,
                                35.400583148002625
                            ],
                            [
                                33.314682841300964,
                                35.400583148002625
                            ],
                            [
                                33.314682841300964,
                                35.400591194629669
                            ],
                            [
                                33.315152227878571,
                                35.400588512420654
                            ],
                            [
                                33.315152227878571,
                                35.400599241256714
                            ],
                            [
                                33.315302431583405,
                                35.400599241256714
                            ],
                            [
                                33.315305113792419,
                                35.400607287883759
                            ],
                            [
                                33.315779864788055,
                                35.400604605674744
                            ],
                            [
                                33.315779864788055,
                                35.400612652301788
                            ],
                            [
                                33.315930068492889,
                                35.400612652301788
                            ],
                            [
                                33.315930068492889,
                                35.400620698928833
                            ],
                            [
                                33.316404819488525,
                                35.400620698928833
                            ],
                            [
                                33.316404819488525,
                                35.400628745555878
                            ],
                            [
                                33.316557705402374,
                                35.400628745555878
                            ],
                            [
                                33.316557705402374,
                                35.400636792182922
                            ],
                            [
                                33.31703245639801,
                                35.400636792182922
                            ],
                            [
                                33.31703245639801,
                                35.400644838809967
                            ],
                            [
                                33.317182660102844,
                                35.400644838809967
                            ],
                            [
                                33.317182660102844,
                                35.400652885437012
                            ],
                            [
                                33.317635953426361,
                                35.400652885437012
                            ],
                            [
                                33.317638635635376,
                                35.400660932064056
                            ],
                            [
                                33.31778347492218,
                                35.400660932064056
                            ],
                            [
                                33.31778347492218,
                                35.400668978691101
                            ],
                            [
                                33.318263590335846,
                                35.400666296482086
                            ],
                            [
                                33.318263590335846,
                                35.400674343109131
                            ],
                            [
                                33.318411111831665,
                                35.400674343109131
                            ],
                            [
                                33.318411111831665,
                                35.40068507194519
                            ],
                            [
                                33.318891227245331,
                                35.400682389736176
                            ],
                            [
                                33.318891227245331,
                                35.40069043636322
                            ],
                            [
                                33.319036066532135,
                                35.40069043636322
                            ],
                            [
                                33.319036066532135,
                                35.400698482990265
                            ],
                            [
                                33.319516181945801,
                                35.400698482990265
                            ],
                            [
                                33.319516181945801,
                                35.40070652961731
                            ],
                            [
                                33.31965833902359,
                                35.40070652961731
                            ],
                            [
                                33.31965833902359,
                                35.400714576244354
                            ],
                            [
                                33.320122361183167,
                                35.400714576244354
                            ],
                            [
                                33.320122361183167,
                                35.400722622871399
                            ],
                            [
                                33.320264518260956,
                                35.400722622871399
                            ],
                            [
                                33.320264518260956,
                                35.400730669498444
                            ],
                            [
                                33.320749998092651,
                                35.400727987289429
                            ],
                            [
                                33.320749998092651,
                                35.400738716125488
                            ],
                            [
                                33.320889472961426,
                                35.400736033916473
                            ],
                            [
                                33.320889472961426,
                                35.400746762752533
                            ],
                            [
                                33.321374952793121,
                                35.400744080543518
                            ],
                            [
                                33.321374952793121,
                                35.400752127170563
                            ],
                            [
                                33.321511745452881,
                                35.400752127170563
                            ],
                            [
                                33.321511745452881,
                                35.400760173797607
                            ],
                            [
                                33.322002589702606,
                                35.400760173797607
                            ],
                            [
                                33.322002589702606,
                                35.400768220424652
                            ],
                            [
                                33.322136700153351,
                                35.400768220424652
                            ],
                            [
                                33.322136700153351,
                                35.400776267051697
                            ],
                            [
                                33.322627544403076,
                                35.400776267051697
                            ],
                            [
                                33.322627544403076,
                                35.400784313678741
                            ],
                            [
                                33.322764337062836,
                                35.400784313678741
                            ],
                            [
                                33.322764337062836,
                                35.400792360305786
                            ],
                            [
                                33.323233723640442,
                                35.400789678096771
                            ],
                            [
                                33.323233723640442,
                                35.400800406932831
                            ],
                            [
                                33.323365151882172,
                                35.400797724723816
                            ],
                            [
                                33.323365151882172,
                                35.400808453559875
                            ],
                            [
                                33.323861360549927,
                                35.400805771350861
                            ],
                            [
                                33.323861360549927,
                                35.400813817977905
                            ],
                            [
                                33.323990106582642,
                                35.400813817977905
                            ],
                            [
                                33.323990106582642,
                                35.40082186460495
                            ],
                            [
                                33.324486315250397,
                                35.40082186460495
                            ],
                            [
                                33.324486315250397,
                                35.400829911231995
                            ],
                            [
                                33.324617743492126,
                                35.400829911231995
                            ],
                            [
                                33.324617743492126,
                                35.400837957859039
                            ],
                            [
                                33.325113952159882,
                                35.400837957859039
                            ],
                            [
                                33.325113952159882,
                                35.400846004486084
                            ],
                            [
                                33.325237333774567,
                                35.400846004486084
                            ],
                            [
                                33.325237333774567,
                                35.400854051113129
                            ],
                            [
                                33.325717449188232,
                                35.400851368904114
                            ],
                            [
                                33.325717449188232,
                                35.400862097740173
                            ],
                            [
                                33.325843513011932,
                                35.400859415531158
                            ],
                            [
                                33.325843513011932,
                                35.400870144367218
                            ],
                            [
                                33.326345086097717,
                                35.400867462158203
                            ],
                            [
                                33.326345086097717,
                                35.400875508785248
                            ],
                            [
                                33.326471149921417,
                                35.400875508785248
                            ],
                            [
                                33.326471149921417,
                                35.400883555412292
                            ],
                            [
                                33.326972723007202,
                                35.400883555412292
                            ],
                            [
                                33.326972723007202,
                                35.400891602039337
                            ],
                            [
                                33.327096104621887,
                                35.400891602039337
                            ],
                            [
                                33.327096104621887,
                                35.400899648666382
                            ],
                            [
                                33.327597677707672,
                                35.400899648666382
                            ],
                            [
                                33.327597677707672,
                                35.400907695293427
                            ],
                            [
                                33.327718377113342,
                                35.400907695293427
                            ],
                            [
                                33.327718377113342,
                                35.400915741920471
                            ],
                            [
                                33.328203856945038,
                                35.400913059711456
                            ],
                            [
                                33.328203856945038,
                                35.400923788547516
                            ],
                            [
                                33.328324556350708,
                                35.400921106338501
                            ],
                            [
                                33.328324556350708,
                                35.400931835174561
                            ],
                            [
                                33.328828811645508,
                                35.400929152965546
                            ],
                            [
                                33.328828811645508,
                                35.40093719959259
                            ],
                            [
                                33.328949511051178,
                                35.40093719959259
                            ],
                            [
                                33.328949511051178,
                                35.400945246219635
                            ],
                            [
                                33.329456448554993,
                                35.400945246219635
                            ],
                            [
                                33.329456448554993,
                                35.40095329284668
                            ],
                            [
                                33.329571783542633,
                                35.40095329284668
                            ],
                            [
                                33.329571783542633,
                                35.400961339473724
                            ],
                            [
                                33.330084085464478,
                                35.400961339473724
                            ],
                            [
                                33.330084085464478,
                                35.400969386100769
                            ],
                            [
                                33.330196738243103,
                                35.400969386100769
                            ],
                            [
                                33.330196738243103,
                                35.400977432727814
                            ],
                            [
                                33.330687582492828,
                                35.400974750518799
                            ],
                            [
                                33.330687582492828,
                                35.400985479354858
                            ],
                            [
                                33.330802917480469,
                                35.400982797145844
                            ],
                            [
                                33.330802917480469,
                                35.400993525981903
                            ],
                            [
                                33.331315219402313,
                                35.400990843772888
                            ],
                            [
                                33.331315219402313,
                                35.400998890399933
                            ],
                            [
                                33.331425189971924,
                                35.400998890399933
                            ],
                            [
                                33.331425189971924,
                                35.401006937026978
                            ],
                            [
                                33.331940174102783,
                                35.401006937026978
                            ],
                            [
                                33.331940174102783,
                                35.401014983654022
                            ],
                            [
                                33.332050144672394,
                                35.401014983654022
                            ],
                            [
                                33.332050144672394,
                                35.401023030281067
                            ],
                            [
                                33.332567811012268,
                                35.401023030281067
                            ],
                            [
                                33.332567811012268,
                                35.401031076908112
                            ],
                            [
                                33.332677781581879,
                                35.401031076908112
                            ],
                            [
                                33.332677781581879,
                                35.401039123535156
                            ],
                            [
                                33.333173990249634,
                                35.401036441326141
                            ],
                            [
                                33.333173990249634,
                                35.401044487953186
                            ],
                            [
                                33.333278596401215,
                                35.401044487953186
                            ],
                            [
                                33.333278596401215,
                                35.401055216789246
                            ],
                            [
                                33.333798944950104,
                                35.401052534580231
                            ],
                            [
                                33.333798944950104,
                                35.401060581207275
                            ],
                            [
                                33.333903551101685,
                                35.401060581207275
                            ],
                            [
                                33.333903551101685,
                                35.40106862783432
                            ],
                            [
                                33.334426581859589,
                                35.40106862783432
                            ],
                            [
                                33.334426581859589,
                                35.401076674461365
                            ],
                            [
                                33.334531188011169,
                                35.401076674461365
                            ],
                            [
                                33.334531188011169,
                                35.401084721088409
                            ],
                            [
                                33.335051536560059,
                                35.401082038879395
                            ],
                            [
                                33.335054218769073,
                                35.401092767715454
                            ],
                            [
                                33.33515077829361,
                                35.401092767715454
                            ],
                            [
                                33.33515077829361,
                                35.401100814342499
                            ],
                            [
                                33.335657715797424,
                                35.401098132133484
                            ],
                            [
                                33.335657715797424,
                                35.401106178760529
                            ],
                            [
                                33.335756957530975,
                                35.401106178760529
                            ],
                            [
                                33.335756957530975,
                                35.401114225387573
                            ],
                            [
                                33.336285352706909,
                                35.401114225387573
                            ],
                            [
                                33.336285352706909,
                                35.401122272014618
                            ],
                            [
                                33.33638459444046,
                                35.401122272014618
                            ],
                            [
                                33.33638459444046,
                                35.401130318641663
                            ],
                            [
                                33.336910307407379,
                                35.401130318641663
                            ],
                            [
                                33.336910307407379,
                                35.401138365268707
                            ],
                            [
                                33.33700954914093,
                                35.401138365268707
                            ],
                            [
                                33.33700954914093,
                                35.401146411895752
                            ],
                            [
                                33.337537944316864,
                                35.401143729686737
                            ],
                            [
                                33.337537944316864,
                                35.401154458522797
                            ],
                            [
                                33.337631821632385,
                                35.401151776313782
                            ],
                            [
                                33.337631821632385,
                                35.401162505149841
                            ],
                            [
                                33.33814412355423,
                                35.401159822940826
                            ],
                            [
                                33.33814412355423,
                                35.401167869567871
                            ],
                            [
                                33.338238000869751,
                                35.401167869567871
                            ],
                            [
                                33.338238000869751,
                                35.401175916194916
                            ],
                            [
                                33.3387690782547,
                                35.401175916194916
                            ],
                            [
                                33.3387690782547,
                                35.40118396282196
                            ],
                            [
                                33.338862955570221,
                                35.40118396282196
                            ],
                            [
                                33.338862955570221,
                                35.401192009449005
                            ],
                            [
                                33.339396715164185,
                                35.401192009449005
                            ],
                            [
                                33.339396715164185,
                                35.40120005607605
                            ],
                            [
                                33.339485228061676,
                                35.40120005607605
                            ],
                            [
                                33.339485228061676,
                                35.401208102703094
                            ],
                            [
                                33.340021669864655,
                                35.40120542049408
                            ],
                            [
                                33.340021669864655,
                                35.401213467121124
                            ],
                            [
                                33.340112864971161,
                                35.401213467121124
                            ],
                            [
                                33.340115547180176,
                                35.401224195957184
                            ],
                            [
                                33.34062784910202,
                                35.401221513748169
                            ],
                            [
                                33.340630531311035,
                                35.401229560375214
                            ],
                            [
                                33.340716361999512,
                                35.401229560375214
                            ],
                            [
                                33.340716361999512,
                                35.401237607002258
                            ],
                            [
                                33.341255486011505,
                                35.401237607002258
                            ],
                            [
                                33.341255486011505,
                                35.401245653629303
                            ],
                            [
                                33.341338634490967,
                                35.401245653629303
                            ],
                            [
                                33.341338634490967,
                                35.401253700256348
                            ],
                            [
                                33.341880440711975,
                                35.401251018047333
                            ],
                            [
                                33.341880440711975,
                                35.401261746883392
                            ],
                            [
                                33.341963589191437,
                                35.401261746883392
                            ],
                            [
                                33.341963589191437,
                                35.401269793510437
                            ],
                            [
                                33.34250807762146,
                                35.401267111301422
                            ],
                            [
                                33.34250807762146,
                                35.401275157928467
                            ],
                            [
                                33.342591226100922,
                                35.401275157928467
                            ],
                            [
                                33.342591226100922,
                                35.401283204555511
                            ],
                            [
                                33.343114256858826,
                                35.401283204555511
                            ],
                            [
                                33.343114256858826,
                                35.401291251182556
                            ],
                            [
                                33.343192040920258,
                                35.401291251182556
                            ],
                            [
                                33.343192040920258,
                                35.401299297809601
                            ],
                            [
                                33.343739211559296,
                                35.401299297809601
                            ],
                            [
                                33.343739211559296,
                                35.401307344436646
                            ],
                            [
                                33.343816995620728,
                                35.401307344436646
                            ],
                            [
                                33.343819677829742,
                                35.40131539106369
                            ],
                            [
                                33.344366848468781,
                                35.401312708854675
                            ],
                            [
                                33.344366848468781,
                                35.401323437690735
                            ],
                            [
                                33.344444632530212,
                                35.40132075548172
                            ],
                            [
                                33.344444632530212,
                                35.40133148431778
                            ],
                            [
                                33.34499180316925,
                                35.401328802108765
                            ],
                            [
                                33.34499180316925,
                                35.401336848735809
                            ],
                            [
                                33.345066905021667,
                                35.401336848735809
                            ],
                            [
                                33.345066905021667,
                                35.401344895362854
                            ],
                            [
                                33.345597982406616,
                                35.401344895362854
                            ],
                            [
                                33.345597982406616,
                                35.401352941989899
                            ],
                            [
                                33.345670402050018,
                                35.401352941989899
                            ],
                            [
                                33.345673084259033,
                                35.401360988616943
                            ],
                            [
                                33.346225619316101,
                                35.401358306407928
                            ],
                            [
                                33.346225619316101,
                                35.401369035243988
                            ],
                            [
                                33.346298038959503,
                                35.401369035243988
                            ],
                            [
                                33.346298038959503,
                                35.401377081871033
                            ],
                            [
                                33.346850574016571,
                                35.401374399662018
                            ],
                            [
                                33.346850574016571,
                                35.401382446289062
                            ],
                            [
                                33.346920311450958,
                                35.401382446289062
                            ],
                            [
                                33.346920311450958,
                                35.401390492916107
                            ],
                            [
                                33.347456753253937,
                                35.401390492916107
                            ],
                            [
                                33.347456753253937,
                                35.401398539543152
                            ],
                            [
                                33.347523808479309,
                                35.401398539543152
                            ],
                            [
                                33.347523808479309,
                                35.401406586170197
                            ],
                            [
                                33.348084390163422,
                                35.401406586170197
                            ],
                            [
                                33.348084390163422,
                                35.401414632797241
                            ],
                            [
                                33.348151445388794,
                                35.401414632797241
                            ],
                            [
                                33.348151445388794,
                                35.401422679424286
                            ],
                            [
                                33.348709344863892,
                                35.401419997215271
                            ],
                            [
                                33.348709344863892,
                                35.401428043842316
                            ],
                            [
                                33.348776400089264,
                                35.401428043842316
                            ],
                            [
                                33.348779082298279,
                                35.401438772678375
                            ],
                            [
                                33.349336981773376,
                                35.40143609046936
                            ],
                            [
                                33.349336981773376,
                                35.401444137096405
                            ],
                            [
                                33.349398672580719,
                                35.401444137096405
                            ],
                            [
                                33.349398672580719,
                                35.40145218372345
                            ],
                            [
                                33.349943161010742,
                                35.40145218372345
                            ],
                            [
                                33.349943161010742,
                                35.401460230350494
                            ],
                            [
                                33.350004851818085,
                                35.401460230350494
                            ],
                            [
                                33.3500075340271,
                                35.401468276977539
                            ],
                            [
                                33.350568115711212,
                                35.401465594768524
                            ],
                            [
                                33.350568115711212,
                                35.401476323604584
                            ],
                            [
                                33.350629806518555,
                                35.401476323604584
                            ],
                            [
                                33.350629806518555,
                                35.401484370231628
                            ],
                            [
                                33.351195752620697,
                                35.401481688022614
                            ],
                            [
                                33.351198434829712,
                                35.401489734649658
                            ],
                            [
                                33.35125207901001,
                                35.401489734649658
                            ],
                            [
                                33.35125207901001,
                                35.401497781276703
                            ],
                            [
                                33.351820707321167,
                                35.401497781276703
                            ],
                            [
                                33.351823389530182,
                                35.401505827903748
                            ],
                            [
                                33.351879715919495,
                                35.401505827903748
                            ],
                            [
                                33.351879715919495,
                                35.401513874530792
                            ],
                            [
                                33.352426886558533,
                                35.401513874530792
                            ],
                            [
                                33.352426886558533,
                                35.401521921157837
                            ],
                            [
                                33.352483212947845,
                                35.401521921157837
                            ],
                            [
                                33.352483212947845,
                                35.401529967784882
                            ],
                            [
                                33.353054523468018,
                                35.401527285575867
                            ],
                            [
                                33.353054523468018,
                                35.401535332202911
                            ],
                            [
                                33.353105485439301,
                                35.401535332202911
                            ],
                            [
                                33.353105485439301,
                                35.401546061038971
                            ],
                            [
                                33.353679478168488,
                                35.401543378829956
                            ],
                            [
                                33.353679478168488,
                                35.401551425457001
                            ],
                            [
                                33.353733122348785,
                                35.401551425457001
                            ],
                            [
                                33.353733122348785,
                                35.401559472084045
                            ],
                            [
                                33.354285657405853,
                                35.401559472084045
                            ],
                            [
                                33.354285657405853,
                                35.40156751871109
                            ],
                            [
                                33.354336619377136,
                                35.40156751871109
                            ],
                            [
                                33.354336619377136,
                                35.401575565338135
                            ],
                            [
                                33.354910612106323,
                                35.40157288312912
                            ],
                            [
                                33.354910612106323,
                                35.401580929756165
                            ],
                            [
                                33.354958891868591,
                                35.401580929756165
                            ],
                            [
                                33.354958891868591,
                                35.401591658592224
                            ],
                            [
                                33.355538249015808,
                                35.401588976383209
                            ],
                            [
                                33.355540931224823,
                                35.401597023010254
                            ],
                            [
                                33.355586528778076,
                                35.401597023010254
                            ],
                            [
                                33.355586528778076,
                                35.401605069637299
                            ],
                            [
                                33.356165885925293,
                                35.401605069637299
                            ],
                            [
                                33.356165885925293,
                                35.401613116264343
                            ],
                            [
                                33.356211483478546,
                                35.401613116264343
                            ],
                            [
                                33.356211483478546,
                                35.401621162891388
                            ],
                            [
                                33.356769382953644,
                                35.401618480682373
                            ],
                            [
                                33.356772065162659,
                                35.401629209518433
                            ],
                            [
                                33.356812298297882,
                                35.401629209518433
                            ],
                            [
                                33.356814980506897,
                                35.401637256145477
                            ],
                            [
                                33.357397019863129,
                                35.401634573936462
                            ],
                            [
                                33.357397019863129,
                                35.401642620563507
                            ],
                            [
                                33.357439935207367,
                                35.401642620563507
                            ],
                            [
                                33.357439935207367,
                                35.401650667190552
                            ],
                            [
                                33.358024656772614,
                                35.401650667190552
                            ],
                            [
                                33.358024656772614,
                                35.401658713817596
                            ],
                            [
                                33.358064889907837,
                                35.401658713817596
                            ],
                            [
                                33.358064889907837,
                                35.401666760444641
                            ],
                            [
                                33.358628153800964,
                                35.401664078235626
                            ],
                            [
                                33.358628153800964,
                                35.401674807071686
                            ],
                            [
                                33.358671069145203,
                                35.401674807071686
                            ],
                            [
                                33.358671069145203,
                                35.40168285369873
                            ],
                            [
                                33.359255790710449,
                                35.401680171489716
                            ],
                            [
                                33.359255790710449,
                                35.40168821811676
                            ],
                            [
                                33.359290659427643,
                                35.40168821811676
                            ],
                            [
                                33.359293341636658,
                                35.401696264743805
                            ],
                            [
                                33.359880745410919,
                                35.401696264743805
                            ],
                            [
                                33.359880745410919,
                                35.40170431137085
                            ],
                            [
                                33.359918296337128,
                                35.40170431137085
                            ],
                            [
                                33.359918296337128,
                                35.401712357997894
                            ],
                            [
                                33.360508382320404,
                                35.401709675788879
                            ],
                            [
                                33.360508382320404,
                                35.401720404624939
                            ],
                            [
                                33.360545933246613,
                                35.401720404624939
                            ],
                            [
                                33.360545933246613,
                                35.401728451251984
                            ],
                            [
                                33.36111456155777,
                                35.401725769042969
                            ],
                            [
                                33.36111456155777,
                                35.401733815670013
                            ],
                            [
                                33.361144065856934,
                                35.401733815670013
                            ],
                            [
                                33.361144065856934,
                                35.401744544506073
                            ],
                            [
                                33.36173951625824,
                                35.401741862297058
                            ],
                            [
                                33.36173951625824,
                                35.401749908924103
                            ],
                            [
                                33.361771702766418,
                                35.401749908924103
                            ],
                            [
                                33.361771702766418,
                                35.401757955551147
                            ],
                            [
                                33.362367153167725,
                                35.401757955551147
                            ],
                            [
                                33.36236983537674,
                                35.401766002178192
                            ],
                            [
                                33.362399339675903,
                                35.401766002178192
                            ],
                            [
                                33.362399339675903,
                                35.401774048805237
                            ],
                            [
                                33.36297333240509,
                                35.401771366596222
                            ],
                            [
                                33.36297333240509,
                                35.401779413223267
                            ],
                            [
                                33.362997472286224,
                                35.401779413223267
                            ],
                            [
                                33.363000154495239,
                                35.401790142059326
                            ],
                            [
                                33.36359828710556,
                                35.401787459850311
                            ],
                            [
                                33.36359828710556,
                                35.401795506477356
                            ],
                            [
                                33.363625109195709,
                                35.401795506477356
                            ],
                            [
                                33.363625109195709,
                                35.401803553104401
                            ],
                            [
                                33.364225924015045,
                                35.401803553104401
                            ],
                            [
                                33.364225924015045,
                                35.401811599731445
                            ],
                            [
                                33.364252746105194,
                                35.401811599731445
                            ],
                            [
                                33.364252746105194,
                                35.40181964635849
                            ],
                            [
                                33.364832103252411,
                                35.401816964149475
                            ],
                            [
                                33.36485356092453,
                                35.401835739612579
                            ],
                            [
                                33.365457057952881,
                                35.401833057403564
                            ],
                            [
                                33.365478515625,
                                35.401849150657654
                            ],
                            [
                                33.366084694862366,
                                35.401849150657654
                            ],
                            [
                                33.366106152534485,
                                35.401865243911743
                            ],
                            [
                                33.366709649562836,
                                35.401862561702728
                            ],
                            [
                                33.366709649562836,
                                35.401870608329773
                            ],
                            [
                                33.366725742816925,
                                35.401870608329773
                            ],
                            [
                                33.366725742816925,
                                35.401881337165833
                            ],
                            [
                                33.367315828800201,
                                35.401878654956818
                            ],
                            [
                                33.367331922054291,
                                35.401894748210907
                            ],
                            [
                                33.367943465709686,
                                35.401894748210907
                            ],
                            [
                                33.367959558963776,
                                35.401910841464996
                            ],
                            [
                                33.368568420410156,
                                35.401908159255981
                            ],
                            [
                                33.368568420410156,
                                35.401916205883026
                            ],
                            [
                                33.368584513664246,
                                35.401916205883026
                            ],
                            [
                                33.368584513664246,
                                35.401926934719086
                            ],
                            [
                                33.369174599647522,
                                35.401924252510071
                            ],
                            [
                                33.369185328483582,
                                35.40194034576416
                            ],
                            [
                                33.369802236557007,
                                35.40194034576416
                            ],
                            [
                                33.369810283184052,
                                35.40195643901825
                            ],
                            [
                                33.370427191257477,
                                35.401953756809235
                            ],
                            [
                                33.370437920093536,
                                35.401972532272339
                            ],
                            [
                                33.371033370494843,
                                35.401969850063324
                            ],
                            [
                                33.371038734912872,
                                35.401985943317413
                            ],
                            [
                                33.371658325195312,
                                35.401985943317413
                            ],
                            [
                                33.371663689613342,
                                35.402002036571503
                            ],
                            [
                                33.372285962104797,
                                35.401999354362488
                            ],
                            [
                                33.372291326522827,
                                35.402018129825592
                            ],
                            [
                                33.372892141342163,
                                35.402015447616577
                            ],
                            [
                                33.372892141342163,
                                35.402031540870667
                            ],
                            [
                                33.373517096042633,
                                35.402031540870667
                            ],
                            [
                                33.373517096042633,
                                35.402047634124756
                            ],
                            [
                                33.374144732952118,
                                35.402044951915741
                            ],
                            [
                                33.374144732952118,
                                35.402063727378845
                            ],
                            [
                                33.374750912189484,
                                35.40206104516983
                            ],
                            [
                                33.374750912189484,
                                35.40207713842392
                            ],
                            [
                                33.375375866889954,
                                35.40207713842392
                            ],
                            [
                                33.375375866889954,
                                35.402093231678009
                            ],
                            [
                                33.376003503799438,
                                35.402090549468994
                            ],
                            [
                                33.376003503799438,
                                35.402109324932098
                            ],
                            [
                                33.376628458499908,
                                35.402106642723083
                            ],
                            [
                                33.376628458499908,
                                35.402122735977173
                            ],
                            [
                                33.377234637737274,
                                35.402122735977173
                            ],
                            [
                                33.377237319946289,
                                35.402138829231262
                            ],
                            [
                                33.377862274646759,
                                35.402136147022247
                            ],
                            [
                                33.377862274646759,
                                35.402154922485352
                            ],
                            [
                                33.378487229347229,
                                35.402152240276337
                            ],
                            [
                                33.378489911556244,
                                35.402168333530426
                            ],
                            [
                                33.379093408584595,
                                35.402165651321411
                            ],
                            [
                                33.379093408584595,
                                35.402184426784515
                            ],
                            [
                                33.37972104549408,
                                35.4021817445755
                            ],
                            [
                                33.37972104549408,
                                35.40219783782959
                            ],
                            [
                                33.38034600019455,
                                35.40219783782959
                            ],
                            [
                                33.38034600019455,
                                35.402213931083679
                            ],
                            [
                                33.380952179431915,
                                35.402211248874664
                            ],
                            [
                                33.380952179431915,
                                35.402230024337769
                            ],
                            [
                                33.3815798163414,
                                35.402227342128754
                            ],
                            [
                                33.3815798163414,
                                35.402243435382843
                            ],
                            [
                                33.38220477104187,
                                35.402243435382843
                            ],
                            [
                                33.38220477104187,
                                35.402259528636932
                            ],
                            [
                                33.382810950279236,
                                35.402256846427917
                            ],
                            [
                                33.382813632488251,
                                35.402275621891022
                            ],
                            [
                                33.383438587188721,
                                35.402272939682007
                            ],
                            [
                                33.383438587188721,
                                35.402289032936096
                            ],
                            [
                                33.384063541889191,
                                35.402289032936096
                            ],
                            [
                                33.384063541889191,
                                35.402305126190186
                            ],
                            [
                                33.384669721126556,
                                35.402302443981171
                            ],
                            [
                                33.384669721126556,
                                35.402321219444275
                            ],
                            [
                                33.385294675827026,
                                35.40231853723526
                            ],
                            [
                                33.385297358036041,
                                35.402334630489349
                            ],
                            [
                                33.385922312736511,
                                35.402334630489349
                            ],
                            [
                                33.385922312736511,
                                35.402350723743439
                            ],
                            [
                                33.386528491973877,
                                35.402348041534424
                            ],
                            [
                                33.386528491973877,
                                35.402366816997528
                            ],
                            [
                                33.387153446674347,
                                35.402364134788513
                            ],
                            [
                                33.387153446674347,
                                35.402380228042603
                            ],
                            [
                                33.387781083583832,
                                35.402377545833588
                            ],
                            [
                                33.387781083583832,
                                35.402396321296692
                            ],
                            [
                                33.388387262821198,
                                35.402393639087677
                            ],
                            [
                                33.388387262821198,
                                35.402409732341766
                            ],
                            [
                                33.389012217521667,
                                35.402409732341766
                            ],
                            [
                                33.389012217521667,
                                35.402425825595856
                            ],
                            [
                                33.389639854431152,
                                35.402423143386841
                            ],
                            [
                                33.389639854431152,
                                35.402441918849945
                            ],
                            [
                                33.390246033668518,
                                35.40243923664093
                            ],
                            [
                                33.390246033668518,
                                35.40245532989502
                            ],
                            [
                                33.390870988368988,
                                35.40245532989502
                            ],
                            [
                                33.390870988368988,
                                35.402471423149109
                            ],
                            [
                                33.391477167606354,
                                35.402468740940094
                            ],
                            [
                                33.391477167606354,
                                35.402487516403198
                            ],
                            [
                                33.392104804515839,
                                35.402484834194183
                            ],
                            [
                                33.392107486724854,
                                35.402500927448273
                            ],
                            [
                                33.392729759216309,
                                35.402498245239258
                            ],
                            [
                                33.392729759216309,
                                35.402517020702362
                            ],
                            [
                                33.393335938453674,
                                35.402514338493347
                            ],
                            [
                                33.393335938453674,
                                35.402530431747437
                            ],
                            [
                                33.393963575363159,
                                35.402530431747437
                            ],
                            [
                                33.393963575363159,
                                35.402546525001526
                            ],
                            [
                                33.394588530063629,
                                35.402543842792511
                            ],
                            [
                                33.394588530063629,
                                35.402562618255615
                            ],
                            [
                                33.395194709300995,
                                35.4025599360466
                            ],
                            [
                                33.395194709300995,
                                35.40257602930069
                            ],
                            [
                                33.395819664001465,
                                35.40257602930069
                            ],
                            [
                                33.395819664001465,
                                35.402592122554779
                            ],
                            [
                                33.39644730091095,
                                35.402589440345764
                            ],
                            [
                                33.39644730091095,
                                35.402608215808868
                            ],
                            [
                                33.397053480148315,
                                35.402605533599854
                            ],
                            [
                                33.397053480148315,
                                35.402621626853943
                            ],
                            [
                                33.397678434848785,
                                35.402618944644928
                            ],
                            [
                                33.397678434848785,
                                35.402637720108032
                            ],
                            [
                                33.39830607175827,
                                35.402635037899017
                            ],
                            [
                                33.39830607175827,
                                35.402651131153107
                            ],
                            [
                                33.398912250995636,
                                35.402651131153107
                            ],
                            [
                                33.398912250995636,
                                35.402667224407196
                            ],
                            [
                                33.399537205696106,
                                35.402664542198181
                            ],
                            [
                                33.399537205696106,
                                35.402683317661285
                            ],
                            [
                                33.400164842605591,
                                35.402680635452271
                            ],
                            [
                                33.400164842605591,
                                35.40269672870636
                            ],
                            [
                                33.400771021842957,
                                35.402694046497345
                            ],
                            [
                                33.400771021842957,
                                35.402712821960449
                            ],
                            [
                                33.401395976543427,
                                35.402710139751434
                            ],
                            [
                                33.401395976543427,
                                35.402726233005524
                            ],
                            [
                                33.402002155780792,
                                35.402726233005524
                            ],
                            [
                                33.402002155780792,
                                35.402742326259613
                            ],
                            [
                                33.402629792690277,
                                35.402739644050598
                            ],
                            [
                                33.402629792690277,
                                35.402758419513702
                            ],
                            [
                                33.403254747390747,
                                35.402755737304688
                            ],
                            [
                                33.403254747390747,
                                35.402771830558777
                            ],
                            [
                                33.403860926628113,
                                35.402771830558777
                            ],
                            [
                                33.403860926628113,
                                35.402787923812866
                            ],
                            [
                                33.404359817504883,
                                35.402782559394836
                            ],
                            [
                                33.404488563537598,
                                35.402785241603851
                            ],
                            [
                                33.404488563537598,
                                35.402801334857941
                            ],
                            [
                                33.405113518238068,
                                35.402801334857941
                            ],
                            [
                                33.405113518238068,
                                35.40281742811203
                            ],
                            [
                                33.405719697475433,
                                35.402814745903015
                            ],
                            [
                                33.405719697475433,
                                35.402833521366119
                            ],
                            [
                                33.406344652175903,
                                35.402830839157104
                            ],
                            [
                                33.406344652175903,
                                35.402846932411194
                            ],
                            [
                                33.406950831413269,
                                35.402846932411194
                            ],
                            [
                                33.406950831413269,
                                35.402863025665283
                            ],
                            [
                                33.407498002052307,
                                35.402857661247253
                            ],
                            [
                                33.407578468322754,
                                35.402860343456268
                            ],
                            [
                                33.407578468322754,
                                35.402876436710358
                            ],
                            [
                                33.408203423023224,
                                35.402876436710358
                            ],
                            [
                                33.408203423023224,
                                35.402892529964447
                            ],
                            [
                                33.40880960226059,
                                35.402889847755432
                            ],
                            [
                                33.408812284469604,
                                35.402908623218536
                            ],
                            [
                                33.409437239170074,
                                35.402905941009521
                            ],
                            [
                                33.409439921379089,
                                35.402922034263611
                            ],
                            [
                                33.410062193870544,
                                35.402919352054596
                            ],
                            [
                                33.410062193870544,
                                35.4029381275177
                            ],
                            [
                                33.41066837310791,
                                35.402935445308685
                            ],
                            [
                                33.41066837310791,
                                35.402951538562775
                            ],
                            [
                                33.411296010017395,
                                35.402951538562775
                            ],
                            [
                                33.411296010017395,
                                35.402967631816864
                            ],
                            [
                                33.411899507045746,
                                35.402964949607849
                            ],
                            [
                                33.411899507045746,
                                35.402983725070953
                            ],
                            [
                                33.412527143955231,
                                35.402981042861938
                            ],
                            [
                                33.412527143955231,
                                35.402997136116028
                            ],
                            [
                                33.413154780864716,
                                35.402994453907013
                            ],
                            [
                                33.413154780864716,
                                35.403013229370117
                            ],
                            [
                                33.413758277893066,
                                35.403010547161102
                            ],
                            [
                                33.413758277893066,
                                35.403026640415192
                            ],
                            [
                                33.414385914802551,
                                35.403026640415192
                            ],
                            [
                                33.414388597011566,
                                35.403042733669281
                            ],
                            [
                                33.415013551712036,
                                35.403040051460266
                            ],
                            [
                                33.415013551712036,
                                35.40305882692337
                            ],
                            [
                                33.415617048740387,
                                35.403056144714355
                            ],
                            [
                                33.415617048740387,
                                35.403072237968445
                            ],
                            [
                                33.416244685649872,
                                35.40306955575943
                            ],
                            [
                                33.416244685649872,
                                35.403088331222534
                            ],
                            [
                                33.416850864887238,
                                35.403085649013519
                            ],
                            [
                                33.416850864887238,
                                35.403101742267609
                            ],
                            [
                                33.417475819587708,
                                35.403099060058594
                            ],
                            [
                                33.417481184005737,
                                35.403117835521698
                            ],
                            [
                                33.418103456497192,
                                35.403115153312683
                            ],
                            [
                                33.418103456497192,
                                35.403131246566772
                            ],
                            [
                                33.418709635734558,
                                35.403131246566772
                            ],
                            [
                                33.418712317943573,
                                35.403147339820862
                            ],
                            [
                                33.419334590435028,
                                35.403144657611847
                            ],
                            [
                                33.419334590435028,
                                35.403163433074951
                            ],
                            [
                                33.419940769672394,
                                35.403160750865936
                            ],
                            [
                                33.419940769672394,
                                35.403176844120026
                            ],
                            [
                                33.420568406581879,
                                35.403174161911011
                            ],
                            [
                                33.420571088790894,
                                35.403192937374115
                            ],
                            [
                                33.421193361282349,
                                35.4031902551651
                            ],
                            [
                                33.421193361282349,
                                35.403206348419189
                            ],
                            [
                                33.421799540519714,
                                35.403203666210175
                            ],
                            [
                                33.421799540519714,
                                35.403222441673279
                            ],
                            [
                                33.422424495220184,
                                35.403219759464264
                            ],
                            [
                                33.422424495220184,
                                35.403235852718353
                            ],
                            [
                                33.42303067445755,
                                35.403235852718353
                            ],
                            [
                                33.42303067445755,
                                35.403251945972443
                            ],
                            [
                                33.423658311367035,
                                35.403249263763428
                            ],
                            [
                                33.423658311367035,
                                35.403268039226532
                            ],
                            [
                                33.424283266067505,
                                35.403265357017517
                            ],
                            [
                                33.424283266067505,
                                35.403281450271606
                            ],
                            [
                                33.424889445304871,
                                35.403278768062592
                            ],
                            [
                                33.424889445304871,
                                35.403297543525696
                            ],
                            [
                                33.425517082214355,
                                35.403294861316681
                            ],
                            [
                                33.42551976442337,
                                35.40331095457077
                            ],
                            [
                                33.426123261451721,
                                35.403308272361755
                            ],
                            [
                                33.426123261451721,
                                35.40332704782486
                            ],
                            [
                                33.426748216152191,
                                35.403324365615845
                            ],
                            [
                                33.426748216152191,
                                35.403340458869934
                            ],
                            [
                                33.427375853061676,
                                35.403340458869934
                            ],
                            [
                                33.427375853061676,
                                35.403356552124023
                            ],
                            [
                                33.427979350090027,
                                35.403353869915009
                            ],
                            [
                                33.427982032299042,
                                35.403369963169098
                            ],
                            [
                                33.428606986999512,
                                35.403369963169098
                            ],
                            [
                                33.428606986999512,
                                35.403386056423187
                            ],
                            [
                                33.429213166236877,
                                35.403383374214172
                            ],
                            [
                                33.429213166236877,
                                35.403402149677277
                            ],
                            [
                                33.429838120937347,
                                35.403399467468262
                            ],
                            [
                                33.429840803146362,
                                35.403415560722351
                            ],
                            [
                                33.430465757846832,
                                35.403412878513336
                            ],
                            [
                                33.430465757846832,
                                35.40343165397644
                            ],
                            [
                                33.431071937084198,
                                35.403428971767426
                            ],
                            [
                                33.431071937084198,
                                35.403445065021515
                            ],
                            [
                                33.431696891784668,
                                35.4034423828125
                            ],
                            [
                                33.431696891784668,
                                35.403461158275604
                            ],
                            [
                                33.432303071022034,
                                35.403458476066589
                            ],
                            [
                                33.432303071022034,
                                35.403474569320679
                            ],
                            [
                                33.432930707931519,
                                35.403474569320679
                            ],
                            [
                                33.432930707931519,
                                35.403490662574768
                            ],
                            [
                                33.433536887168884,
                                35.403487980365753
                            ],
                            [
                                33.433536887168884,
                                35.403504073619843
                            ],
                            [
                                33.434161841869354,
                                35.403504073619843
                            ],
                            [
                                33.434161841869354,
                                35.403520166873932
                            ],
                            [
                                33.434789478778839,
                                35.403517484664917
                            ],
                            [
                                33.434789478778839,
                                35.403536260128021
                            ],
                            [
                                33.43539297580719,
                                35.403533577919006
                            ],
                            [
                                33.43539297580719,
                                35.403549671173096
                            ],
                            [
                                33.436020612716675,
                                35.403546988964081
                            ],
                            [
                                33.436020612716675,
                                35.403565764427185
                            ],
                            [
                                33.436626791954041,
                                35.40356308221817
                            ],
                            [
                                33.436626791954041,
                                35.40357917547226
                            ],
                            [
                                33.43725174665451,
                                35.403576493263245
                            ],
                            [
                                33.437254428863525,
                                35.403595268726349
                            ],
                            [
                                33.437879383563995,
                                35.403592586517334
                            ],
                            [
                                33.43788206577301,
                                35.403608679771423
                            ],
                            [
                                33.438485562801361,
                                35.403605997562408
                            ],
                            [
                                33.438485562801361,
                                35.403624773025513
                            ],
                            [
                                33.439110517501831,
                                35.403622090816498
                            ],
                            [
                                33.439110517501831,
                                35.403638184070587
                            ],
                            [
                                33.439716696739197,
                                35.403638184070587
                            ],
                            [
                                33.439716696739197,
                                35.403654277324677
                            ],
                            [
                                33.440344333648682,
                                35.403651595115662
                            ],
                            [
                                33.440344333648682,
                                35.403667688369751
                            ],
                            [
                                33.440947830677032,
                                35.403667688369751
                            ],
                            [
                                33.440950512886047,
                                35.40368378162384
                            ],
                            [
                                33.441575467586517,
                                35.403681099414825
                            ],
                            [
                                33.441575467586517,
                                35.403697192668915
                            ],
                            [
                                33.442203104496002,
                                35.403697192668915
                            ],
                            [
                                33.442203104496002,
                                35.403713285923004
                            ],
                            [
                                33.442806601524353,
                                35.403710603713989
                            ],
                            [
                                33.442806601524353,
                                35.403729379177094
                            ],
                            [
                                33.443434238433838,
                                35.403726696968079
                            ],
                            [
                                33.443434238433838,
                                35.403742790222168
                            ],
                            [
                                33.444040417671204,
                                35.403740108013153
                            ],
                            [
                                33.444040417671204,
                                35.403758883476257
                            ],
                            [
                                33.444665372371674,
                                35.403756201267242
                            ],
                            [
                                33.444665372371674,
                                35.403772294521332
                            ],
                            [
                                33.445271551609039,
                                35.403769612312317
                            ],
                            [
                                33.445271551609039,
                                35.403788387775421
                            ],
                            [
                                33.445899188518524,
                                35.403785705566406
                            ],
                            [
                                33.445899188518524,
                                35.403801798820496
                            ],
                            [
                                33.44650536775589,
                                35.403799116611481
                            ],
                            [
                                33.44650536775589,
                                35.403817892074585
                            ],
                            [
                                33.44713032245636,
                                35.40381520986557
                            ],
                            [
                                33.447133004665375,
                                35.403831303119659
                            ],
                            [
                                33.447757959365845,
                                35.403828620910645
                            ],
                            [
                                33.447757959365845,
                                35.403847396373749
                            ],
                            [
                                33.448361456394196,
                                35.403844714164734
                            ],
                            [
                                33.448361456394196,
                                35.403860807418823
                            ],
                            [
                                33.44898909330368,
                                35.403858125209808
                            ],
                            [
                                33.44898909330368,
                                35.403876900672913
                            ],
                            [
                                33.449595272541046,
                                35.403874218463898
                            ],
                            [
                                33.449595272541046,
                                35.403890311717987
                            ],
                            [
                                33.450220227241516,
                                35.403887629508972
                            ],
                            [
                                33.450220227241516,
                                35.403906404972076
                            ],
                            [
                                33.450826406478882,
                                35.403903722763062
                            ],
                            [
                                33.450826406478882,
                                35.403919816017151
                            ],
                            [
                                33.451454043388367,
                                35.403917133808136
                            ],
                            [
                                33.451459407806396,
                                35.40393590927124
                            ],
                            [
                                33.452060222625732,
                                35.403933227062225
                            ],
                            [
                                33.452060222625732,
                                35.403949320316315
                            ],
                            [
                                33.452685177326202,
                                35.4039466381073
                            ],
                            [
                                33.452685177326202,
                                35.403965413570404
                            ],
                            [
                                33.453312814235687,
                                35.403962731361389
                            ],
                            [
                                33.453312814235687,
                                35.403978824615479
                            ],
                            [
                                33.453918993473053,
                                35.403978824615479
                            ],
                            [
                                33.453918993473053,
                                35.403994917869568
                            ],
                            [
                                33.454543948173523,
                                35.403992235660553
                            ],
                            [
                                33.454543948173523,
                                35.404008328914642
                            ],
                            [
                                33.455150127410889,
                                35.404008328914642
                            ],
                            [
                                33.455150127410889,
                                35.404024422168732
                            ],
                            [
                                33.455775082111359,
                                35.404021739959717
                            ],
                            [
                                33.455775082111359,
                                35.404037833213806
                            ],
                            [
                                33.456381261348724,
                                35.404037833213806
                            ],
                            [
                                33.456381261348724,
                                35.404053926467896
                            ],
                            [
                                33.457008898258209,
                                35.404051244258881
                            ],
                            [
                                33.457008898258209,
                                35.40406733751297
                            ],
                            [
                                33.457615077495575,
                                35.40406733751297
                            ],
                            [
                                33.457615077495575,
                                35.404083430767059
                            ],
                            [
                                33.458240032196045,
                                35.404080748558044
                            ],
                            [
                                33.458240032196045,
                                35.404096841812134
                            ],
                            [
                                33.458846211433411,
                                35.404096841812134
                            ],
                            [
                                33.458846211433411,
                                35.404112935066223
                            ],
                            [
                                33.459473848342896,
                                35.404110252857208
                            ],
                            [
                                33.459473848342896,
                                35.404126346111298
                            ],
                            [
                                33.460098803043365,
                                35.404126346111298
                            ],
                            [
                                33.460098803043365,
                                35.404142439365387
                            ],
                            [
                                33.460704982280731,
                                35.404139757156372
                            ],
                            [
                                33.460704982280731,
                                35.404155850410461
                            ],
                            [
                                33.461238741874695,
                                35.404153168201447
                            ],
                            [
                                33.461332619190216,
                                35.404155850410461
                            ],
                            [
                                33.461332619190216,
                                35.404171943664551
                            ],
                            [
                                33.461936116218567,
                                35.404169261455536
                            ],
                            [
                                33.461936116218567,
                                35.404185354709625
                            ],
                            [
                                33.462563753128052,
                                35.404185354709625
                            ],
                            [
                                33.462563753128052,
                                35.404201447963715
                            ],
                            [
                                33.463169932365417,
                                35.4041987657547
                            ],
                            [
                                33.463169932365417,
                                35.404214859008789
                            ],
                            [
                                33.463794887065887,
                                35.404214859008789
                            ],
                            [
                                33.463794887065887,
                                35.404230952262878
                            ],
                            [
                                33.464401066303253,
                                35.404228270053864
                            ],
                            [
                                33.464401066303253,
                                35.404244363307953
                            ],
                            [
                                33.465028703212738,
                                35.404241681098938
                            ],
                            [
                                33.465028703212738,
                                35.404260456562042
                            ],
                            [
                                33.465632200241089,
                                35.404257774353027
                            ],
                            [
                                33.465632200241089,
                                35.404273867607117
                            ],
                            [
                                33.466259837150574,
                                35.404271185398102
                            ],
                            [
                                33.466265201568604,
                                35.404289960861206
                            ],
                            [
                                33.466866016387939,
                                35.404287278652191
                            ],
                            [
                                33.466866016387939,
                                35.404303371906281
                            ],
                            [
                                33.467490971088409,
                                35.404300689697266
                            ],
                            [
                                33.467490971088409,
                                35.40431946516037
                            ],
                            [
                                33.468097150325775,
                                35.404316782951355
                            ],
                            [
                                33.468097150325775,
                                35.404332876205444
                            ],
                            [
                                33.468427062034607,
                                35.404332876205444
                            ],
                            [
                                33.46847265958786,
                                35.400419533252716
                            ],
                            [
                                33.471270203590393,
                                35.400406122207642
                            ],
                            [
                                33.471935391426086,
                                35.400414168834686
                            ],
                            [
                                33.476275205612183,
                                35.400406122207642
                            ],
                            [
                                33.479665517807007,
                                35.400390028953552
                            ],
                            [
                                33.480228781700134,
                                35.400398075580597
                            ],
                            [
                                33.484582006931305,
                                35.400390028953552
                            ],
                            [
                                33.487913310527802,
                                35.400373935699463
                            ],
                            [
                                33.488535583019257,
                                35.400381982326508
                            ],
                            [
                                33.492749333381653,
                                35.400373935699463
                            ],
                            [
                                33.49667876958847,
                                35.400355160236359
                            ],
                            [
                                33.496855795383453,
                                35.400363206863403
                            ],
                            [
                                33.499111533164978,
                                35.400360524654388
                            ],
                            [
                                33.504650294780731,
                                35.400339066982269
                            ],
                            [
                                33.505393266677856,
                                35.400347113609314
                            ],
                            [
                                33.513128757476807,
                                35.400320291519165
                            ],
                            [
                                33.51353645324707,
                                35.40032833814621
                            ],
                            [
                                33.517728745937347,
                                35.400320291519165
                            ],
                            [
                                33.521470427513123,
                                35.400301516056061
                            ],
                            [
                                33.522189259529114,
                                35.400309562683105
                            ],
                            [
                                33.529677987098694,
                                35.400282740592957
                            ],
                            [
                                33.530386090278625,
                                35.400290787220001
                            ],
                            [
                                33.538365662097931,
                                35.400261282920837
                            ],
                            [
                                33.539063036441803,
                                35.400269329547882
                            ],
                            [
                                33.546913862228394,
                                35.400239825248718
                            ],
                            [
                                33.547600507736206,
                                35.400247871875763
                            ],
                            [
                                33.555330634117126,
                                35.400218367576599
                            ],
                            [
                                33.556006550788879,
                                35.400226414203644
                            ],
                            [
                                33.563621342182159,
                                35.40019690990448
                            ],
                            [
                                33.564289212226868,
                                35.400204956531525
                            ],
                            [
                                33.57421875,
                                35.400172770023346
                            ],
                            [
                                33.57421875,
                                35.419921875
                            ],
                            [
                                33.662109375,
                                35.419921875
                            ],
                            [
                                33.662109375,
                                35.5078125
                            ],
                            [
                                33.75,
                                35.5078125
                            ],
                            [
                                33.75,
                                35.507254600524902
                            ],
                            [
                                33.74719575047493,
                                35.499026924371719
                            ],
                            [
                                33.7461818754673,
                                35.479377061128616
                            ],
                            [
                                33.746511787176132,
                                35.47542080283165
                            ],
                            [
                                33.747729510068893,
                                35.473216027021408
                            ],
                            [
                                33.747737556695938,
                                35.47080472111702
                            ],
                            [
                                33.749269098043442,
                                35.468318313360214
                            ],
                            [
                                33.75,
                                35.463995933532715
                            ],
                            [
                                33.750615566968918,
                                35.451238006353378
                            ],
                            [
                                33.751506060361862,
                                35.450132936239243
                            ],
                            [
                                33.751844018697739,
                                35.44744536280632
                            ],
                            [
                                33.751326352357864,
                                35.440906137228012
                            ],
                            [
                                33.752160519361496,
                                35.433953851461411
                            ],
                            [
                                33.75181719660759,
                                35.426639467477798
                            ],
                            [
                                33.75,
                                35.419921875
                            ],
                            [
                                33.75,
                                35.405864417552948
                            ],
                            [
                                33.74569907784462,
                                35.406455844640732
                            ],
                            [
                                33.734174966812134,
                                35.405990481376648
                            ],
                            [
                                33.733500391244888,
                                35.403652936220169
                            ],
                            [
                                33.734020739793777,
                                35.399361401796341
                            ],
                            [
                                33.73134657740593,
                                35.395850390195847
                            ],
                            [
                                33.728406876325607,
                                35.393760949373245
                            ],
                            [
                                33.726792186498642,
                                35.387750118970871
                            ],
                            [
                                33.727191835641861,
                                35.383461266756058
                            ],
                            [
                                33.729359060525894,
                                35.380341857671738
                            ],
                            [
                                33.734067678451538,
                                35.379447340965271
                            ],
                            [
                                33.741670399904251,
                                35.378335565328598
                            ],
                            [
                                33.75,
                                35.379420518875122
                            ],
                            [
                                33.752031773328781,
                                35.378609150648117
                            ],
                            [
                                33.759603649377823,
                                35.379303842782974
                            ],
                            [
                                33.762779384851456,
                                35.377938598394394
                            ],
                            [
                                33.774212300777435,
                                35.379393696784973
                            ],
                            [
                                33.776093870401382,
                                35.377965420484543
                            ],
                            [
                                33.787010461091995,
                                35.377528220415115
                            ],
                            [
                                33.788458853960037,
                                35.378410667181015
                            ],
                            [
                                33.796903789043427,
                                35.379334688186646
                            ],
                            [
                                33.796953409910202,
                                35.379268974065781
                            ],
                            [
                                33.796948045492172,
                                35.379070490598679
                            ],
                            [
                                33.796616792678833,
                                35.377349853515625
                            ],
                            [
                                33.79626676440239,
                                35.371090918779373
                            ],
                            [
                                33.79800483584404,
                                35.360375493764877
                            ],
                            [
                                33.798189908266068,
                                35.353943556547165
                            ],
                            [
                                33.801252990961075,
                                35.344987660646439
                            ],
                            [
                                33.800574392080307,
                                35.337480157613754
                            ],
                            [
                                33.798884600400925,
                                35.334698706865311
                            ],
                            [
                                33.798948973417282,
                                35.333405882120132
                            ],
                            [
                                33.795554637908936,
                                35.33203125
                            ],
                            [
                                33.796906471252441,
                                35.33203125
                            ],
                            [
                                33.797744661569595,
                                35.332856029272079
                            ],
                            [
                                33.804802894592285,
                                35.33203125
                            ],
                            [
                                33.809115886688232,
                                35.33203125
                            ],
                            [
                                33.817755281925201,
                                35.33203125
                            ],
                            [
                                33.817838430404663,
                                35.314178466796875
                            ],
                            [
                                33.817311376333237,
                                35.313844531774521
                            ],
                            [
                                33.817943036556244,
                                35.2880859375
                            ],
                            [
                                33.816734701395035,
                                35.287800282239914
                            ],
                            [
                                33.816622048616409,
                                35.2857805788517
                            ],
                            [
                                33.81336584687233,
                                35.284053236246109
                            ],
                            [
                                33.812689930200577,
                                35.280131846666336
                            ],
                            [
                                33.815117329359055,
                                35.27230516076088
                            ],
                            [
                                33.814437389373779,
                                35.26885986328125
                            ],
                            [
                                33.815227299928665,
                                35.268139690160751
                            ],
                            [
                                33.814425319433212,
                                35.26629164814949
                            ],
                            [
                                33.814800828695297,
                                35.25967463850975
                            ],
                            [
                                33.816504031419754,
                                35.258588343858719
                            ],
                            [
                                33.817249685525894,
                                35.256831496953964
                            ],
                            [
                                33.817870616912842,
                                35.244140625
                            ],
                            [
                                33.81722554564476,
                                35.24208202958107
                            ],
                            [
                                33.815812021493912,
                                35.241561681032181
                            ],
                            [
                                33.815724849700928,
                                35.240020751953125
                            ],
                            [
                                33.816377967596054,
                                35.233182460069656
                            ],
                            [
                                33.815932720899582,
                                35.230492204427719
                            ],
                            [
                                33.817120939493179,
                                35.225905627012253
                            ],
                            [
                                33.81635919213295,
                                35.222780853509903
                            ],
                            [
                                33.816951960325241,
                                35.216410607099533
                            ],
                            [
                                33.815565258264542,
                                35.210759192705154
                            ],
                            [
                                33.816136568784714,
                                35.208165496587753
                            ],
                            [
                                33.815541118383408,
                                35.205772966146469
                            ],
                            [
                                33.817332834005356,
                                35.203495770692825
                            ],
                            [
                                33.817779421806335,
                                35.2001953125
                            ],
                            [
                                33.817306011915207,
                                35.194767862558365
                            ],
                            [
                                33.815817385911942,
                                35.192378014326096
                            ],
                            [
                                33.815664499998093,
                                35.188966244459152
                            ],
                            [
                                33.81696805357933,
                                35.185439139604568
                            ],
                            [
                                33.816949278116226,
                                35.181592851877213
                            ],
                            [
                                33.815187066793442,
                                35.174219459295273
                            ],
                            [
                                33.817693591117859,
                                35.172461271286011
                            ],
                            [
                                33.8174669444561,
                                35.171220749616623
                            ],
                            [
                                33.814114183187485,
                                35.168825536966324
                            ],
                            [
                                33.811700195074081,
                                35.163589864969254
                            ],
                            [
                                33.809760957956314,
                                35.163203626871109
                            ],
                            [
                                33.809809237718582,
                                35.158901363611221
                            ],
                            [
                                33.808844983577728,
                                35.15625
                            ],
                            [
                                33.807674199342728,
                                35.155516415834427
                            ],
                            [
                                33.805295079946518,
                                35.156076997518539
                            ],
                            [
                                33.799080401659012,
                                35.15519455075264
                            ],
                            [
                                33.79395067691803,
                                35.15625
                            ],
                            [
                                33.793902397155762,
                                35.15625
                            ],
                            [
                                33.7884521484375,
                                35.157322883605957
                            ],
                            [
                                33.778281211853027,
                                35.15625
                            ],
                            [
                                33.774418830871582,
                                35.15625
                            ],
                            [
                                33.773344606161118,
                                35.157672911882401
                            ],
                            [
                                33.77003476023674,
                                35.157723873853683
                            ],
                            [
                                33.765115588903427,
                                35.15719011425972
                            ],
                            [
                                33.763717981722181,
                                35.15625
                            ],
                            [
                                33.763708770275116,
                                35.15625
                            ],
                            [
                                33.75829204916954,
                                35.15605553984642
                            ],
                            [
                                33.75479981303215,
                                35.155065804719925
                            ],
                            [
                                33.752102851867676,
                                35.15625
                            ],
                            [
                                33.75,
                                35.15624463558197
                            ],
                            [
                                33.750937432050705,
                                35.155760496854782
                            ],
                            [
                                33.751964718103409,
                                35.152901262044907
                            ],
                            [
                                33.752039819955826,
                                35.148958414793015
                            ],
                            [
                                33.754030019044876,
                                35.147949904203415
                            ],
                            [
                                33.754571825265884,
                                35.146176964044571
                            ],
                            [
                                33.754198998212814,
                                35.138862580060959
                            ],
                            [
                                33.752761334180832,
                                35.135104805231094
                            ],
                            [
                                33.752619177103043,
                                35.131529420614243
                            ],
                            [
                                33.75,
                                35.130801200866699
                            ],
                            [
                                33.74855563044548,
                                35.125709027051926
                            ],
                            [
                                33.748834580183029,
                                35.123295038938522
                            ],
                            [
                                33.75,
                                35.121874809265137
                            ],
                            [
                                33.751168102025986,
                                35.117029398679733
                            ],
                            [
                                33.75,
                                35.11231005191803
                            ],
                            [
                                33.75,
                                35.110716819763184
                            ],
                            [
                                33.748971372842789,
                                35.108524113893509
                            ],
                            [
                                33.75,
                                35.103163719177246
                            ],
                            [
                                33.749958425760269,
                                35.101303607225418
                            ],
                            [
                                33.747716099023819,
                                35.097242742776871
                            ],
                            [
                                33.74892845749855,
                                35.095829218626022
                            ],
                            [
                                33.749159127473831,
                                35.092910975217819
                            ],
                            [
                                33.75,
                                35.092692375183105
                            ],
                            [
                                33.75,
                                35.091490745544434
                            ],
                            [
                                33.748630732297897,
                                35.088785737752914
                            ],
                            [
                                33.75,
                                35.084881782531738
                            ],
                            [
                                33.75,
                                35.080418586730957
                            ],
                            [
                                33.750339299440384,
                                35.07853701710701
                            ],
                            [
                                33.752533346414566,
                                35.076605826616287
                            ],
                            [
                                33.75268891453743,
                                35.075382739305496
                            ],
                            [
                                33.750840872526169,
                                35.073156505823135
                            ],
                            [
                                33.75,
                                35.068359375
                            ],
                            [
                                33.750623613595963,
                                35.066630691289902
                            ],
                            [
                                33.753625005483627,
                                35.066142529249191
                            ],
                            [
                                33.760079741477966,
                                35.068359375
                            ],
                            [
                                33.760092669532625,
                                35.068359375
                            ],
                            [
                                33.762403875589371,
                                35.066566318273544
                            ],
                            [
                                33.770241290330887,
                                35.067202001810074
                            ],
                            [
                                33.772101402282715,
                                35.068359375
                            ],
                            [
                                33.773661106824875,
                                35.069103688001633
                            ],
                            [
                                33.779053688049316,
                                35.068359375
                            ],
                            [
                                33.785924166440964,
                                35.067097395658493
                            ],
                            [
                                33.787085562944412,
                                35.067199319601059
                            ],
                            [
                                33.787636756896973,
                                35.068359375
                            ],
                            [
                                33.790339082479477,
                                35.06892129778862
                            ],
                            [
                                33.792463568878119,
                                35.068359375
                            ],
                            [
                                33.788118213415146,
                                35.066923052072525
                            ],
                            [
                                33.784328252077103,
                                35.066877454519272
                            ],
                            [
                                33.78021240234375,
                                35.06760835647583
                            ],
                            [
                                33.776013404130936,
                                35.067000836133957
                            ],
                            [
                                33.77471923828125,
                                35.067822933197021
                            ],
                            [
                                33.771708458662033,
                                35.067985206842422
                            ],
                            [
                                33.770117908716202,
                                35.066861361265182
                            ],
                            [
                                33.764868825674057,
                                35.065699964761734
                            ],
                            [
                                33.763731569051743,
                                35.062239915132523
                            ],
                            [
                                33.760577291250229,
                                35.062076300382614
                            ],
                            [
                                33.757417649030685,
                                35.060225576162338
                            ],
                            [
                                33.756867796182632,
                                35.059152692556381
                            ],
                            [
                                33.754292875528336,
                                35.058230012655258
                            ],
                            [
                                33.752957135438919,
                                35.054842382669449
                            ],
                            [
                                33.753587454557419,
                                35.050910264253616
                            ],
                            [
                                33.75,
                                35.044291913509369
                            ],
                            [
                                33.749480992555618,
                                35.045175701379776
                            ],
                            [
                                33.746265023946762,
                                35.044352263212204
                            ],
                            [
                                33.741616755723953,
                                35.044995993375778
                            ],
                            [
                                33.740967661142349,
                                35.046224445104599
                            ],
                            [
                                33.738229125738144,
                                35.046656280755997
                            ],
                            [
                                33.735053390264511,
                                35.046457797288895
                            ],
                            [
                                33.734934031963348,
                                35.044415295124054
                            ],
                            [
                                33.733755201101303,
                                35.042096525430679
                            ],
                            [
                                33.734932690858841,
                                35.034382492303848
                            ],
                            [
                                33.734221905469894,
                                35.025488287210464
                            ],
                            [
                                33.734913915395737,
                                35.025225430727005
                            ],
                            [
                                33.734868317842484,
                                35.021046549081802
                            ],
                            [
                                33.733264356851578,
                                35.012117475271225
                            ],
                            [
                                33.734240680932999,
                                35.007691830396652
                            ],
                            [
                                33.733827620744705,
                                35.002450793981552
                            ],
                            [
                                33.734736889600754,
                                35.000055581331253
                            ],
                            [
                                33.733964413404465,
                                34.990305751562119
                            ],
                            [
                                33.734803944826126,
                                34.989627152681351
                            ],
                            [
                                33.734975606203079,
                                34.986201971769333
                            ],
                            [
                                33.734372109174728,
                                34.981910437345505
                            ],
                            [
                                33.735204935073853,
                                34.98046875
                            ],
                            [
                                33.730493634939194,
                                34.979598373174667
                            ],
                            [
                                33.729552179574966,
                                34.974000602960587
                            ],
                            [
                                33.724241405725479,
                                34.963784068822861
                            ],
                            [
                                33.723656684160233,
                                34.957384318113327
                            ],
                            [
                                33.726333528757095,
                                34.952526837587357
                            ],
                            [
                                33.727873116731644,
                                34.947277754545212
                            ],
                            [
                                33.730751127004623,
                                34.943420737981796
                            ],
                            [
                                33.732516020536423,
                                34.939260631799698
                            ],
                            [
                                33.734830766916275,
                                34.937965124845505
                            ],
                            [
                                33.735254555940628,
                                34.93694856762886
                            ],
                            [
                                33.734004646539688,
                                34.933520704507828
                            ],
                            [
                                33.73445525765419,
                                34.9282206594944
                            ],
                            [
                                33.73357281088829,
                                34.922778457403183
                            ],
                            [
                                33.734624236822128,
                                34.913385361433029
                            ],
                            [
                                33.734345287084579,
                                34.908345490694046
                            ],
                            [
                                33.735443651676178,
                                34.903829991817474
                            ],
                            [
                                33.735449016094208,
                                34.903781712055206
                            ],
                            [
                                33.735486567020416,
                                34.892578125
                            ],
                            [
                                33.680868744850159,
                                34.892578125
                            ],
                            [
                                33.680874109268188,
                                34.892521798610687
                            ],
                            [
                                33.680970668792725,
                                34.878448247909546
                            ],
                            [
                                33.680965304374695,
                                34.878059327602386
                            ],
                            [
                                33.68097335100174,
                                34.878059327602386
                            ],
                            [
                                33.68096798658371,
                                34.877675771713257
                            ],
                            [
                                33.680976033210754,
                                34.877675771713257
                            ],
                            [
                                33.680970668792725,
                                34.877289533615112
                            ],
                            [
                                33.681005537509918,
                                34.873019456863403
                            ],
                            [
                                33.681000173091888,
                                34.872630536556244
                            ],
                            [
                                33.681008219718933,
                                34.872630536556244
                            ],
                            [
                                33.681002855300903,
                                34.872241616249084
                            ],
                            [
                                33.681010901927948,
                                34.872241616249084
                            ],
                            [
                                33.681005537509918,
                                34.871852695941925
                            ],
                            [
                                33.681040406227112,
                                34.867571890354156
                            ],
                            [
                                33.681035041809082,
                                34.867182970046997
                            ],
                            [
                                33.681043088436127,
                                34.867182970046997
                            ],
                            [
                                33.681037724018097,
                                34.866794049739838
                            ],
                            [
                                33.681072592735291,
                                34.862505197525024
                            ],
                            [
                                33.681067228317261,
                                34.862116277217865
                            ],
                            [
                                33.681075274944305,
                                34.862116277217865
                            ],
                            [
                                33.681069910526276,
                                34.861727356910706
                            ],
                            [
                                33.681110143661499,
                                34.856700897216797
                            ],
                            [
                                33.681104779243469,
                                34.856317341327667
                            ],
                            [
                                33.681112825870514,
                                34.856317341327667
                            ],
                            [
                                33.681107461452484,
                                34.855925738811493
                            ],
                            [
                                33.681115508079529,
                                34.855925738811493
                            ],
                            [
                                33.681110143661499,
                                34.855536818504333
                            ],
                            [
                                33.681150376796722,
                                34.850526452064514
                            ],
                            [
                                33.681145012378693,
                                34.85014021396637
                            ],
                            [
                                33.681153059005737,
                                34.85014021396637
                            ],
                            [
                                33.681147694587708,
                                34.84976202249527
                            ],
                            [
                                33.681155741214752,
                                34.84976202249527
                            ],
                            [
                                33.681150376796722,
                                34.849375784397125
                            ],
                            [
                                33.681206703186035,
                                34.842168688774109
                            ],
                            [
                                33.681201338768005,
                                34.841793179512024
                            ],
                            [
                                33.68120938539505,
                                34.841793179512024
                            ],
                            [
                                33.68120402097702,
                                34.841417670249939
                            ],
                            [
                                33.681212067604065,
                                34.841417670249939
                            ],
                            [
                                33.681206703186035,
                                34.841042160987854
                            ],
                            [
                                33.68121474981308,
                                34.841042160987854
                            ],
                            [
                                33.68120938539505,
                                34.840658605098724
                            ],
                            [
                                33.681292533874512,
                                34.82979029417038
                            ],
                            [
                                33.681287169456482,
                                34.829331636428833
                            ],
                            [
                                33.662109375,
                                34.829835891723633
                            ],
                            [
                                33.658677488565445,
                                34.831950813531876
                            ],
                            [
                                33.650872260332108,
                                34.832752794027328
                            ],
                            [
                                33.639969080686569,
                                34.832913726568222
                            ],
                            [
                                33.636790663003922,
                                34.832052737474442
                            ],
                            [
                                33.6181640625,
                                34.830967783927917
                            ],
                            [
                                33.611886352300644,
                                34.832776933908463
                            ],
                            [
                                33.607171028852463,
                                34.83247384428978
                            ],
                            [
                                33.604773133993149,
                                34.83334556221962
                            ],
                            [
                                33.602461069822311,
                                34.832436293363571
                            ],
                            [
                                33.599129766225815,
                                34.83332946896553
                            ],
                            [
                                33.59737291932106,
                                34.83270987868309
                            ],
                            [
                                33.595484644174576,
                                34.833468943834305
                            ],
                            [
                                33.594221323728561,
                                34.832774251699448
                            ],
                            [
                                33.593416661024094,
                                34.833530634641647
                            ],
                            [
                                33.591464012861252,
                                34.833495765924454
                            ],
                            [
                                33.588698655366898,
                                34.831846207380295
                            ],
                            [
                                33.583186715841293,
                                34.833058565855026
                            ],
                            [
                                33.57421875,
                                34.832121133804321
                            ],
                            [
                                33.574735075235367,
                                34.829987436532974
                            ],
                            [
                                33.57421875,
                                34.829020500183105
                            ],
                            [
                                33.573292046785355,
                                34.82496902346611
                            ],
                            [
                                33.57421875,
                                34.819750785827637
                            ],
                            [
                                33.574928194284439,
                                34.813094884157181
                            ],
                            [
                                33.57421875,
                                34.809708595275879
                            ],
                            [
                                33.57421875,
                                34.804215431213379
                            ],
                            [
                                33.573575019836426,
                                34.803314208984375
                            ],
                            [
                                33.574104756116867,
                                34.797052592039108
                            ],
                            [
                                33.57303723692894,
                                34.792951494455338
                            ],
                            [
                                33.572361320257187,
                                34.783499389886856
                            ],
                            [
                                33.573257178068161,
                                34.78127583861351
                            ],
                            [
                                33.57421875,
                                34.764819145202637
                            ],
                            [
                                33.57421875,
                                34.759210646152496
                            ],
                            [
                                33.57421875,
                                34.716796875
                            ],
                            [
                                33.434175252914429,
                                34.716796875
                            ],
                            [
                                33.433396071195602,
                                34.721052199602127
                            ],
                            [
                                33.434010297060013,
                                34.738094955682755
                            ],
                            [
                                33.433267325162888,
                                34.739503115415573
                            ],
                            [
                                33.433932512998581,
                                34.741217046976089
                            ],
                            [
                                33.433503359556198,
                                34.750242680311203
                            ],
                            [
                                33.434141725301743,
                                34.76566269993782
                            ],
                            [
                                33.432250767946243,
                                34.774605184793472
                            ],
                            [
                                33.433170765638351,
                                34.783542305231094
                            ],
                            [
                                33.430646806955338,
                                34.792071729898453
                            ],
                            [
                                33.432100564241409,
                                34.794332832098007
                            ],
                            [
                                33.432052284479141,
                                34.796897023916245
                            ],
                            [
                                33.432924002408981,
                                34.797983318567276
                            ],
                            [
                                33.434196710586548,
                                34.8046875
                            ],
                            [
                                33.431990593671799,
                                34.806150645017624
                            ],
                            [
                                33.432001322507858,
                                34.809404164552689
                            ],
                            [
                                33.431014269590378,
                                34.811059087514877
                            ],
                            [
                                33.431537300348282,
                                34.817619770765305
                            ],
                            [
                                33.429158180952072,
                                34.823179990053177
                            ],
                            [
                                33.428503721952438,
                                34.827640503644943
                            ],
                            [
                                33.428788036108017,
                                34.828244000673294
                            ],
                            [
                                33.428444713354111,
                                34.829448312520981
                            ],
                            [
                                33.428678065538406,
                                34.831433147192001
                            ],
                            [
                                33.4284608066082,
                                34.832658916711807
                            ],
                            [
                                33.428344130516052,
                                34.832818508148193
                            ],
                            [
                                33.430510014295578,
                                34.838905781507492
                            ],
                            [
                                33.430045992136002,
                                34.841984957456589
                            ],
                            [
                                33.428542613983154,
                                34.844512939453125
                            ],
                            [
                                33.428269028663635,
                                34.8486328125
                            ],
                            [
                                33.431311994791031,
                                34.852507263422012
                            ],
                            [
                                33.429547101259232,
                                34.858681708574295
                            ],
                            [
                                33.429799228906631,
                                34.862399250268936
                            ],
                            [
                                33.428358882665634,
                                34.868214279413223
                            ],
                            [
                                33.430008441209793,
                                34.869622439146042
                            ],
                            [
                                33.431379050016403,
                                34.8736672103405
                            ],
                            [
                                33.430609256029129,
                                34.876255542039871
                            ],
                            [
                                33.430928438901901,
                                34.879683405160904
                            ],
                            [
                                33.429168909788132,
                                34.881676286458969
                            ],
                            [
                                33.427996784448624,
                                34.886131435632706
                            ],
                            [
                                33.428538590669632,
                                34.887786358594894
                            ],
                            [
                                33.427982032299042,
                                34.892578125
                            ],
                            [
                                33.42983141541481,
                                34.896069020032883
                            ],
                            [
                                33.429007977247238,
                                34.897115081548691
                            ],
                            [
                                33.429678529500961,
                                34.898668080568314
                            ],
                            [
                                33.431993275880814,
                                34.89950492978096
                            ],
                            [
                                33.43246802687645,
                                34.901677519083023
                            ],
                            [
                                33.431792110204697,
                                34.902656525373459
                            ],
                            [
                                33.43271479010582,
                                34.906146079301834
                            ],
                            [
                                33.43196913599968,
                                34.912296384572983
                            ],
                            [
                                33.430724591016769,
                                34.915839582681656
                            ],
                            [
                                33.430603891611099,
                                34.925289005041122
                            ],
                            [
                                33.428281098604202,
                                34.932386130094528
                            ],
                            [
                                33.427855968475342,
                                34.937896728515625
                            ],
                            [
                                33.432449251413345,
                                34.948881715536118
                            ],
                            [
                                33.431497067213058,
                                34.951022118330002
                            ],
                            [
                                33.432999104261398,
                                34.958213120698929
                            ],
                            [
                                33.434511870145798,
                                34.959771484136581
                            ],
                            [
                                33.434565514326096,
                                34.962241798639297
                            ],
                            [
                                33.432991057634354,
                                34.969703704118729
                            ],
                            [
                                33.433782309293747,
                                34.973600953817368
                            ],
                            [
                                33.43295618891716,
                                34.976728409528732
                            ],
                            [
                                33.427970819492735,
                                34.98046875
                            ],
                            [
                                33.427960574626923,
                                34.98046875
                            ],
                            [
                                33.42601865530014,
                                34.98046875
                            ],
                            [
                                33.427194803953171,
                                34.975435584783554
                            ],
                            [
                                33.428560048341751,
                                34.974467307329178
                            ],
                            [
                                33.428999930620193,
                                34.970095306634903
                            ],
                            [
                                33.428562730550766,
                                34.967026859521866
                            ],
                            [
                                33.426977545022964,
                                34.965766221284866
                            ],
                            [
                                33.426564484834671,
                                34.962660223245621
                            ],
                            [
                                33.426889032125473,
                                34.957354813814163
                            ],
                            [
                                33.426306992769241,
                                34.955962747335434
                            ],
                            [
                                33.427044600248337,
                                34.952317625284195
                            ],
                            [
                                33.42596098780632,
                                34.946703761816025
                            ],
                            [
                                33.42553049325943,
                                34.9365234375
                            ],
                            [
                                33.427471071481705,
                                34.924009591341019
                            ],
                            [
                                33.426757603883743,
                                34.920388609170914
                            ],
                            [
                                33.427559584379196,
                                34.914423376321793
                            ],
                            [
                                33.426661044359207,
                                34.91123154759407
                            ],
                            [
                                33.427020460367203,
                                34.905644506216049
                            ],
                            [
                                33.425687402486801,
                                34.898826330900192
                            ],
                            [
                                33.426599353551865,
                                34.895452111959457
                            ],
                            [
                                33.425246179103851,
                                34.892578125
                            ],
                            [
                                33.425470143556595,
                                34.887971431016922
                            ],
                            [
                                33.426787108182907,
                                34.887491315603256
                            ],
                            [
                                33.427650779485703,
                                34.88602414727211
                            ],
                            [
                                33.428927510976791,
                                34.88053098320961
                            ],
                            [
                                33.427919000387192,
                                34.866371601819992
                            ],
                            [
                                33.426821976900101,
                                34.863734990358353
                            ],
                            [
                                33.426738828420639,
                                34.852110296487808
                            ],
                            [
                                33.42734232544899,
                                34.849994033575058
                            ],
                            [
                                33.425833582878113,
                                34.8486328125
                            ],
                            [
                                33.426521569490433,
                                34.841939359903336
                            ],
                            [
                                33.425944894552231,
                                34.838433712720871
                            ],
                            [
                                33.42722162604332,
                                34.836765378713608
                            ],
                            [
                                33.427229672670364,
                                34.835370630025864
                            ],
                            [
                                33.425922095775604,
                                34.832815825939178
                            ],
                            [
                                33.424660116434097,
                                34.832004457712173
                            ],
                            [
                                33.416626900434494,
                                34.830655306577682
                            ],
                            [
                                33.407823890447617,
                                34.832178801298141
                            ],
                            [
                                33.404017835855484,
                                34.830236881971359
                            ],
                            [
                                33.399852365255356,
                                34.831325858831406
                            ],
                            [
                                33.3984375,
                                34.832802414894104
                            ],
                            [
                                33.397022634744644,
                                34.831725507974625
                            ],
                            [
                                33.387699276208878,
                                34.8304782807827
                            ],
                            [
                                33.384531587362289,
                                34.829225689172745
                            ],
                            [
                                33.377700001001358,
                                34.828815311193466
                            ],
                            [
                                33.373671323060989,
                                34.826074093580246
                            ]
                        ]
                    ]
                ]
            }
        }
    ]
}