{
    "data": {
        "getPolygonPartsFeature": {
            "__typename": "GetFeature",
            "features": [
                {
                    "__typename": "WfsFeature",
                    "id": "BM_Cyprus_BACKUP-Orthophoto.04127cc2-4d12-47e7-a280-4b0567bcf94b",
                    "geometry": {
                        "type": "Polygon",
                        "coordinates": [
                            [
                                [
                                    33.221751004457474,
                                    34.99062493443489
                                ],
                                [
                                    33.22265625,
                                    34.995102882385254
                                ],
                                [
                                    33.22265625,
                                    34.99625891447067
                                ],
                                [
                                    33.23449149727821,
                                    35.00048741698265
                                ],
                                [
                                    33.24065253138542,
                                    34.99841943383217
                                ],
                                [
                                    33.2417106628418,
                                    34.99689996242523
                                ],
                                [
                                    33.242945820093155,
                                    34.99295309185982
                                ],
                                [
                                    33.24470266699791,
                                    34.99083146452904
                                ],
                                [
                                    33.24264004826546,
                                    34.98775228857994
                                ],
                                [
                                    33.24154436588287,
                                    34.983480870723724
                                ],
                                [
                                    33.240550607442856,
                                    34.98575672507286
                                ],
                                [
                                    33.23735073208809,
                                    34.98646214604378
                                ],
                                [
                                    33.22882130742073,
                                    34.98546704649925
                                ],
                                [
                                    33.22265625,
                                    34.98230338096619
                                ],
                                [
                                    33.22265625,
                                    34.98626232147217
                                ],
                                [
                                    33.221751004457474,
                                    34.99062493443489
                                ]
                            ]
                        ]
                    },
                    "properties": {
                        "id": "04127cc2-4d12-47e7-a280-4b0567bcf94b",
                        "catalogId": "b590134f-7610-4c64-b5b7-5c15fb41a7d0",
                        "productId": "BM_Cyprus_BACKUP",
                        "productType": "Orthophoto",
                        "sourceId": "104001005C7ABC00",
                        "sourceName": "Cyprus_Strips",
                        "productVersion": "2.0",
                        "ingestionDateUTC": "2026-08-18T14:07:57.244Z",
                        "imagingTimeBeginUTC": "2020-06-28T00:00:00Z",
                        "imagingTimeEndUTC": "2020-06-28T00:00:00Z",
                        "resolutionDegree": 0.00274658203125,
                        "resolutionMeter": 305.75,
                        "sourceResolutionMeter": 0.34,
                        "horizontalAccuracyCe90": 8.5,
                        "sensors": "WV03",
                        "countries": "קפריסין",
                        "cities": "",
                        "description": null
                    },
                    "type": "Feature"
                },
                {
                    "__typename": "WfsFeature",
                    "id": "BM_Cyprus_BACKUP-Orthophoto.06f84d00-50ee-40a6-bd50-ed6d1d0f4f8a",
                    "geometry": {
                        "type": "Polygon",
                        "coordinates": [
                            [
                                [
                                    33.51266607642174,
                                    35.240073055028915
                                ],
                                [
                                    33.5132722556591,
                                    35.23836985230446
                                ],
                                [
                                    33.5120464861393,
                                    35.237809270620346
                                ],
                                [
                                    33.51471796631813,
                                    35.23315563797951
                                ],
                                [
                                    33.51440146565437,
                                    35.230561941862106
                                ],
                                [
                                    33.513076454401016,
                                    35.22822842001915
                                ],
                                [
                                    33.51397767663002,
                                    35.22360697388649
                                ],
                                [
                                    33.51484000682831,
                                    35.22299945354462
                                ],
                                [
                                    33.51381540298462,
                                    35.220794677734375
                                ],
                                [
                                    33.51489499211311,
                                    35.21542891860008
                                ],
                                [
                                    33.51477697491646,
                                    35.20659640431404
                                ],
                                [
                                    33.51441219449043,
                                    35.20517751574516
                                ],
                                [
                                    33.51280823349953,
                                    35.203873962163925
                                ],
                                [
                                    33.51499691605568,
                                    35.20018324255943
                                ],
                                [
                                    33.51152345538139,
                                    35.19982114434242
                                ],
                                [
                                    33.510340601205826,
                                    35.197262316942215
                                ],
                                [
                                    33.50755110383034,
                                    35.19570663571358
                                ],
                                [
                                    33.50744649767876,
                                    35.19144997000694
                                ],
                                [
                                    33.50417152047157,
                                    35.19094571471214
                                ],
                                [
                                    33.50300744175911,
                                    35.18983259797096
                                ],
                                [
                                    33.501886278390884,
                                    35.18014445900917
                                ],
                                [
                                    33.49939450621605,
                                    35.179133266210556
                                ],
                                [
                                    33.49939987063408,
                                    35.17726644873619
                                ],
                                [
                                    33.49798232316971,
                                    35.17466336488724
                                ],
                                [
                                    33.497506231069565,
                                    35.17574295401573
                                ],
                                [
                                    33.49344804883003,
                                    35.17637059092522
                                ],
                                [
                                    33.48705634474754,
                                    35.17631694674492
                                ],
                                [
                                    33.486328125,
                                    35.17564237117767
                                ],
                                [
                                    33.485658913850784,
                                    35.18095180392265
                                ],
                                [
                                    33.48505273461342,
                                    35.1813568174839
                                ],
                                [
                                    33.480911403894424,
                                    35.18190935254097
                                ],
                                [
                                    33.47867175936699,
                                    35.18320217728615
                                ],
                                [
                                    33.4650944173336,
                                    35.18294468522072
                                ],
                                [
                                    33.461685329675674,
                                    35.18494829535484
                                ],
                                [
                                    33.459536880254745,
                                    35.18417313694954
                                ],
                                [
                                    33.45062121748924,
                                    35.18411949276924
                                ],
                                [
                                    33.445321172475815,
                                    35.184878557920456
                                ],
                                [
                                    33.442537039518356,
                                    35.1809786260128
                                ],
                                [
                                    33.4423828125,
                                    35.17933040857315
                                ],
                                [
                                    33.43693122267723,
                                    35.18206760287285
                                ],
                                [
                                    33.43139782547951,
                                    35.180431455373764
                                ],
                                [
                                    33.427917659282684,
                                    35.18052667379379
                                ],
                                [
                                    33.4273798763752,
                                    35.18270596861839
                                ],
                                [
                                    33.4249310195446,
                                    35.18485173583031
                                ],
                                [
                                    33.42575713992119,
                                    35.19110128283501
                                ],
                                [
                                    33.42756763100624,
                                    35.192120522260666
                                ],
                                [
                                    33.42727795243263,
                                    35.199477821588516
                                ],
                                [
                                    33.42788144946098,
                                    35.20020738244057
                                ],
                                [
                                    33.42602536082268,
                                    35.20120784640312
                                ],
                                [
                                    33.41902479529381,
                                    35.20219221711159
                                ],
                                [
                                    33.41627553105354,
                                    35.20429506897926
                                ],
                                [
                                    33.414757400751114,
                                    35.21179988980293
                                ],
                                [
                                    33.41279938817024,
                                    35.2147476375103
                                ],
                                [
                                    33.41188743710518,
                                    35.22893652319908
                                ],
                                [
                                    33.41256603598595,
                                    35.23007646203041
                                ],
                                [
                                    33.41209128499031,
                                    35.23376449942589
                                ],
                                [
                                    33.413496762514114,
                                    35.23393616080284
                                ],
                                [
                                    33.413880318403244,
                                    35.23626700043678
                                ],
                                [
                                    33.41855004429817,
                                    35.23929789662361
                                ],
                                [
                                    33.418869227170944,
                                    35.240456610918045
                                ],
                                [
                                    33.420711904764175,
                                    35.240561217069626
                                ],
                                [
                                    33.42315271496773,
                                    35.242615789175034
                                ],
                                [
                                    33.42715859413147,
                                    35.244140625
                                ],
                                [
                                    33.4223373234272,
                                    35.24548575282097
                                ],
                                [
                                    33.42015132308006,
                                    35.2479587495327
                                ],
                                [
                                    33.416447192430496,
                                    35.25713190436363
                                ],
                                [
                                    33.417345732450485,
                                    35.26200279593468
                                ],
                                [
                                    33.41676369309425,
                                    35.27132347226143
                                ],
                                [
                                    33.41586783528328,
                                    35.27262434363365
                                ],
                                [
                                    33.41611996293068,
                                    35.277033895254135
                                ],
                                [
                                    33.41742351651192,
                                    35.278420597314835
                                ],
                                [
                                    33.41761663556099,
                                    35.280547589063644
                                ],
                                [
                                    33.41933324933052,
                                    35.28114840388298
                                ],
                                [
                                    33.42180088162422,
                                    35.283771604299545
                                ],
                                [
                                    33.423705250024796,
                                    35.28809264302254
                                ],
                                [
                                    33.420491963624954,
                                    35.289642959833145
                                ],
                                [
                                    33.40979531407356,
                                    35.290662199258804
                                ],
                                [
                                    33.40671882033348,
                                    35.29171362519264
                                ],
                                [
                                    33.40394541621208,
                                    35.29283210635185
                                ],
                                [
                                    33.402961045503616,
                                    35.29481694102287
                                ],
                                [
                                    33.39953050017357,
                                    35.296149998903275
                                ],
                                [
                                    33.3984375,
                                    35.297631919384
                                ],
                                [
                                    33.40034857392311,
                                    35.30064806342125
                                ],
                                [
                                    33.4005443751812,
                                    35.30587837100029
                                ],
                                [
                                    33.39956536889076,
                                    35.30905410647392
                                ],
                                [
                                    33.3984375,
                                    35.31017276449198
                                ],
                                [
                                    33.3984375,
                                    35.31019002199173
                                ],
                                [
                                    33.3984375,
                                    35.31300634145737
                                ],
                                [
                                    33.4039306640625,
                                    35.31258523464203
                                ],
                                [
                                    33.404259234666824,
                                    35.311983078718185
                                ],
                                [
                                    33.405303955078125,
                                    35.31246721744537
                                ],
                                [
                                    33.4062896668911,
                                    35.31169876456261
                                ],
                                [
                                    33.40667724609375,
                                    35.31233847141266
                                ],
                                [
                                    33.42755287885666,
                                    35.31073182821274
                                ],
                                [
                                    33.4423828125,
                                    35.309546291828156
                                ],
                                [
                                    33.44323441386223,
                                    35.307718366384506
                                ],
                                [
                                    33.451570719480515,
                                    35.30595883727074
                                ],
                                [
                                    33.45414564013481,
                                    35.306095629930496
                                ],
                                [
                                    33.45787659287453,
                                    35.30418053269386
                                ],
                                [
                                    33.460518568754196,
                                    35.304142981767654
                                ],
                                [
                                    33.46519097685814,
                                    35.30558601021767
                                ],
                                [
                                    33.47012624144554,
                                    35.303984731435776
                                ],
                                [
                                    33.47553625702858,
                                    35.30386134982109
                                ],
                                [
                                    33.478926569223404,
                                    35.30481353402138
                                ],
                                [
                                    33.48222568631172,
                                    35.30444875359535
                                ],
                                [
                                    33.486328125,
                                    35.30583679676056
                                ],
                                [
                                    33.48749354481697,
                                    35.300141125917435
                                ],
                                [
                                    33.4899477660656,
                                    35.299105793237686
                                ],
                                [
                                    33.49080607295036,
                                    35.29561623930931
                                ],
                                [
                                    33.49295988678932,
                                    35.29458358883858
                                ],
                                [
                                    33.494638949632645,
                                    35.29137834906578
                                ],
                                [
                                    33.51153686642647,
                                    35.28808996081352
                                ],
                                [
                                    33.50793465971947,
                                    35.28336927294731
                                ],
                                [
                                    33.505461663007736,
                                    35.27495250105858
                                ],
                                [
                                    33.50692614912987,
                                    35.26887997984886
                                ],
                                [
                                    33.5099758207798,
                                    35.26772931218147
                                ],
                                [
                                    33.51127400994301,
                                    35.26638552546501
                                ],
                                [
                                    33.511501997709274,
                                    35.263837426900864
                                ],
                                [
                                    33.51396024227142,
                                    35.25980740785599
                                ],
                                [
                                    33.51085290312767,
                                    35.252588242292404
                                ],
                                [
                                    33.51130351424217,
                                    35.249704867601395
                                ],
                                [
                                    33.513108640909195,
                                    35.248165279626846
                                ],
                                [
                                    33.51464420557022,
                                    35.244140625
                                ],
                                [
                                    33.51266607642174,
                                    35.240073055028915
                                ]
                            ]
                        ]
                    },
                    "properties": {
                        "id": "06f84d00-50ee-40a6-bd50-ed6d1d0f4f8a",
                        "catalogId": "b590134f-7610-4c64-b5b7-5c15fb41a7d0",
                        "productId": "BM_Cyprus_BACKUP",
                        "productType": "Orthophoto",
                        "sourceId": "104001007B428100",
                        "sourceName": "Cyprus_Strips",
                        "productVersion": "2.0",
                        "ingestionDateUTC": "2026-08-18T14:07:58.387Z",
                        "imagingTimeBeginUTC": "2022-08-22T00:00:00Z",
                        "imagingTimeEndUTC": "2022-08-22T00:00:00Z",
                        "resolutionDegree": 0.00274658203125,
                        "resolutionMeter": 305.75,
                        "sourceResolutionMeter": 0.39,
                        "horizontalAccuracyCe90": 8.5,
                        "sensors": "WV03",
                        "countries": "קפריסין",
                        "cities": "",
                        "description": null
                    },
                    "type": "Feature"
                },
                {
                    "__typename": "WfsFeature",
                    "id": "BM_Cyprus_BACKUP-Orthophoto.0a600115-7025-4087-a125-b33faf4f5d52",
                    "geometry": {
                        "type": "Polygon",
                        "coordinates": [
                            [
                                [
                                    33.11039909720421,
                                    34.76983621716499
                                ],
                                [
                                    33.101806640625,
                                    34.76992875337601
                                ],
                                [
                                    33.09077739715576,
                                    34.76858228445053
                                ],
                                [
                                    33.08635175228119,
                                    34.76726531982422
                                ],
                                [
                                    33.08429315686226,
                                    34.76471856236458
                                ],
                                [
                                    33.08126226067543,
                                    34.76333186030388
                                ],
                                [
                                    33.08059170842171,
                                    34.7619666159153
                                ],
                                [
                                    33.07775393128395,
                                    34.76218119263649
                                ],
                                [
                                    33.074701577425,
                                    34.76129338145256
                                ],
                                [
                                    33.0686129629612,
                                    34.762025624513626
                                ],
                                [
                                    33.0634631216526,
                                    34.76360812783241
                                ],
                                [
                                    33.060947209596634,
                                    34.76344183087349
                                ],
                                [
                                    33.059429079294205,
                                    34.764541536569595
                                ],
                                [
                                    33.05326536297798,
                                    34.76263448596001
                                ],
                                [
                                    33.04897919297218,
                                    34.7623635828495
                                ],
                                [
                                    33.046875,
                                    34.76335734128952
                                ],
                                [
                                    33.046875,
                                    34.769368171691895
                                ],
                                [
                                    33.046085089445114,
                                    34.77001592516899
                                ],
                                [
                                    33.04576858878136,
                                    34.77711573243141
                                ],
                                [
                                    33.04496929049492,
                                    34.77809473872185
                                ],
                                [
                                    33.045800775289536,
                                    34.78135094046593
                                ],
                                [
                                    33.046875,
                                    34.782586097717285
                                ],
                                [
                                    33.04878070950508,
                                    34.787013083696365
                                ],
                                [
                                    33.04837569594383,
                                    34.79373201727867
                                ],
                                [
                                    33.049566596746445,
                                    34.798246175050735
                                ],
                                [
                                    33.0489818751812,
                                    34.80331286787987
                                ],
                                [
                                    33.046875,
                                    34.80468213558197
                                ],
                                [
                                    33.046875,
                                    34.80469286441803
                                ],
                                [
                                    33.04815039038658,
                                    34.80896696448326
                                ],
                                [
                                    33.047275990247726,
                                    34.814079254865646
                                ],
                                [
                                    33.04946467280388,
                                    34.815602749586105
                                ],
                                [
                                    33.049944788217545,
                                    34.81801673769951
                                ],
                                [
                                    33.04979994893074,
                                    34.823370426893234
                                ],
                                [
                                    33.0486036837101,
                                    34.82641741633415
                                ],
                                [
                                    33.04848566651344,
                                    34.831977635622025
                                ],
                                [
                                    33.04747447371483,
                                    34.83603313565254
                                ],
                                [
                                    33.04835423827171,
                                    34.84100326895714
                                ],
                                [
                                    33.046875,
                                    34.84862744808197
                                ],
                                [
                                    33.046875,
                                    34.84910488128662
                                ],
                                [
                                    33.0459563434124,
                                    34.85000476241112
                                ],
                                [
                                    33.046875,
                                    34.8535680770874
                                ],
                                [
                                    33.046875,
                                    34.859232902526855
                                ],
                                [
                                    33.044282644987106,
                                    34.87383618950844
                                ],
                                [
                                    33.04477348923683,
                                    34.879305213689804
                                ],
                                [
                                    33.046875,
                                    34.88403797149658
                                ],
                                [
                                    33.046875,
                                    34.89258348941803
                                ],
                                [
                                    33.048195987939835,
                                    34.90379109978676
                                ],
                                [
                                    33.046875,
                                    34.91004467010498
                                ],
                                [
                                    33.046875,
                                    34.91528034210205
                                ],
                                [
                                    33.048815578222275,
                                    34.92389962077141
                                ],
                                [
                                    33.0483515560627,
                                    34.92770031094551
                                ],
                                [
                                    33.049078434705734,
                                    34.932356625795364
                                ],
                                [
                                    33.04823622107506,
                                    34.935234636068344
                                ],
                                [
                                    33.046875,
                                    34.93651807308197
                                ],
                                [
                                    33.046875,
                                    34.9414587020874
                                ],
                                [
                                    33.049413710832596,
                                    34.94739845395088
                                ],
                                [
                                    33.04960146546364,
                                    34.950163811445236
                                ],
                                [
                                    33.048947006464005,
                                    34.95299890637398
                                ],
                                [
                                    33.046875,
                                    34.95493412017822
                                ],
                                [
                                    33.046031445264816,
                                    34.956088811159134
                                ],
                                [
                                    33.046825379133224,
                                    34.95787784457207
                                ],
                                [
                                    33.046875,
                                    34.96211439371109
                                ],
                                [
                                    33.046875,
                                    34.96213268520395
                                ],
                                [
                                    33.04904356598854,
                                    34.96609076857567
                                ],
                                [
                                    33.049408346414566,
                                    34.96889367699623
                                ],
                                [
                                    33.048332780599594,
                                    34.97385576367378
                                ],
                                [
                                    33.04872706532478,
                                    34.97546508908272
                                ],
                                [
                                    33.04722771048546,
                                    34.97730776667595
                                ],
                                [
                                    33.046875,
                                    34.98016834259033
                                ],
                                [
                                    33.046875,
                                    34.98046875
                                ],
                                [
                                    33.04832473397255,
                                    34.9798209965229
                                ],
                                [
                                    33.05215358734131,
                                    34.98046875
                                ],
                                [
                                    33.05764675140381,
                                    34.98046875
                                ],
                                [
                                    33.067186027765274,
                                    34.982524663209915
                                ],
                                [
                                    33.0683796107769,
                                    34.983517080545425
                                ],
                                [
                                    33.07602658867836,
                                    34.982892125844955
                                ],
                                [
                                    33.078797310590744,
                                    34.9835304915905
                                ],
                                [
                                    33.0870746076107,
                                    34.98218670487404
                                ],
                                [
                                    33.089661598205566,
                                    34.98046875
                                ],
                                [
                                    33.09082567691803,
                                    34.98046875
                                ],
                                [
                                    33.094692081213,
                                    34.97920677065849
                                ],
                                [
                                    33.10451030731201,
                                    34.98046875
                                ],
                                [
                                    33.105454444885254,
                                    34.98046875
                                ],
                                [
                                    33.112475126981735,
                                    34.9811165034771
                                ],
                                [
                                    33.11553735254248,
                                    34.98046875
                                ],
                                [
                                    33.113384395837784,
                                    34.98018577694893
                                ],
                                [
                                    33.11046078801155,
                                    34.97808560729027
                                ],
                                [
                                    33.10868516564369,
                                    34.97082218527794
                                ],
                                [
                                    33.108258694410324,
                                    34.961303025484085
                                ],
                                [
                                    33.10682371258736,
                                    34.95654746890068
                                ],
                                [
                                    33.107842952013016,
                                    34.94436755776405
                                ],
                                [
                                    33.10999944806099,
                                    34.94053199887276
                                ],
                                [
                                    33.1156387925148,
                                    34.9365234375
                                ],
                                [
                                    33.11336562037468,
                                    34.928338676691055
                                ],
                                [
                                    33.11043128371239,
                                    34.9230332672596
                                ],
                                [
                                    33.109460324048996,
                                    34.91642698645592
                                ],
                                [
                                    33.11078801751137,
                                    34.90191087126732
                                ],
                                [
                                    33.11226323246956,
                                    34.89679858088493
                                ],
                                [
                                    33.11407372355461,
                                    34.89625409245491
                                ],
                                [
                                    33.11530217528343,
                                    34.89467427134514
                                ],
                                [
                                    33.11542421579361,
                                    34.892578125
                                ],
                                [
                                    33.11543092131615,
                                    34.88007232546806
                                ],
                                [
                                    33.114245384931564,
                                    34.87704947590828
                                ],
                                [
                                    33.11586543917656,
                                    34.861948639154434
                                ],
                                [
                                    33.116046488285065,
                                    34.8486328125
                                ],
                                [
                                    33.11148539185524,
                                    34.84851613640785
                                ],
                                [
                                    33.109640032052994,
                                    34.84727963805199
                                ],
                                [
                                    33.10752108693123,
                                    34.84255626797676
                                ],
                                [
                                    33.106225579977036,
                                    34.83092352747917
                                ],
                                [
                                    33.10766324400902,
                                    34.818233996629715
                                ],
                                [
                                    33.108588606119156,
                                    34.81656834483147
                                ],
                                [
                                    33.111509531736374,
                                    34.81469348073006
                                ],
                                [
                                    33.113636523485184,
                                    34.808135479688644
                                ],
                                [
                                    33.1161242723465,
                                    34.8046875
                                ],
                                [
                                    33.11417028307915,
                                    34.77748587727547
                                ],
                                [
                                    33.11507686972618,
                                    34.77184787392616
                                ],
                                [
                                    33.11630666255951,
                                    34.770701229572296
                                ],
                                [
                                    33.11039909720421,
                                    34.76983621716499
                                ]
                            ]
                        ]
                    },
                    "properties": {
                        "id": "0a600115-7025-4087-a125-b33faf4f5d52",
                        "catalogId": "b590134f-7610-4c64-b5b7-5c15fb41a7d0",
                        "productId": "BM_Cyprus_BACKUP",
                        "productType": "Orthophoto",
                        "sourceId": "105005009BDD6600",
                        "sourceName": "Cyprus_Strips",
                        "productVersion": "2.0",
                        "ingestionDateUTC": "2026-08-18T14:07:57.244Z",
                        "imagingTimeBeginUTC": "2020-05-21T00:00:00Z",
                        "imagingTimeEndUTC": "2020-05-21T00:00:00Z",
                        "resolutionDegree": 0.00274658203125,
                        "resolutionMeter": 305.75,
                        "sourceResolutionMeter": 0.41,
                        "horizontalAccuracyCe90": 8.5,
                        "sensors": "GE01",
                        "countries": "קפריסין",
                        "cities": "",
                        "description": null
                    },
                    "type": "Feature"
                },
                {
                    "__typename": "WfsFeature",
                    "id": "BM_Cyprus_BACKUP-Orthophoto.0f717679-607e-46f5-8877-21a3d7aaa6ce",
                    "geometry": {
                        "type": "Polygon",
                        "coordinates": [
                            [
                                [
                                    33.42251971364021,
                                    34.97845843434334
                                ],
                                [
                                    33.41906234622002,
                                    34.97940257191658
                                ],
                                [
                                    33.4137998521328,
                                    34.97808560729027
                                ],
                                [
                                    33.4115494787693,
                                    34.97831627726555
                                ],
                                [
                                    33.408265113830566,
                                    34.98046875
                                ],
                                [
                                    33.40694412589073,
                                    34.981258660554886
                                ],
                                [
                                    33.40363025665283,
                                    34.98046875
                                ],
                                [
                                    33.3984375,
                                    34.98046875
                                ],
                                [
                                    33.3984375,
                                    34.98179912567139
                                ],
                                [
                                    33.3985461294651,
                                    34.98405620455742
                                ],
                                [
                                    33.39946076273918,
                                    34.98503789305687
                                ],
                                [
                                    33.39869365096092,
                                    34.98980686068535
                                ],
                                [
                                    33.39945539832115,
                                    34.99333396553993
                                ],
                                [
                                    33.3984375,
                                    34.997066259384155
                                ],
                                [
                                    33.402395099401474,
                                    34.99743238091469
                                ],
                                [
                                    33.405393809080124,
                                    34.999513775110245
                                ],
                                [
                                    33.40893432497978,
                                    34.9996317923069
                                ],
                                [
                                    33.43014523386955,
                                    34.99821558594704
                                ],
                                [
                                    33.439707309007645,
                                    34.99648556113243
                                ],
                                [
                                    33.44148024916649,
                                    34.996909350156784
                                ],
                                [
                                    33.4423828125,
                                    34.99624013900757
                                ],
                                [
                                    33.442601412534714,
                                    34.997984915971756
                                ],
                                [
                                    33.443845957517624,
                                    34.99856159090996
                                ],
                                [
                                    33.453029841184616,
                                    34.9991811811924
                                ],
                                [
                                    33.456642776727676,
                                    35.00308647751808
                                ],
                                [
                                    33.46061244606972,
                                    35.00255271792412
                                ],
                                [
                                    33.46337243914604,
                                    35.00325545668602
                                ],
                                [
                                    33.4652204811573,
                                    35.00307038426399
                                ],
                                [
                                    33.46572741866112,
                                    35.002118200063705
                                ],
                                [
                                    33.47518488764763,
                                    35.00086024403572
                                ],
                                [
                                    33.479513972997665,
                                    34.998352378606796
                                ],
                                [
                                    33.4847067296505,
                                    34.99733045697212
                                ],
                                [
                                    33.486328125,
                                    34.995481073856354
                                ],
                                [
                                    33.48726287484169,
                                    34.99487891793251
                                ],
                                [
                                    33.4880031645298,
                                    34.99085292220116
                                ],
                                [
                                    33.487732261419296,
                                    34.98943939805031
                                ],
                                [
                                    33.486328125,
                                    34.98815059661865
                                ],
                                [
                                    33.48538801074028,
                                    34.98407229781151
                                ],
                                [
                                    33.486328125,
                                    34.98179912567139
                                ],
                                [
                                    33.486328125,
                                    34.98046875
                                ],
                                [
                                    33.48628520965576,
                                    34.98046875
                                ],
                                [
                                    33.48498299717903,
                                    34.98171731829643
                                ],
                                [
                                    33.482013791799545,
                                    34.982162564992905
                                ],
                                [
                                    33.47396984696388,
                                    34.981022626161575
                                ],
                                [
                                    33.47134128212929,
                                    34.983144253492355
                                ],
                                [
                                    33.464388996362686,
                                    34.98324081301689
                                ],
                                [
                                    33.46348509192467,
                                    34.98406693339348
                                ],
                                [
                                    33.46075460314751,
                                    34.981011897325516
                                ],
                                [
                                    33.45881938934326,
                                    34.98046875
                                ],
                                [
                                    33.44944640994072,
                                    34.97921213507652
                                ],
                                [
                                    33.44575300812721,
                                    34.97983440756798
                                ],
                                [
                                    33.444596976041794,
                                    34.979153126478195
                                ],
                                [
                                    33.44238817691803,
                                    34.98046875
                                ],
                                [
                                    33.44237744808197,
                                    34.98046875
                                ],
                                [
                                    33.440316170454025,
                                    34.979378432035446
                                ],
                                [
                                    33.43641757965088,
                                    34.98046875
                                ],
                                [
                                    33.42951759696007,
                                    34.982020407915115
                                ],
                                [
                                    33.42817649245262,
                                    34.98171731829643
                                ],
                                [
                                    33.427970819492735,
                                    34.98046875
                                ],
                                [
                                    33.42796057462692,
                                    34.98046875
                                ],
                                [
                                    33.42601865530014,
                                    34.98046875
                                ],
                                [
                                    33.42543125152588,
                                    34.98046875
                                ],
                                [
                                    33.42251971364021,
                                    34.97845843434334
                                ]
                            ]
                        ]
                    },
                    "properties": {
                        "id": "0f717679-607e-46f5-8877-21a3d7aaa6ce",
                        "catalogId": "b590134f-7610-4c64-b5b7-5c15fb41a7d0",
                        "productId": "BM_Cyprus_BACKUP",
                        "productType": "Orthophoto",
                        "sourceId": "10500500D1DD4500",
                        "sourceName": "Cyprus_Strips",
                        "productVersion": "2.0",
                        "ingestionDateUTC": "2026-08-18T14:07:58.387Z",
                        "imagingTimeBeginUTC": "2021-04-25T00:00:00Z",
                        "imagingTimeEndUTC": "2021-04-25T00:00:00Z",
                        "resolutionDegree": 0.00274658203125,
                        "resolutionMeter": 305.75,
                        "sourceResolutionMeter": 0.43,
                        "horizontalAccuracyCe90": 8.5,
                        "sensors": "GE01",
                        "countries": "קפריסין",
                        "cities": "",
                        "description": null
                    },
                    "type": "Feature"
                },
                {
                    "__typename": "WfsFeature",
                    "id": "BM_Cyprus_BACKUP-Orthophoto.4236fafc-7a8d-478b-ae60-2aa4ccfa9078",
                    "geometry": {
                        "type": "Polygon",
                        "coordinates": [
                            [
                                [
                                    33.13669681549072,
                                    35.068359375
                                ],
                                [
                                    33.134765625,
                                    35.068359375
                                ],
                                [
                                    33.138843923807144,
                                    35.07109388709068
                                ],
                                [
                                    33.13936427235603,
                                    35.07303848862648
                                ],
                                [
                                    33.13849791884422,
                                    35.07522448897362
                                ],
                                [
                                    33.13936963677406,
                                    35.07662996649742
                                ],
                                [
                                    33.13964858651161,
                                    35.08156791329384
                                ],
                                [
                                    33.13877418637276,
                                    35.08203998208046
                                ],
                                [
                                    33.137846142053604,
                                    35.08616790175438
                                ],
                                [
                                    33.135686963796616,
                                    35.09010002017021
                                ],
                                [
                                    33.13565209507942,
                                    35.0954295694828
                                ],
                                [
                                    33.134765625,
                                    35.096206068992615
                                ],
                                [
                                    33.138637393713,
                                    35.096521228551865
                                ],
                                [
                                    33.13962176442146,
                                    35.099021047353745
                                ],
                                [
                                    33.14524099230766,
                                    35.09822174906731
                                ],
                                [
                                    33.14651772379875,
                                    35.09711667895317
                                ],
                                [
                                    33.1478776037693,
                                    35.09760484099388
                                ],
                                [
                                    33.14929112792015,
                                    35.09690210223198
                                ],
                                [
                                    33.14931660890579,
                                    35.09612828493118
                                ],
                                [
                                    33.1504525244236,
                                    35.093401819467545
                                ],
                                [
                                    33.149452060461044,
                                    35.08331939578056
                                ],
                                [
                                    33.15067246556282,
                                    35.079006403684616
                                ],
                                [
                                    33.149567395448685,
                                    35.07494017481804
                                ],
                                [
                                    33.14918786287308,
                                    35.068359375
                                ],
                                [
                                    33.13839331269264,
                                    35.067191272974014
                                ],
                                [
                                    33.13669681549072,
                                    35.068359375
                                ]
                            ]
                        ]
                    },
                    "properties": {
                        "id": "4236fafc-7a8d-478b-ae60-2aa4ccfa9078",
                        "catalogId": "b590134f-7610-4c64-b5b7-5c15fb41a7d0",
                        "productId": "BM_Cyprus_BACKUP",
                        "productType": "Orthophoto",
                        "sourceId": "10500500C7DD4F00",
                        "sourceName": "Cyprus_Strips",
                        "productVersion": "2.0",
                        "ingestionDateUTC": "2026-08-18T14:07:57.244Z",
                        "imagingTimeBeginUTC": "2021-02-27T00:00:00Z",
                        "imagingTimeEndUTC": "2021-02-27T00:00:00Z",
                        "resolutionDegree": 0.00274658203125,
                        "resolutionMeter": 305.75,
                        "sourceResolutionMeter": 0.5,
                        "horizontalAccuracyCe90": 8.5,
                        "sensors": "GE01",
                        "countries": "קפריסין",
                        "cities": "",
                        "description": null
                    },
                    "type": "Feature"
                },
                {
                    "__typename": "WfsFeature",
                    "id": "BM_Cyprus_BACKUP-Orthophoto.465deab2-c6b2-42fa-9213-b238cbdc8809",
                    "geometry": {
                        "type": "Polygon",
                        "coordinates": [
                            [
                                [
                                    -180,
                                    90
                                ],
                                [
                                    180,
                                    90
                                ],
                                [
                                    180,
                                    -90
                                ],
                                [
                                    -180,
                                    -90
                                ],
                                [
                                    -180,
                                    90
                                ]
                            ],
                            [
                                [
                                    32.73643210530281,
                                    34.64417204260826
                                ],
                                [
                                    32.73835927248001,
                                    34.62890625
                                ],
                                [
                                    32.86341458559036,
                                    34.62890625
                                ],
                                [
                                    32.87109375,
                                    34.62890625
                                ],
                                [
                                    32.87109375,
                                    34.541015625
                                ],
                                [
                                    32.99975663423538,
                                    34.541015625
                                ],
                                [
                                    32.99730911850929,
                                    34.568573981523514
                                ],
                                [
                                    32.99749419093132,
                                    34.569644182920456
                                ],
                                [
                                    32.99893453717232,
                                    34.57052394747734
                                ],
                                [
                                    32.999513894319534,
                                    34.5771087706089
                                ],
                                [
                                    32.99908474087715,
                                    34.58249196410179
                                ],
                                [
                                    32.999791502952576,
                                    34.5849609375
                                ],
                                [
                                    32.99792870879173,
                                    34.589001685380936
                                ],
                                [
                                    32.99848660826683,
                                    34.59245100617409
                                ],
                                [
                                    32.999393194913864,
                                    34.592630714178085
                                ],
                                [
                                    32.99981564283371,
                                    34.60109978914261
                                ],
                                [
                                    32.99801990389824,
                                    34.60120037198067
                                ],
                                [
                                    32.996367663145065,
                                    34.60298404097557
                                ],
                                [
                                    32.99587145447731,
                                    34.61081877350807
                                ],
                                [
                                    32.99382761120796,
                                    34.6121384203434
                                ],
                                [
                                    32.99345746636391,
                                    34.61391940712929
                                ],
                                [
                                    32.9915289580822,
                                    34.61603835225105
                                ],
                                [
                                    32.991131991147995,
                                    34.622717052698135
                                ],
                                [
                                    32.9892061650753,
                                    34.62600812315941
                                ],
                                [
                                    32.98833176493645,
                                    34.62607517838478
                                ],
                                [
                                    32.98782482743263,
                                    34.62746724486351
                                ],
                                [
                                    32.9864327609539,
                                    34.62776765227318
                                ],
                                [
                                    32.98595130443573,
                                    34.62890625
                                ],
                                [
                                    32.98909083008766,
                                    34.63148519396782
                                ],
                                [
                                    32.98889771103859,
                                    34.6437831223011
                                ],
                                [
                                    32.98972651362419,
                                    34.647337049245834
                                ],
                                [
                                    32.98920080065727,
                                    34.650220423936844
                                ],
                                [
                                    32.99016371369362,
                                    34.658811539411545
                                ],
                                [
                                    32.98862412571907,
                                    34.66045841574669
                                ],
                                [
                                    32.98870995640755,
                                    34.663033336400986
                                ],
                                [
                                    32.98666074872017,
                                    34.66850504279137
                                ],
                                [
                                    32.986532002687454,
                                    34.67248275876045
                                ],
                                [
                                    32.985833287239075,
                                    34.6728515625
                                ],
                                [
                                    32.98645690083504,
                                    34.680532068014145
                                ],
                                [
                                    32.9886831343174,
                                    34.69068691134453
                                ],
                                [
                                    32.98747345805168,
                                    34.693130403757095
                                ],
                                [
                                    32.98658564686775,
                                    34.69929680228233
                                ],
                                [
                                    32.98733934760094,
                                    34.70974937081337
                                ],
                                [
                                    32.9854054749012,
                                    34.713858515024185
                                ],
                                [
                                    32.98522710800171,
                                    34.716796875
                                ],
                                [
                                    32.98533171415329,
                                    34.71954345703125
                                ],
                                [
                                    32.98606798052788,
                                    34.72035750746727
                                ],
                                [
                                    32.98551142215729,
                                    34.720916748046875
                                ],
                                [
                                    32.985197603702545,
                                    34.73052978515625
                                ],
                                [
                                    32.98523247241974,
                                    34.737396240234375
                                ],
                                [
                                    32.985901683568954,
                                    34.73794475197792
                                ],
                                [
                                    32.985208332538605,
                                    34.73876953125
                                ],
                                [
                                    32.985730022192,
                                    34.73937973380089
                                ],
                                [
                                    32.984808683395386,
                                    34.751129150390625
                                ],
                                [
                                    32.985076904296875,
                                    34.75819140672684
                                ],
                                [
                                    32.9864501953125,
                                    34.75917041301727
                                ],
                                [
                                    32.99986928701401,
                                    34.76013332605362
                                ],
                                [
                                    33.014574497938156,
                                    34.76124510169029
                                ],
                                [
                                    33.02595779299736,
                                    34.76099029183388
                                ],
                                [
                                    33.03243264555931,
                                    34.762398451566696
                                ],
                                [
                                    33.03467497229576,
                                    34.76186200976372
                                ],
                                [
                                    33.045794069767,
                                    34.76320445537567
                                ],
                                [
                                    33.046875,
                                    34.76335734128952
                                ],
                                [
                                    33.04897919297218,
                                    34.7623635828495
                                ],
                                [
                                    33.05326536297798,
                                    34.76263448596001
                                ],
                                [
                                    33.059429079294205,
                                    34.764541536569595
                                ],
                                [
                                    33.060947209596634,
                                    34.76344183087349
                                ],
                                [
                                    33.0634631216526,
                                    34.76360812783241
                                ],
                                [
                                    33.0686129629612,
                                    34.762025624513626
                                ],
                                [
                                    33.074701577425,
                                    34.76129338145256
                                ],
                                [
                                    33.07775393128395,
                                    34.76218119263649
                                ],
                                [
                                    33.08059170842171,
                                    34.7619666159153
                                ],
                                [
                                    33.08126226067543,
                                    34.76333186030388
                                ],
                                [
                                    33.08429315686226,
                                    34.76471856236458
                                ],
                                [
                                    33.08635175228119,
                                    34.76726531982422
                                ],
                                [
                                    33.09077739715576,
                                    34.76858228445053
                                ],
                                [
                                    33.101806640625,
                                    34.76992875337601
                                ],
                                [
                                    33.11039909720421,
                                    34.76983621716499
                                ],
                                [
                                    33.11630666255951,
                                    34.770701229572296
                                ],
                                [
                                    33.11692491173744,
                                    34.76976916193962
                                ],
                                [
                                    33.11921015381813,
                                    34.769825488328934
                                ],
                                [
                                    33.12242075800896,
                                    34.770632833242416
                                ],
                                [
                                    33.122658133506775,
                                    34.77133423089981
                                ],
                                [
                                    33.12414273619652,
                                    34.77772191166878
                                ],
                                [
                                    33.124459236860275,
                                    34.785669296979904
                                ],
                                [
                                    33.12602028250694,
                                    34.79121342301369
                                ],
                                [
                                    33.125982731580734,
                                    34.796414226293564
                                ],
                                [
                                    33.125430196523666,
                                    34.79816034436226
                                ],
                                [
                                    33.12397375702858,
                                    34.79917421936989
                                ],
                                [
                                    33.12378600239754,
                                    34.80302318930626
                                ],
                                [
                                    33.12272250652313,
                                    34.8046875
                                ],
                                [
                                    33.12533363699913,
                                    34.80603531002998
                                ],
                                [
                                    33.1262643635273,
                                    34.808387607336044
                                ],
                                [
                                    33.12822237610817,
                                    34.809852093458176
                                ],
                                [
                                    33.12963858246803,
                                    34.81300637125969
                                ],
                                [
                                    33.12982901930809,
                                    34.81607213616371
                                ],
                                [
                                    33.132715076208115,
                                    34.81812134385109
                                ],
                                [
                                    33.1335224211216,
                                    34.81965556740761
                                ],
                                [
                                    33.134765625,
                                    34.83271658420563
                                ],
                                [
                                    33.13603296875954,
                                    34.831368774175644
                                ],
                                [
                                    33.13990339636803,
                                    34.829944521188736
                                ],
                                [
                                    33.14670279622078,
                                    34.82940807938576
                                ],
                                [
                                    33.15774008631706,
                                    34.83077064156532
                                ],
                                [
                                    33.16008970141411,
                                    34.829998165369034
                                ],
                                [
                                    33.16300794482231,
                                    34.830223470926285
                                ],
                                [
                                    33.16892758011818,
                                    34.831961542367935
                                ],
                                [
                                    33.175169080495834,
                                    34.83128562569618
                                ],
                                [
                                    33.1787109375,
                                    34.83271390199661
                                ],
                                [
                                    33.1839694082737,
                                    34.831945449113846
                                ],
                                [
                                    33.18549022078514,
                                    34.83088329434395
                                ],
                                [
                                    33.19811001420021,
                                    34.83217343688011
                                ],
                                [
                                    33.20879325270653,
                                    34.83043000102043
                                ],
                                [
                                    33.21720466017723,
                                    34.83190789818764
                                ],
                                [
                                    33.21983054280281,
                                    34.831687957048416
                                ],
                                [
                                    33.22265625,
                                    34.83272731304169
                                ],
                                [
                                    33.226776123046875,
                                    34.83268976211548
                                ],
                                [
                                    33.231423050165176,
                                    34.83108177781105
                                ],
                                [
                                    33.2368840277195,
                                    34.83135536313057
                                ],
                                [
                                    33.24175626039505,
                                    34.83273267745972
                                ],
                                [
                                    33.249152451753616,
                                    34.82975408434868
                                ],
                                [
                                    33.25297459959984,
                                    34.830070585012436
                                ],
                                [
                                    33.2556326687336,
                                    34.83202859759331
                                ],
                                [
                                    33.2666015625,
                                    34.83276218175888
                                ],
                                [
                                    33.267391473054886,
                                    34.83203664422035
                                ],
                                [
                                    33.27176347374916,
                                    34.8319374024868
                                ],
                                [
                                    33.274528831243515,
                                    34.830075949430466
                                ],
                                [
                                    33.28018292784691,
                                    34.83053997159004
                                ],
                                [
                                    33.28181907534599,
                                    34.82978627085686
                                ],
                                [
                                    33.28721031546593,
                                    34.82968434691429
                                ],
                                [
                                    33.28993812203407,
                                    34.830223470926285
                                ],
                                [
                                    33.29292878508568,
                                    34.832581132650375
                                ],
                                [
                                    33.299116641283035,
                                    34.832229763269424
                                ],
                                [
                                    33.30214485526085,
                                    34.83021005988121
                                ],
                                [
                                    33.30454006791115,
                                    34.83164504170418
                                ],
                                [
                                    33.3102048933506,
                                    34.831846207380295
                                ],
                                [
                                    33.310546875,
                                    34.83279973268509
                                ],
                                [
                                    33.313249200582504,
                                    34.831741601228714
                                ],
                                [
                                    33.3179135620594,
                                    34.83276888728142
                                ],
                                [
                                    33.3225055038929,
                                    34.83207419514656
                                ],
                                [
                                    33.32664951682091,
                                    34.832712560892105
                                ],
                                [
                                    33.32818642258644,
                                    34.83167991042137
                                ],
                                [
                                    33.33351328969002,
                                    34.831183701753616
                                ],
                                [
                                    33.334948271512985,
                                    34.829813092947006
                                ],
                                [
                                    33.337458819150925,
                                    34.82921227812767
                                ],
                                [
                                    33.34078475832939,
                                    34.832071512937546
                                ],
                                [
                                    33.3544921875,
                                    34.83279973268509
                                ],
                                [
                                    33.358197659254074,
                                    34.83062580227852
                                ],
                                [
                                    33.36436673998833,
                                    34.829593151807785
                                ],
                                [
                                    33.3684678375721,
                                    34.82738837599754
                                ],
                                [
                                    33.37367132306099,
                                    34.826074093580246
                                ],
                                [
                                    33.37770000100136,
                                    34.828815311193466
                                ],
                                [
                                    33.38453158736229,
                                    34.829225689172745
                                ],
                                [
                                    33.38769927620888,
                                    34.8304782807827
                                ],
                                [
                                    33.397022634744644,
                                    34.831725507974625
                                ],
                                [
                                    33.3984375,
                                    34.832802414894104
                                ],
                                [
                                    33.399852365255356,
                                    34.831325858831406
                                ],
                                [
                                    33.404017835855484,
                                    34.83023688197136
                                ],
                                [
                                    33.40782389044762,
                                    34.83217880129814
                                ],
                                [
                                    33.416626900434494,
                                    34.83065530657768
                                ],
                                [
                                    33.4246601164341,
                                    34.83200445771217
                                ],
                                [
                                    33.425922095775604,
                                    34.83281582593918
                                ],
                                [
                                    33.427229672670364,
                                    34.835370630025864
                                ],
                                [
                                    33.42722162604332,
                                    34.83676537871361
                                ],
                                [
                                    33.42594489455223,
                                    34.83843371272087
                                ],
                                [
                                    33.42652156949043,
                                    34.841939359903336
                                ],
                                [
                                    33.42583358287811,
                                    34.8486328125
                                ],
                                [
                                    33.42734232544899,
                                    34.84999403357506
                                ],
                                [
                                    33.42673882842064,
                                    34.85211029648781
                                ],
                                [
                                    33.4268219769001,
                                    34.86373499035835
                                ],
                                [
                                    33.42791900038719,
                                    34.86637160181999
                                ],
                                [
                                    33.42892751097679,
                                    34.88053098320961
                                ],
                                [
                                    33.4276507794857,
                                    34.88602414727211
                                ],
                                [
                                    33.42678710818291,
                                    34.887491315603256
                                ],
                                [
                                    33.425470143556595,
                                    34.88797143101692
                                ],
                                [
                                    33.42524617910385,
                                    34.892578125
                                ],
                                [
                                    33.426599353551865,
                                    34.89545211195946
                                ],
                                [
                                    33.4256874024868,
                                    34.89882633090019
                                ],
                                [
                                    33.4270204603672,
                                    34.90564450621605
                                ],
                                [
                                    33.42666104435921,
                                    34.91123154759407
                                ],
                                [
                                    33.427559584379196,
                                    34.91442337632179
                                ],
                                [
                                    33.42675760388374,
                                    34.920388609170914
                                ],
                                [
                                    33.427471071481705,
                                    34.92400959134102
                                ],
                                [
                                    33.42553049325943,
                                    34.9365234375
                                ],
                                [
                                    33.42596098780632,
                                    34.946703761816025
                                ],
                                [
                                    33.42704460024834,
                                    34.952317625284195
                                ],
                                [
                                    33.42630699276924,
                                    34.955962747335434
                                ],
                                [
                                    33.42688903212547,
                                    34.95735481381416
                                ],
                                [
                                    33.42656448483467,
                                    34.96266022324562
                                ],
                                [
                                    33.426977545022964,
                                    34.965766221284866
                                ],
                                [
                                    33.428562730550766,
                                    34.967026859521866
                                ],
                                [
                                    33.42899993062019,
                                    34.9700953066349
                                ],
                                [
                                    33.42856004834175,
                                    34.97446730732918
                                ],
                                [
                                    33.42719480395317,
                                    34.975435584783554
                                ],
                                [
                                    33.42601865530014,
                                    34.98046875
                                ],
                                [
                                    33.42796057462692,
                                    34.98046875
                                ],
                                [
                                    33.427970819492735,
                                    34.98046875
                                ],
                                [
                                    33.42817649245262,
                                    34.98171731829643
                                ],
                                [
                                    33.42951759696007,
                                    34.982020407915115
                                ],
                                [
                                    33.43641757965088,
                                    34.98046875
                                ],
                                [
                                    33.440316170454025,
                                    34.979378432035446
                                ],
                                [
                                    33.44237744808197,
                                    34.98046875
                                ],
                                [
                                    33.44238817691803,
                                    34.98046875
                                ],
                                [
                                    33.444596976041794,
                                    34.979153126478195
                                ],
                                [
                                    33.44575300812721,
                                    34.97983440756798
                                ],
                                [
                                    33.44944640994072,
                                    34.97921213507652
                                ],
                                [
                                    33.45881938934326,
                                    34.98046875
                                ],
                                [
                                    33.46075460314751,
                                    34.981011897325516
                                ],
                                [
                                    33.46348509192467,
                                    34.98406693339348
                                ],
                                [
                                    33.464388996362686,
                                    34.98324081301689
                                ],
                                [
                                    33.47134128212929,
                                    34.983144253492355
                                ],
                                [
                                    33.47396984696388,
                                    34.981022626161575
                                ],
                                [
                                    33.482013791799545,
                                    34.982162564992905
                                ],
                                [
                                    33.48498299717903,
                                    34.98171731829643
                                ],
                                [
                                    33.48628520965576,
                                    34.98046875
                                ],
                                [
                                    33.486328125,
                                    34.98046875
                                ],
                                [
                                    33.486328125,
                                    34.98179912567139
                                ],
                                [
                                    33.48538801074028,
                                    34.98407229781151
                                ],
                                [
                                    33.486328125,
                                    34.98815059661865
                                ],
                                [
                                    33.487732261419296,
                                    34.98943939805031
                                ],
                                [
                                    33.4880031645298,
                                    34.99085292220116
                                ],
                                [
                                    33.48726287484169,
                                    34.99487891793251
                                ],
                                [
                                    33.486328125,
                                    34.995481073856354
                                ],
                                [
                                    33.48711401224136,
                                    34.99545156955719
                                ],
                                [
                                    33.48892316222191,
                                    34.998542815446854
                                ],
                                [
                                    33.48909750580788,
                                    35.00107482075691
                                ],
                                [
                                    33.491980880498886,
                                    35.0051249563694
                                ],
                                [
                                    33.493246883153915,
                                    35.015352219343185
                                ],
                                [
                                    33.495505303144455,
                                    35.01768574118614
                                ],
                                [
                                    33.49468186497688,
                                    35.022210627794266
                                ],
                                [
                                    33.498041331768036,
                                    35.0244140625
                                ],
                                [
                                    33.49656745791435,
                                    35.0269715487957
                                ],
                                [
                                    33.496728390455246,
                                    35.0297637283802
                                ],
                                [
                                    33.496025651693344,
                                    35.03080978989601
                                ],
                                [
                                    33.49669888615608,
                                    35.03216698765755
                                ],
                                [
                                    33.49590763449669,
                                    35.0330413877964
                                ],
                                [
                                    33.49569037556648,
                                    35.03712639212608
                                ],
                                [
                                    33.494024723768234,
                                    35.04228964447975
                                ],
                                [
                                    33.49449411034584,
                                    35.05910709500313
                                ],
                                [
                                    33.4933876991272,
                                    35.066986083984375
                                ],
                                [
                                    33.4940005838871,
                                    35.067762583494186
                                ],
                                [
                                    33.498046696186066,
                                    35.068359375
                                ],
                                [
                                    33.49608466029167,
                                    35.07012292742729
                                ],
                                [
                                    33.495615273714066,
                                    35.07778063416481
                                ],
                                [
                                    33.49416956305504,
                                    35.08223846554756
                                ],
                                [
                                    33.49371626973152,
                                    35.09138211607933
                                ],
                                [
                                    33.49244758486748,
                                    35.09806349873543
                                ],
                                [
                                    33.493945598602295,
                                    35.105438232421875
                                ],
                                [
                                    33.495851308107376,
                                    35.10820493102074
                                ],
                                [
                                    33.49660500884056,
                                    35.11093005537987
                                ],
                                [
                                    33.49800646305084,
                                    35.1123046875
                                ],
                                [
                                    33.495899587869644,
                                    35.11276200413704
                                ],
                                [
                                    33.495510667562485,
                                    35.11368736624718
                                ],
                                [
                                    33.49523976445198,
                                    35.11901691555977
                                ],
                                [
                                    33.49330320954323,
                                    35.12054041028023
                                ],
                                [
                                    33.4917850792408,
                                    35.12864604592323
                                ],
                                [
                                    33.49312350153923,
                                    35.134305506944656
                                ],
                                [
                                    33.49441096186638,
                                    35.136354714632034
                                ],
                                [
                                    33.49446192383766,
                                    35.13850316405296
                                ],
                                [
                                    33.49731579422951,
                                    35.14253720641136
                                ],
                                [
                                    33.49735602736473,
                                    35.144111663103104
                                ],
                                [
                                    33.49541947245598,
                                    35.146254748106
                                ],
                                [
                                    33.49518343806267,
                                    35.151337534189224
                                ],
                                [
                                    33.49731579422951,
                                    35.153909772634506
                                ],
                                [
                                    33.497974276542664,
                                    35.15625
                                ],
                                [
                                    33.49731847643852,
                                    35.16978845000267
                                ],
                                [
                                    33.49798232316971,
                                    35.17466336488724
                                ],
                                [
                                    33.49939987063408,
                                    35.17726644873619
                                ],
                                [
                                    33.49939450621605,
                                    35.179133266210556
                                ],
                                [
                                    33.501886278390884,
                                    35.18014445900917
                                ],
                                [
                                    33.50300744175911,
                                    35.18983259797096
                                ],
                                [
                                    33.50417152047157,
                                    35.19094571471214
                                ],
                                [
                                    33.50744649767876,
                                    35.19144997000694
                                ],
                                [
                                    33.50755110383034,
                                    35.19570663571358
                                ],
                                [
                                    33.510340601205826,
                                    35.197262316942215
                                ],
                                [
                                    33.51152345538139,
                                    35.19982114434242
                                ],
                                [
                                    33.51499691605568,
                                    35.20018324255943
                                ],
                                [
                                    33.51280823349953,
                                    35.203873962163925
                                ],
                                [
                                    33.51441219449043,
                                    35.20517751574516
                                ],
                                [
                                    33.51477697491646,
                                    35.20659640431404
                                ],
                                [
                                    33.51489499211311,
                                    35.21542891860008
                                ],
                                [
                                    33.51381540298462,
                                    35.220794677734375
                                ],
                                [
                                    33.51484000682831,
                                    35.22299945354462
                                ],
                                [
                                    33.51397767663002,
                                    35.22360697388649
                                ],
                                [
                                    33.513076454401016,
                                    35.22822842001915
                                ],
                                [
                                    33.51440146565437,
                                    35.230561941862106
                                ],
                                [
                                    33.51471796631813,
                                    35.23315563797951
                                ],
                                [
                                    33.5120464861393,
                                    35.237809270620346
                                ],
                                [
                                    33.5132722556591,
                                    35.23836985230446
                                ],
                                [
                                    33.51266607642174,
                                    35.240073055028915
                                ],
                                [
                                    33.51464420557022,
                                    35.244140625
                                ],
                                [
                                    33.513108640909195,
                                    35.248165279626846
                                ],
                                [
                                    33.51130351424217,
                                    35.249704867601395
                                ],
                                [
                                    33.51085290312767,
                                    35.252588242292404
                                ],
                                [
                                    33.51396024227142,
                                    35.25980740785599
                                ],
                                [
                                    33.511501997709274,
                                    35.263837426900864
                                ],
                                [
                                    33.51127400994301,
                                    35.26638552546501
                                ],
                                [
                                    33.5099758207798,
                                    35.26772931218147
                                ],
                                [
                                    33.50692614912987,
                                    35.26887997984886
                                ],
                                [
                                    33.505461663007736,
                                    35.27495250105858
                                ],
                                [
                                    33.50793465971947,
                                    35.28336927294731
                                ],
                                [
                                    33.51153686642647,
                                    35.28808996081352
                                ],
                                [
                                    33.494638949632645,
                                    35.29137834906578
                                ],
                                [
                                    33.49295988678932,
                                    35.29458358883858
                                ],
                                [
                                    33.49080607295036,
                                    35.29561623930931
                                ],
                                [
                                    33.4899477660656,
                                    35.299105793237686
                                ],
                                [
                                    33.48749354481697,
                                    35.300141125917435
                                ],
                                [
                                    33.486328125,
                                    35.30583679676056
                                ],
                                [
                                    33.48222568631172,
                                    35.30444875359535
                                ],
                                [
                                    33.478926569223404,
                                    35.30481353402138
                                ],
                                [
                                    33.47553625702858,
                                    35.30386134982109
                                ],
                                [
                                    33.47012624144554,
                                    35.303984731435776
                                ],
                                [
                                    33.46519097685814,
                                    35.30558601021767
                                ],
                                [
                                    33.460518568754196,
                                    35.304142981767654
                                ],
                                [
                                    33.45787659287453,
                                    35.30418053269386
                                ],
                                [
                                    33.45414564013481,
                                    35.306095629930496
                                ],
                                [
                                    33.451570719480515,
                                    35.30595883727074
                                ],
                                [
                                    33.44323441386223,
                                    35.307718366384506
                                ],
                                [
                                    33.4423828125,
                                    35.309546291828156
                                ],
                                [
                                    33.42755287885666,
                                    35.31073182821274
                                ],
                                [
                                    33.40667724609375,
                                    35.31233847141266
                                ],
                                [
                                    33.4062896668911,
                                    35.31169876456261
                                ],
                                [
                                    33.405303955078125,
                                    35.31246721744537
                                ],
                                [
                                    33.404259234666824,
                                    35.311983078718185
                                ],
                                [
                                    33.4039306640625,
                                    35.31258523464203
                                ],
                                [
                                    33.3984375,
                                    35.31300634145737
                                ],
                                [
                                    33.3984375,
                                    35.3135347366333
                                ],
                                [
                                    33.39776024222374,
                                    35.318106561899185
                                ],
                                [
                                    33.3984375,
                                    35.31877040863037
                                ],
                                [
                                    33.3984375,
                                    35.31904399394989
                                ],
                                [
                                    33.39731499552727,
                                    35.31814947724342
                                ],
                                [
                                    33.39515581727028,
                                    35.31829968094826
                                ],
                                [
                                    33.39080795645714,
                                    35.316768139600754
                                ],
                                [
                                    33.388157933950424,
                                    35.31431391835213
                                ],
                                [
                                    33.3825521171093,
                                    35.31401351094246
                                ],
                                [
                                    33.37783947587013,
                                    35.31261071562767
                                ],
                                [
                                    33.37396636605263,
                                    35.31332418322563
                                ],
                                [
                                    33.37011203169823,
                                    35.31254097819328
                                ],
                                [
                                    33.36853489279747,
                                    35.313485115766525
                                ],
                                [
                                    33.361773043870926,
                                    35.3136245906353
                                ],
                                [
                                    33.35825935006142,
                                    35.31442657113075
                                ],
                                [
                                    33.356816321611404,
                                    35.31590178608894
                                ],
                                [
                                    33.3544921875,
                                    35.316190123558044
                                ],
                                [
                                    33.35012957453728,
                                    35.31514808535576
                                ],
                                [
                                    33.34495022892952,
                                    35.31519904732704
                                ],
                                [
                                    33.34213390946388,
                                    35.31145200133324
                                ],
                                [
                                    33.336192816495895,
                                    35.31046226620674
                                ],
                                [
                                    33.33245649933815,
                                    35.31042739748955
                                ],
                                [
                                    33.331241458654404,
                                    35.31181678175926
                                ],
                                [
                                    33.328210562467575,
                                    35.312608033418655
                                ],
                                [
                                    33.32405850291252,
                                    35.31258121132851
                                ],
                                [
                                    33.319498747587204,
                                    35.31099334359169
                                ],
                                [
                                    33.313332349061966,
                                    35.31153783202171
                                ],
                                [
                                    33.313128501176834,
                                    35.312208384275436
                                ],
                                [
                                    33.310546875,
                                    35.31297415494919
                                ],
                                [
                                    33.30712839961052,
                                    35.31144127249718
                                ],
                                [
                                    33.303748816251755,
                                    35.31235322356224
                                ],
                                [
                                    33.302997797727585,
                                    35.31165584921837
                                ],
                                [
                                    33.29681798815727,
                                    35.31089410185814
                                ],
                                [
                                    33.29218849539757,
                                    35.31130716204643
                                ],
                                [
                                    33.290372639894485,
                                    35.31035766005516
                                ],
                                [
                                    33.2859805226326,
                                    35.31117707490921
                                ],
                                [
                                    33.283409625291824,
                                    35.310770720243454
                                ],
                                [
                                    33.28037604689598,
                                    35.308887809515
                                ],
                                [
                                    33.273772448301315,
                                    35.308973640203476
                                ],
                                [
                                    33.26861456036568,
                                    35.309976786375046
                                ],
                                [
                                    33.24156850576401,
                                    35.307961106300354
                                ],
                                [
                                    33.232847303152084,
                                    35.304526537656784
                                ],
                                [
                                    33.22745606303215,
                                    35.30450776219368
                                ],
                                [
                                    33.22265625,
                                    35.306842625141144
                                ],
                                [
                                    33.22091415524483,
                                    35.30448094010353
                                ],
                                [
                                    33.2171630859375,
                                    35.30398607254028
                                ],
                                [
                                    33.2157938182354,
                                    35.303512662649155
                                ],
                                [
                                    33.21015581488609,
                                    35.30495837330818
                                ],
                                [
                                    33.20343017578125,
                                    35.305187702178955
                                ],
                                [
                                    33.19897636771202,
                                    35.3044568002224
                                ],
                                [
                                    33.19523602724075,
                                    35.305195748806
                                ],
                                [
                                    33.18983003497124,
                                    35.30419126152992
                                ],
                                [
                                    33.18798467516899,
                                    35.30256047844887
                                ],
                                [
                                    33.18558946251869,
                                    35.30239149928093
                                ],
                                [
                                    33.18044498562813,
                                    35.303491204977036
                                ],
                                [
                                    33.177831172943115,
                                    35.30520647764206
                                ],
                                [
                                    33.17662015557289,
                                    35.29880002140999
                                ],
                                [
                                    33.17801088094711,
                                    35.2880859375
                                ],
                                [
                                    33.17670062184334,
                                    35.28357848525047
                                ],
                                [
                                    33.17646190524101,
                                    35.27234807610512
                                ],
                                [
                                    33.1772343814373,
                                    35.270044058561325
                                ],
                                [
                                    33.17619100213051,
                                    35.2661494910717
                                ],
                                [
                                    33.17633047699928,
                                    35.263180285692215
                                ],
                                [
                                    33.17754551768303,
                                    35.26097550988197
                                ],
                                [
                                    33.178030997514725,
                                    35.25310859084129
                                ],
                                [
                                    33.177422136068344,
                                    35.247419625520706
                                ],
                                [
                                    33.1780806183815,
                                    35.244140625
                                ],
                                [
                                    33.176628202199936,
                                    35.24052366614342
                                ],
                                [
                                    33.175185173749924,
                                    35.231192260980606
                                ],
                                [
                                    33.175520449876785,
                                    35.22066459059715
                                ],
                                [
                                    33.17482843995094,
                                    35.214466005563736
                                ],
                                [
                                    33.177867382764816,
                                    35.205512791872025
                                ],
                                [
                                    33.177558928728104,
                                    35.181254893541336
                                ],
                                [
                                    33.17532196640968,
                                    35.17327532172203
                                ],
                                [
                                    33.17565456032753,
                                    35.16347989439964
                                ],
                                [
                                    33.1768374145031,
                                    35.161183923482895
                                ],
                                [
                                    33.17733630537987,
                                    35.15631303191185
                                ],
                                [
                                    33.178094029426575,
                                    35.15625
                                ],
                                [
                                    33.177296072244644,
                                    35.14689311385155
                                ],
                                [
                                    33.17494109272957,
                                    35.14042094349861
                                ],
                                [
                                    33.17460313439369,
                                    35.13394072651863
                                ],
                                [
                                    33.17606762051582,
                                    35.11471465229988
                                ],
                                [
                                    33.17648604512215,
                                    35.1130785048008
                                ],
                                [
                                    33.178051114082336,
                                    35.1123046875
                                ],
                                [
                                    33.17223474383354,
                                    35.1036237180233
                                ],
                                [
                                    33.17010372877121,
                                    35.0960049033165
                                ],
                                [
                                    33.16674694418907,
                                    35.096883326768875
                                ],
                                [
                                    33.166146129369736,
                                    35.097996443510056
                                ],
                                [
                                    33.16015675663948,
                                    35.09768262505531
                                ],
                                [
                                    33.15758720040321,
                                    35.09947434067726
                                ],
                                [
                                    33.155364990234375,
                                    35.099709033966064
                                ],
                                [
                                    33.1503801047802,
                                    35.09874477982521
                                ],
                                [
                                    33.14935818314552,
                                    35.09789451956749
                                ],
                                [
                                    33.14948156476021,
                                    35.09665533900261
                                ],
                                [
                                    33.14931660890579,
                                    35.09612828493118
                                ],
                                [
                                    33.14929112792015,
                                    35.09690210223198
                                ],
                                [
                                    33.1478776037693,
                                    35.09760484099388
                                ],
                                [
                                    33.14651772379875,
                                    35.09711667895317
                                ],
                                [
                                    33.14524099230766,
                                    35.09822174906731
                                ],
                                [
                                    33.13962176442146,
                                    35.099021047353745
                                ],
                                [
                                    33.138637393713,
                                    35.096521228551865
                                ],
                                [
                                    33.134765625,
                                    35.096206068992615
                                ],
                                [
                                    33.1292898952961,
                                    35.09795889258385
                                ],
                                [
                                    33.1288580596447,
                                    35.09917929768562
                                ],
                                [
                                    33.12594786286354,
                                    35.10109439492226
                                ],
                                [
                                    33.12353923916817,
                                    35.10142430663109
                                ],
                                [
                                    33.119659423828125,
                                    35.10129690170288
                                ],
                                [
                                    33.11576619744301,
                                    35.098894983530045
                                ],
                                [
                                    33.11094895005226,
                                    35.09964868426323
                                ],
                                [
                                    33.105474561452866,
                                    35.097974985837936
                                ],
                                [
                                    33.101526349782944,
                                    35.099503844976425
                                ],
                                [
                                    33.10131713747978,
                                    35.100222676992416
                                ],
                                [
                                    33.09671178460121,
                                    35.10081544518471
                                ],
                                [
                                    33.09250071644783,
                                    35.098742097616196
                                ],
                                [
                                    33.0908203125,
                                    35.09651720523834
                                ],
                                [
                                    33.08476522564888,
                                    35.09911224246025
                                ],
                                [
                                    33.08307811617851,
                                    35.098275393247604
                                ],
                                [
                                    33.07756885886192,
                                    35.09854897856712
                                ],
                                [
                                    33.076895624399185,
                                    35.0999490916729
                                ],
                                [
                                    33.07548210024834,
                                    35.10021731257439
                                ],
                                [
                                    33.07053878903389,
                                    35.09906128048897
                                ],
                                [
                                    33.067762702703476,
                                    35.099793523550034
                                ],
                                [
                                    33.06610509753227,
                                    35.10117217898369
                                ],
                                [
                                    33.06297764182091,
                                    35.100869089365005
                                ],
                                [
                                    33.06212738156319,
                                    35.09927049279213
                                ],
                                [
                                    33.06071922183037,
                                    35.0985811650753
                                ],
                                [
                                    33.058020919561386,
                                    35.098237842321396
                                ],
                                [
                                    33.055537194013596,
                                    35.09922221302986
                                ],
                                [
                                    33.0492527782917,
                                    35.09808495640755
                                ],
                                [
                                    33.046875,
                                    35.09675860404968
                                ],
                                [
                                    33.04213687777519,
                                    35.09780064225197
                                ],
                                [
                                    33.03797006607056,
                                    35.09677737951279
                                ],
                                [
                                    33.036242723464966,
                                    35.09677469730377
                                ],
                                [
                                    33.03131952881813,
                                    35.097776502370834
                                ],
                                [
                                    33.02325680851936,
                                    35.09694501757622
                                ],
                                [
                                    33.02096888422966,
                                    35.098001807928085
                                ],
                                [
                                    33.01734521985054,
                                    35.097014755010605
                                ],
                                [
                                    33.01619455218315,
                                    35.09822443127632
                                ],
                                [
                                    33.01409974694252,
                                    35.09836122393608
                                ],
                                [
                                    33.00785019993782,
                                    35.09725347161293
                                ],
                                [
                                    33.005457669496536,
                                    35.09866699576378
                                ],
                                [
                                    33.00319120287895,
                                    35.09796157479286
                                ],
                                [
                                    33.0029296875,
                                    35.09700000286102
                                ],
                                [
                                    33.000285029411316,
                                    35.0970134139061
                                ],
                                [
                                    33.00030916929245,
                                    35.1123046875
                                ],
                                [
                                    32.999629229307175,
                                    35.115336924791336
                                ],
                                [
                                    32.99812451004982,
                                    35.11755242943764
                                ],
                                [
                                    32.99880310893059,
                                    35.119075924158096
                                ],
                                [
                                    32.998105734586716,
                                    35.12589141726494
                                ],
                                [
                                    33.00031319260597,
                                    35.12955531477928
                                ],
                                [
                                    33.0001924932003,
                                    35.13226971030235
                                ],
                                [
                                    32.998357862234116,
                                    35.13427600264549
                                ],
                                [
                                    32.99941465258598,
                                    35.14731153845787
                                ],
                                [
                                    32.998593896627426,
                                    35.14996960759163
                                ],
                                [
                                    33.00003424286842,
                                    35.152549892663956
                                ],
                                [
                                    32.99860194325447,
                                    35.15529379248619
                                ],
                                [
                                    33.00038427114487,
                                    35.15625
                                ],
                                [
                                    32.99831762909889,
                                    35.1583568751812
                                ],
                                [
                                    32.999859899282455,
                                    35.162283629179
                                ],
                                [
                                    33.00018176436424,
                                    35.16659393906593
                                ],
                                [
                                    32.998730689287186,
                                    35.16877457499504
                                ],
                                [
                                    32.99866631627083,
                                    35.17447426915169
                                ],
                                [
                                    32.997596114873886,
                                    35.17678365111351
                                ],
                                [
                                    32.99708381295204,
                                    35.184017568826675
                                ],
                                [
                                    32.99806281924248,
                                    35.18580660223961
                                ],
                                [
                                    32.998336404562,
                                    35.19153580069542
                                ],
                                [
                                    33.000443279743195,
                                    35.2001953125
                                ],
                                [
                                    32.99967482686043,
                                    35.21131977438927
                                ],
                                [
                                    32.99791261553764,
                                    35.21329119801521
                                ],
                                [
                                    32.99873873591423,
                                    35.222480446100235
                                ],
                                [
                                    32.997727543115616,
                                    35.23055657744408
                                ],
                                [
                                    32.998961359262466,
                                    35.23452624678612
                                ],
                                [
                                    32.99825057387352,
                                    35.242704302072525
                                ],
                                [
                                    33.00049692392349,
                                    35.244140625
                                ],
                                [
                                    33.00010934472084,
                                    35.24930790066719
                                ],
                                [
                                    32.99762561917305,
                                    35.2559731900692
                                ],
                                [
                                    32.998505383729935,
                                    35.25810554623604
                                ],
                                [
                                    32.99915447831154,
                                    35.27047589421272
                                ],
                                [
                                    32.99792870879173,
                                    35.27546212077141
                                ],
                                [
                                    32.99827739596367,
                                    35.28265044093132
                                ],
                                [
                                    33.00057739019394,
                                    35.2880859375
                                ],
                                [
                                    32.998647540807724,
                                    35.29689833521843
                                ],
                                [
                                    32.997842878103256,
                                    35.313265174627304
                                ],
                                [
                                    32.99811378121376,
                                    35.31449630856514
                                ],
                                [
                                    32.99963191151619,
                                    35.31542971730232
                                ],
                                [
                                    32.998593896627426,
                                    35.327826887369156
                                ],
                                [
                                    32.999760657548904,
                                    35.33142641186714
                                ],
                                [
                                    33.00062835216522,
                                    35.33203125
                                ],
                                [
                                    32.999639958143234,
                                    35.33363118767738
                                ],
                                [
                                    33.000342696905136,
                                    35.336560159921646
                                ],
                                [
                                    32.99686387181282,
                                    35.346728414297104
                                ],
                                [
                                    32.99683704972267,
                                    35.35011604428291
                                ],
                                [
                                    32.9978509247303,
                                    35.36221280694008
                                ],
                                [
                                    32.997244745492935,
                                    35.367199033498764
                                ],
                                [
                                    33.000647127628326,
                                    35.3759765625
                                ],
                                [
                                    33.000647127628326,
                                    35.37935882806778
                                ],
                                [
                                    32.999371737241745,
                                    35.39530321955681
                                ],
                                [
                                    33.00011470913887,
                                    35.39981737732887
                                ],
                                [
                                    32.9996882379055,
                                    35.40418401360512
                                ],
                                [
                                    33.0006605386734,
                                    35.419921875
                                ],
                                [
                                    32.958984375,
                                    35.419921875
                                ],
                                [
                                    32.958984375,
                                    35.425801277160645
                                ],
                                [
                                    32.92757302522659,
                                    35.42570471763611
                                ],
                                [
                                    32.92757302522659,
                                    35.425696671009064
                                ],
                                [
                                    32.924373149871826,
                                    35.42569398880005
                                ],
                                [
                                    32.923396825790405,
                                    35.42568325996399
                                ],
                                [
                                    32.91189283132553,
                                    35.42565107345581
                                ],
                                [
                                    32.91095674037933,
                                    35.42564034461975
                                ],
                                [
                                    32.90879487991333,
                                    35.42564034461975
                                ],
                                [
                                    32.87109375,
                                    35.42549550533295
                                ],
                                [
                                    32.87109375,
                                    35.244140625
                                ],
                                [
                                    32.8537318110466,
                                    35.244140625
                                ],
                                [
                                    32.8537318110466,
                                    35.24119824171066
                                ],
                                [
                                    32.85377472639084,
                                    35.202314257621765
                                ],
                                [
                                    32.82748103141785,
                                    35.20208090543747
                                ],
                                [
                                    32.82225877046585,
                                    35.2020326256752
                                ],
                                [
                                    32.82213270664215,
                                    35.20202457904816
                                ],
                                [
                                    32.82076209783554,
                                    35.20201921463013
                                ],
                                [
                                    32.82076209783554,
                                    35.20201116800308
                                ],
                                [
                                    32.819289565086365,
                                    35.20200580358505
                                ],
                                [
                                    32.81926542520523,
                                    35.20199775695801
                                ],
                                [
                                    32.816652953624725,
                                    35.20198166370392
                                ],
                                [
                                    32.81626671552658,
                                    35.20197093486786
                                ],
                                [
                                    32.80503362417221,
                                    35.20187437534332
                                ],
                                [
                                    32.80262500047684,
                                    35.20184487104416
                                ],
                                [
                                    32.801275849342346,
                                    35.20183950662613
                                ],
                                [
                                    32.801275849342346,
                                    35.201831459999084
                                ],
                                [
                                    32.80014932155609,
                                    35.20182877779007
                                ],
                                [
                                    32.79976308345795,
                                    35.20181804895401
                                ],
                                [
                                    32.79525965452194,
                                    35.201783180236816
                                ],
                                [
                                    32.7952516078949,
                                    35.20177513360977
                                ],
                                [
                                    32.79149115085602,
                                    35.20174831151962
                                ],
                                [
                                    32.78924614191055,
                                    35.201726853847504
                                ],
                                [
                                    32.78922736644745,
                                    35.20171880722046
                                ],
                                [
                                    32.78322458267212,
                                    35.20167052745819
                                ],
                                [
                                    32.78322458267212,
                                    35.201662480831146
                                ],
                                [
                                    32.78205782175064,
                                    35.20165979862213
                                ],
                                [
                                    32.781714498996735,
                                    35.20164906978607
                                ],
                                [
                                    32.778694331645966,
                                    35.20162761211395
                                ],
                                [
                                    32.778694331645966,
                                    35.20161956548691
                                ],
                                [
                                    32.77751415967941,
                                    35.20161688327789
                                ],
                                [
                                    32.777186930179596,
                                    35.20160615444183
                                ],
                                [
                                    32.77415335178375,
                                    35.201584696769714
                                ],
                                [
                                    32.77415335178375,
                                    35.20157665014267
                                ],
                                [
                                    32.77296781539917,
                                    35.201573967933655
                                ],
                                [
                                    32.77264326810837,
                                    35.201563239097595
                                ],
                                [
                                    32.769609689712524,
                                    35.201541781425476
                                ],
                                [
                                    32.769609689712524,
                                    35.20153373479843
                                ],
                                [
                                    32.76841878890991,
                                    35.20153105258942
                                ],
                                [
                                    32.768102288246155,
                                    35.20152032375336
                                ],
                                [
                                    32.765103578567505,
                                    35.20149886608124
                                ],
                                [
                                    32.76506870985031,
                                    35.20149081945419
                                ],
                                [
                                    32.764242589473724,
                                    35.20149081945419
                                ],
                                [
                                    32.76355862617493,
                                    35.20147740840912
                                ],
                                [
                                    32.76203513145447,
                                    35.201469361782074
                                ],
                                [
                                    32.761968076229095,
                                    35.20146131515503
                                ],
                                [
                                    32.76082009077072,
                                    35.201458632946014
                                ],
                                [
                                    32.760508954524994,
                                    35.201447904109955
                                ],
                                [
                                    32.75753170251846,
                                    35.201426446437836
                                ],
                                [
                                    32.75747537612915,
                                    35.20141839981079
                                ],
                                [
                                    32.75442838668823,
                                    35.20139694213867
                                ],
                                [
                                    32.75442838668823,
                                    35.20138889551163
                                ],
                                [
                                    32.753266990184784,
                                    35.20138621330261
                                ],
                                [
                                    32.75291830301285,
                                    35.20137548446655
                                ],
                                [
                                    32.75139480829239,
                                    35.20136743783951
                                ],
                                [
                                    32.75130361318588,
                                    35.20135939121246
                                ],
                                [
                                    32.75015026330948,
                                    35.20135670900345
                                ],
                                [
                                    32.74987131357193,
                                    35.20134598016739
                                ],
                                [
                                    32.74907737970352,
                                    35.20134598016739
                                ],
                                [
                                    32.7481546998024,
                                    35.2013298869133
                                ],
                                [
                                    32.74708718061447,
                                    35.201327204704285
                                ],
                                [
                                    32.74681091308594,
                                    35.201316475868225
                                ],
                                [
                                    32.74595528841019,
                                    35.201316475868225
                                ],
                                [
                                    32.74504601955414,
                                    35.201300382614136
                                ],
                                [
                                    32.74402678012848,
                                    35.20129770040512
                                ],
                                [
                                    32.74376392364502,
                                    35.20128697156906
                                ],
                                [
                                    32.742878794670105,
                                    35.20128697156906
                                ],
                                [
                                    32.741974890232086,
                                    35.20127087831497
                                ],
                                [
                                    32.74096369743347,
                                    35.20126819610596
                                ],
                                [
                                    32.74070352315903,
                                    35.2012574672699
                                ],
                                [
                                    32.73946434259415,
                                    35.20125210285187
                                ],
                                [
                                    32.73956894874573,
                                    35.15625
                                ],
                                [
                                    32.73985728621483,
                                    35.11024072766304
                                ],
                                [
                                    32.73931011557579,
                                    35.107848197221756
                                ],
                                [
                                    32.73994043469429,
                                    35.1051364839077
                                ],
                                [
                                    32.73931011557579,
                                    35.097738951444626
                                ],
                                [
                                    32.73991495370865,
                                    35.09647697210312
                                ],
                                [
                                    32.740541249513626,
                                    35.08818760514259
                                ],
                                [
                                    32.73953542113304,
                                    35.085540264844894
                                ],
                                [
                                    32.740353494882584,
                                    35.083912163972855
                                ],
                                [
                                    32.73939326405525,
                                    35.079899579286575
                                ],
                                [
                                    32.740830928087234,
                                    35.07119581103325
                                ],
                                [
                                    32.74215191602707,
                                    35.068359375
                                ],
                                [
                                    32.740924805402756,
                                    35.067175179719925
                                ],
                                [
                                    32.74145856499672,
                                    35.06201460957527
                                ],
                                [
                                    32.739543467760086,
                                    35.05138769745827
                                ],
                                [
                                    32.74091139435768,
                                    35.03701373934746
                                ],
                                [
                                    32.739564925432205,
                                    35.029879063367844
                                ],
                                [
                                    32.74024352431297,
                                    35.02629294991493
                                ],
                                [
                                    32.741875648498535,
                                    35.0244140625
                                ],
                                [
                                    32.7401576936245,
                                    35.022363513708115
                                ],
                                [
                                    32.739285975694656,
                                    35.0171922147274
                                ],
                                [
                                    32.74023815989494,
                                    35.008751302957535
                                ],
                                [
                                    32.73988679051399,
                                    35.00441953539848
                                ],
                                [
                                    32.740919440984726,
                                    34.99882981181145
                                ],
                                [
                                    32.74101600050926,
                                    34.99437466263771
                                ],
                                [
                                    32.73995652794838,
                                    34.9914188683033
                                ],
                                [
                                    32.74127617478371,
                                    34.988170713186264
                                ],
                                [
                                    32.741628885269165,
                                    34.98046875
                                ],
                                [
                                    32.739422768354416,
                                    34.96342733502388
                                ],
                                [
                                    32.74017110466957,
                                    34.96205672621727
                                ],
                                [
                                    32.7413110435009,
                                    34.951593428850174
                                ],
                                [
                                    32.73953542113304,
                                    34.94339123368263
                                ],
                                [
                                    32.74065926671028,
                                    34.93748500943184
                                ],
                                [
                                    32.741722762584686,
                                    34.9365234375
                                ],
                                [
                                    32.74098113179207,
                                    34.93188992142677
                                ],
                                [
                                    32.74133250117302,
                                    34.926699846982956
                                ],
                                [
                                    32.74000480771065,
                                    34.92505833506584
                                ],
                                [
                                    32.74023547768593,
                                    34.91847351193428
                                ],
                                [
                                    32.73948714137077,
                                    34.91502687335014
                                ],
                                [
                                    32.739910930395126,
                                    34.91037055850029
                                ],
                                [
                                    32.74140492081642,
                                    34.90805044770241
                                ],
                                [
                                    32.74185284972191,
                                    34.905094653367996
                                ],
                                [
                                    32.7411313354969,
                                    34.9016372859478
                                ],
                                [
                                    32.74200439453125,
                                    34.892578125
                                ],
                                [
                                    32.74100795388222,
                                    34.89172115921974
                                ],
                                [
                                    32.74018719792366,
                                    34.88746449351311
                                ],
                                [
                                    32.74110451340675,
                                    34.881142526865005
                                ],
                                [
                                    32.7393664419651,
                                    34.877939969301224
                                ],
                                [
                                    32.739953845739365,
                                    34.87156167626381
                                ],
                                [
                                    32.739285975694656,
                                    34.86718162894249
                                ],
                                [
                                    32.739959210157394,
                                    34.8668597638607
                                ],
                                [
                                    32.74013891816139,
                                    34.86398711800575
                                ],
                                [
                                    32.73962661623955,
                                    34.86121639609337
                                ],
                                [
                                    32.740825563669205,
                                    34.85687658190727
                                ],
                                [
                                    32.74000480771065,
                                    34.85479786992073
                                ],
                                [
                                    32.74045005440712,
                                    34.851418286561966
                                ],
                                [
                                    32.74152562022209,
                                    34.85052779316902
                                ],
                                [
                                    32.7419239282608,
                                    34.8486328125
                                ],
                                [
                                    32.74176701903343,
                                    34.84609678387642
                                ],
                                [
                                    32.74040445685387,
                                    34.84491392970085
                                ],
                                [
                                    32.739586383104324,
                                    34.83052119612694
                                ],
                                [
                                    32.7392578125,
                                    34.82983589172363
                                ],
                                [
                                    32.73674592375755,
                                    34.83077064156532
                                ],
                                [
                                    32.730590254068375,
                                    34.83129099011421
                                ],
                                [
                                    32.726294696331024,
                                    34.82972055673599
                                ],
                                [
                                    32.72530898451805,
                                    34.82736960053444
                                ],
                                [
                                    32.72455260157585,
                                    34.82047900557518
                                ],
                                [
                                    32.72519901394844,
                                    34.81748029589653
                                ],
                                [
                                    32.72410199046135,
                                    34.816206246614456
                                ],
                                [
                                    32.72524192929268,
                                    34.81120392680168
                                ],
                                [
                                    32.72492676973343,
                                    34.8046875
                                ],
                                [
                                    32.73080348968506,
                                    34.8046875
                                ],
                                [
                                    32.73566499352455,
                                    34.804160445928574
                                ],
                                [
                                    32.73706912994385,
                                    34.8046875
                                ],
                                [
                                    32.739496529102325,
                                    34.8046875
                                ],
                                [
                                    32.73926317691803,
                                    34.762115478515625
                                ],
                                [
                                    32.73829087615013,
                                    34.75884720683098
                                ],
                                [
                                    32.73902848362923,
                                    34.757908433675766
                                ],
                                [
                                    32.73931682109833,
                                    34.753875732421875
                                ],
                                [
                                    32.73850277066231,
                                    34.73626300692558
                                ],
                                [
                                    32.73902043700218,
                                    34.73279759287834
                                ],
                                [
                                    32.73777052760124,
                                    34.730836898088455
                                ],
                                [
                                    32.73826941847801,
                                    34.72784623503685
                                ],
                                [
                                    32.737133502960205,
                                    34.723663330078125
                                ],
                                [
                                    32.73884743452072,
                                    34.716796875
                                ],
                                [
                                    32.73195818066597,
                                    34.71455052495003
                                ],
                                [
                                    32.73101940751076,
                                    34.71243962645531
                                ],
                                [
                                    32.729072123765945,
                                    34.71120312809944
                                ],
                                [
                                    32.72738501429558,
                                    34.70492944121361
                                ],
                                [
                                    32.72762641310692,
                                    34.70317795872688
                                ],
                                [
                                    32.728731483221054,
                                    34.701973646879196
                                ],
                                [
                                    32.728699296712875,
                                    34.697488993406296
                                ],
                                [
                                    32.73029252886772,
                                    34.6939779818058
                                ],
                                [
                                    32.733425348997116,
                                    34.69167932868004
                                ],
                                [
                                    32.734817415475845,
                                    34.68777135014534
                                ],
                                [
                                    32.73439630866051,
                                    34.682527631521225
                                ],
                                [
                                    32.73654744029045,
                                    34.677045196294785
                                ],
                                [
                                    32.73764178156853,
                                    34.67664822936058
                                ],
                                [
                                    32.73827478289604,
                                    34.67514619231224
                                ],
                                [
                                    32.73836597800255,
                                    34.67120870947838
                                ],
                                [
                                    32.73670569062233,
                                    34.666520208120346
                                ],
                                [
                                    32.734592109918594,
                                    34.66321840882301
                                ],
                                [
                                    32.734055668115616,
                                    34.65644583106041
                                ],
                                [
                                    32.73590102791786,
                                    34.650928527116776
                                ],
                                [
                                    32.73546651005745,
                                    34.65052887797356
                                ],
                                [
                                    32.73697391152382,
                                    34.64907243847847
                                ],
                                [
                                    32.73643210530281,
                                    34.64417204260826
                                ]
                            ]
                        ]
                    },
                    "properties": {
                        "id": "465deab2-c6b2-42fa-9213-b238cbdc8809",
                        "catalogId": "b590134f-7610-4c64-b5b7-5c15fb41a7d0",
                        "productId": "BM_Cyprus_BACKUP",
                        "productType": "Orthophoto",
                        "sourceId": "10400100786D3E00",
                        "sourceName": "BM_www",
                        "productVersion": "1.0",
                        "ingestionDateUTC": "2026-08-18T08:19:20.147Z",
                        "imagingTimeBeginUTC": "2022-06-02T00:00:00Z",
                        "imagingTimeEndUTC": "2022-06-02T00:00:00Z",
                        "resolutionDegree": 0.02197265625,
                        "resolutionMeter": 2445.98,
                        "sourceResolutionMeter": 0.32,
                        "horizontalAccuracyCe90": 8.5,
                        "sensors": "WV03",
                        "countries": "BM_www",
                        "cities": "",
                        "description": null
                    },
                    "type": "Feature"
                },
                {
                    "__typename": "WfsFeature",
                    "id": "BM_Cyprus_BACKUP-Orthophoto.51a02d13-1603-4c86-ba3d-433f55f9bf0b",
                    "geometry": {
                        "type": "Polygon",
                        "coordinates": [
                            [
                                [
                                    33.42503294348717,
                                    35.178907960653305
                                ],
                                [
                                    33.42190280556679,
                                    35.17550155520439
                                ],
                                [
                                    33.41853931546211,
                                    35.17458692193031
                                ],
                                [
                                    33.41766491532326,
                                    35.172148793935776
                                ],
                                [
                                    33.413633555173874,
                                    35.17272815108299
                                ],
                                [
                                    33.40804919600487,
                                    35.171676725149155
                                ],
                                [
                                    33.40007498860359,
                                    35.17289713025093
                                ],
                                [
                                    33.3984375,
                                    35.169985592365265
                                ],
                                [
                                    33.39805528521538,
                                    35.171014219522476
                                ],
                                [
                                    33.39449867606163,
                                    35.17063871026039
                                ],
                                [
                                    33.39019641280174,
                                    35.17267182469368
                                ],
                                [
                                    33.38404342532158,
                                    35.172795206308365
                                ],
                                [
                                    33.37942197918892,
                                    35.17435625195503
                                ],
                                [
                                    33.37601825594902,
                                    35.17450913786888
                                ],
                                [
                                    33.367019444704056,
                                    35.17370715737343
                                ],
                                [
                                    33.3657132089138,
                                    35.17224535346031
                                ],
                                [
                                    33.36133316159248,
                                    35.17110541462898
                                ],
                                [
                                    33.35847124457359,
                                    35.17135217785835
                                ],
                                [
                                    33.3544921875,
                                    35.16974151134491
                                ],
                                [
                                    33.35190787911415,
                                    35.172285586595535
                                ],
                                [
                                    33.34647640585899,
                                    35.171950310468674
                                ],
                                [
                                    33.34004983305931,
                                    35.1733423769474
                                ],
                                [
                                    33.334985822439194,
                                    35.171314626932144
                                ],
                                [
                                    33.33100274205208,
                                    35.17080768942833
                                ],
                                [
                                    33.32750245928764,
                                    35.17222121357918
                                ],
                                [
                                    33.32026049494743,
                                    35.17147019505501
                                ],
                                [
                                    33.313726633787155,
                                    35.172564536333084
                                ],
                                [
                                    33.311016261577606,
                                    35.169481337070465
                                ],
                                [
                                    33.310546875,
                                    35.16947329044342
                                ],
                                [
                                    33.30915346741676,
                                    35.17149165272713
                                ],
                                [
                                    33.30497995018959,
                                    35.17236605286598
                                ],
                                [
                                    33.29416260123253,
                                    35.17164185643196
                                ],
                                [
                                    33.28409627079964,
                                    35.17241969704628
                                ],
                                [
                                    33.27905908226967,
                                    35.17094448208809
                                ],
                                [
                                    33.278037160634995,
                                    35.16962483525276
                                ],
                                [
                                    33.2666015625,
                                    35.16920506954193
                                ],
                                [
                                    33.26384291052818,
                                    35.17039731144905
                                ],
                                [
                                    33.25433984398842,
                                    35.17070844769478
                                ],
                                [
                                    33.25288876891136,
                                    35.17135754227638
                                ],
                                [
                                    33.25192853808403,
                                    35.173551589250565
                                ],
                                [
                                    33.247671872377396,
                                    35.17538085579872
                                ],
                                [
                                    33.24599280953407,
                                    35.17764464020729
                                ],
                                [
                                    33.24497893452644,
                                    35.18351063132286
                                ],
                                [
                                    33.24312821030617,
                                    35.18543377518654
                                ],
                                [
                                    33.2421438395977,
                                    35.188260823488235
                                ],
                                [
                                    33.2412426173687,
                                    35.18857464194298
                                ],
                                [
                                    33.24061766266823,
                                    35.194746404886246
                                ],
                                [
                                    33.23844775557518,
                                    35.19617334008217
                                ],
                                [
                                    33.23791667819023,
                                    35.197667330503464
                                ],
                                [
                                    33.232292085886,
                                    35.19920691847801
                                ],
                                [
                                    33.231244683265686,
                                    35.2001953125
                                ],
                                [
                                    33.234958201646805,
                                    35.20288422703743
                                ],
                                [
                                    33.237836211919785,
                                    35.20356550812721
                                ],
                                [
                                    33.23934629559517,
                                    35.210271030664444
                                ],
                                [
                                    33.240057080984116,
                                    35.211740881204605
                                ],
                                [
                                    33.24119433760643,
                                    35.212108343839645
                                ],
                                [
                                    33.241438418626785,
                                    35.21353527903557
                                ],
                                [
                                    33.24114337563515,
                                    35.2180440723896
                                ],
                                [
                                    33.23969766497612,
                                    35.223094671964645
                                ],
                                [
                                    33.24001148343086,
                                    35.228215008974075
                                ],
                                [
                                    33.238707929849625,
                                    35.228614658117294
                                ],
                                [
                                    33.23652997612953,
                                    35.23317709565163
                                ],
                                [
                                    33.23653802275658,
                                    35.239327400922775
                                ],
                                [
                                    33.23299750685692,
                                    35.24099037051201
                                ],
                                [
                                    33.232611268758774,
                                    35.24346873164177
                                ],
                                [
                                    33.23115885257721,
                                    35.244140625
                                ],
                                [
                                    33.23252007365227,
                                    35.25263383984566
                                ],
                                [
                                    33.231492787599564,
                                    35.255801528692245
                                ],
                                [
                                    33.23253884911537,
                                    35.265685468912125
                                ],
                                [
                                    33.23113068938255,
                                    35.26714190840721
                                ],
                                [
                                    33.23266491293907,
                                    35.2700574696064
                                ],
                                [
                                    33.2312835752964,
                                    35.27691051363945
                                ],
                                [
                                    33.232616633176804,
                                    35.279002636671066
                                ],
                                [
                                    33.233456164598465,
                                    35.283562391996384
                                ],
                                [
                                    33.233088701963425,
                                    35.286013931035995
                                ],
                                [
                                    33.23227867484093,
                                    35.287373811006546
                                ],
                                [
                                    33.23015704751015,
                                    35.28806313872337
                                ],
                                [
                                    33.230358213186264,
                                    35.2888597548008
                                ],
                                [
                                    33.23665872216225,
                                    35.28901532292366
                                ],
                                [
                                    33.24005976319313,
                                    35.2905897796154
                                ],
                                [
                                    33.24378803372383,
                                    35.28993800282478
                                ],
                                [
                                    33.24600085616112,
                                    35.2906434237957
                                ],
                                [
                                    33.24666604399681,
                                    35.28998091816902
                                ],
                                [
                                    33.25107291340828,
                                    35.29147759079933
                                ],
                                [
                                    33.25488969683647,
                                    35.290793627500534
                                ],
                                [
                                    33.26288804411888,
                                    35.29181018471718
                                ],
                                [
                                    33.2666015625,
                                    35.296789705753326
                                ],
                                [
                                    33.27685162425041,
                                    35.29087409377098
                                ],
                                [
                                    33.28825369477272,
                                    35.29247537255287
                                ],
                                [
                                    33.290147334337234,
                                    35.29208108782768
                                ],
                                [
                                    33.29144015908241,
                                    35.29049590229988
                                ],
                                [
                                    33.294358402490616,
                                    35.29009357094765
                                ],
                                [
                                    33.29579874873161,
                                    35.28846010565758
                                ],
                                [
                                    33.29758241772652,
                                    35.2882294356823
                                ],
                                [
                                    33.30016806721687,
                                    35.289795845746994
                                ],
                                [
                                    33.308611661195755,
                                    35.291491001844406
                                ],
                                [
                                    33.310546875,
                                    35.29704988002777
                                ],
                                [
                                    33.31420138478279,
                                    35.29434487223625
                                ],
                                [
                                    33.31599310040474,
                                    35.29035374522209
                                ],
                                [
                                    33.32295075058937,
                                    35.28834477066994
                                ],
                                [
                                    33.325437158346176,
                                    35.28927281498909
                                ],
                                [
                                    33.32990303635597,
                                    35.288529843091965
                                ],
                                [
                                    33.33382174372673,
                                    35.29047444462776
                                ],
                                [
                                    33.33936586976051,
                                    35.290267914533615
                                ],
                                [
                                    33.343051224946976,
                                    35.28853252530098
                                ],
                                [
                                    33.34948047995567,
                                    35.28946861624718
                                ],
                                [
                                    33.35226729512215,
                                    35.29228761792183
                                ],
                                [
                                    33.35268169641495,
                                    35.297326147556305
                                ],
                                [
                                    33.358527570962906,
                                    35.2961365878582
                                ],
                                [
                                    33.36114540696144,
                                    35.29440924525261
                                ],
                                [
                                    33.37611481547356,
                                    35.29242977499962
                                ],
                                [
                                    33.381793051958084,
                                    35.29478207230568
                                ],
                                [
                                    33.3910895884037,
                                    35.29569938778877
                                ],
                                [
                                    33.3984375,
                                    35.297631919384
                                ],
                                [
                                    33.39953050017357,
                                    35.296149998903275
                                ],
                                [
                                    33.402961045503616,
                                    35.29481694102287
                                ],
                                [
                                    33.40394541621208,
                                    35.29283210635185
                                ],
                                [
                                    33.40671882033348,
                                    35.29171362519264
                                ],
                                [
                                    33.40979531407356,
                                    35.290662199258804
                                ],
                                [
                                    33.420491963624954,
                                    35.289642959833145
                                ],
                                [
                                    33.423705250024796,
                                    35.28809264302254
                                ],
                                [
                                    33.42180088162422,
                                    35.283771604299545
                                ],
                                [
                                    33.41933324933052,
                                    35.28114840388298
                                ],
                                [
                                    33.41761663556099,
                                    35.280547589063644
                                ],
                                [
                                    33.41742351651192,
                                    35.278420597314835
                                ],
                                [
                                    33.41611996293068,
                                    35.277033895254135
                                ],
                                [
                                    33.41586783528328,
                                    35.27262434363365
                                ],
                                [
                                    33.41676369309425,
                                    35.27132347226143
                                ],
                                [
                                    33.417345732450485,
                                    35.26200279593468
                                ],
                                [
                                    33.416447192430496,
                                    35.25713190436363
                                ],
                                [
                                    33.42015132308006,
                                    35.2479587495327
                                ],
                                [
                                    33.4223373234272,
                                    35.24548575282097
                                ],
                                [
                                    33.42715859413147,
                                    35.244140625
                                ],
                                [
                                    33.42315271496773,
                                    35.242615789175034
                                ],
                                [
                                    33.420711904764175,
                                    35.240561217069626
                                ],
                                [
                                    33.418869227170944,
                                    35.240456610918045
                                ],
                                [
                                    33.41855004429817,
                                    35.23929789662361
                                ],
                                [
                                    33.413880318403244,
                                    35.23626700043678
                                ],
                                [
                                    33.413496762514114,
                                    35.23393616080284
                                ],
                                [
                                    33.41209128499031,
                                    35.23376449942589
                                ],
                                [
                                    33.41256603598595,
                                    35.23007646203041
                                ],
                                [
                                    33.41188743710518,
                                    35.22893652319908
                                ],
                                [
                                    33.41279938817024,
                                    35.2147476375103
                                ],
                                [
                                    33.414757400751114,
                                    35.21179988980293
                                ],
                                [
                                    33.41627553105354,
                                    35.20429506897926
                                ],
                                [
                                    33.41902479529381,
                                    35.20219221711159
                                ],
                                [
                                    33.42602536082268,
                                    35.20120784640312
                                ],
                                [
                                    33.42788144946098,
                                    35.20020738244057
                                ],
                                [
                                    33.42727795243263,
                                    35.199477821588516
                                ],
                                [
                                    33.42756763100624,
                                    35.192120522260666
                                ],
                                [
                                    33.42575713992119,
                                    35.19110128283501
                                ],
                                [
                                    33.4249310195446,
                                    35.18485173583031
                                ],
                                [
                                    33.4273798763752,
                                    35.18270596861839
                                ],
                                [
                                    33.427917659282684,
                                    35.18052667379379
                                ],
                                [
                                    33.42503294348717,
                                    35.178907960653305
                                ]
                            ]
                        ]
                    },
                    "properties": {
                        "id": "51a02d13-1603-4c86-ba3d-433f55f9bf0b",
                        "catalogId": "b590134f-7610-4c64-b5b7-5c15fb41a7d0",
                        "productId": "BM_Cyprus_BACKUP",
                        "productType": "Orthophoto",
                        "sourceId": "1040010078A82600",
                        "sourceName": "Cyprus_Strips",
                        "productVersion": "2.0",
                        "ingestionDateUTC": "2026-08-18T14:07:58.387Z",
                        "imagingTimeBeginUTC": "2022-08-22T00:00:00Z",
                        "imagingTimeEndUTC": "2022-08-22T00:00:00Z",
                        "resolutionDegree": 0.00274658203125,
                        "resolutionMeter": 305.75,
                        "sourceResolutionMeter": 0.39,
                        "horizontalAccuracyCe90": 8.5,
                        "sensors": "WV03",
                        "countries": "קפריסין",
                        "cities": "",
                        "description": null
                    },
                    "type": "Feature"
                },
                {
                    "__typename": "WfsFeature",
                    "id": "BM_Cyprus_BACKUP-Orthophoto.54eb44d5-3420-4234-84fa-a5cf68cba84a",
                    "geometry": {
                        "type": "Polygon",
                        "coordinates": [
                            [
                                [
                                    33.048332780599594,
                                    34.97385576367378
                                ],
                                [
                                    33.049408346414566,
                                    34.96889367699623
                                ],
                                [
                                    33.04904356598854,
                                    34.96609076857567
                                ],
                                [
                                    33.046875,
                                    34.96213268520395
                                ],
                                [
                                    33.046875,
                                    34.96211439371109
                                ],
                                [
                                    33.04448112845421,
                                    34.963330775499344
                                ],
                                [
                                    33.041688948869705,
                                    34.96329590678215
                                ],
                                [
                                    33.03701922297478,
                                    34.969515949487686
                                ],
                                [
                                    33.03563252091408,
                                    34.97049227356911
                                ],
                                [
                                    33.03229317069054,
                                    34.970902651548386
                                ],
                                [
                                    33.02229389548302,
                                    34.967163652181625
                                ],
                                [
                                    33.01576271653175,
                                    34.96636971831322
                                ],
                                [
                                    33.01380470395088,
                                    34.967075139284134
                                ],
                                [
                                    33.01084890961647,
                                    34.96572062373161
                                ],
                                [
                                    32.99998730421066,
                                    34.96490657329559
                                ],
                                [
                                    32.99830958247185,
                                    34.968523532152176
                                ],
                                [
                                    32.99839809536934,
                                    34.972798973321915
                                ],
                                [
                                    32.99933686852455,
                                    34.9741293489933
                                ],
                                [
                                    33.00004094839096,
                                    34.98046875
                                ],
                                [
                                    33.00293505191803,
                                    34.98046875
                                ],
                                [
                                    33.004744201898575,
                                    34.979689568281174
                                ],
                                [
                                    33.00666332244873,
                                    34.98046875
                                ],
                                [
                                    33.008971363306046,
                                    34.98110041022301
                                ],
                                [
                                    33.010331243276596,
                                    34.983055740594864
                                ],
                                [
                                    33.01243141293526,
                                    34.98295649886131
                                ],
                                [
                                    33.01516190171242,
                                    34.984131306409836
                                ],
                                [
                                    33.02163138985634,
                                    34.98211696743965
                                ],
                                [
                                    33.02496001124382,
                                    34.9828465282917
                                ],
                                [
                                    33.02924886345863,
                                    34.98107090592384
                                ],
                                [
                                    33.033553808927536,
                                    34.98117282986641
                                ],
                                [
                                    33.034987449645996,
                                    34.98046875
                                ],
                                [
                                    33.035354912281036,
                                    34.98046875
                                ],
                                [
                                    33.0347715318203,
                                    34.98507544398308
                                ],
                                [
                                    33.03538039326668,
                                    34.987288266420364
                                ],
                                [
                                    33.033443838357925,
                                    34.9910406768322
                                ],
                                [
                                    33.03283765912056,
                                    34.99533221125603
                                ],
                                [
                                    33.033712059259415,
                                    34.99738410115242
                                ],
                                [
                                    33.032856434583664,
                                    35.00122770667076
                                ],
                                [
                                    33.033296316862106,
                                    35.00414326786995
                                ],
                                [
                                    33.03190693259239,
                                    35.00770255923271
                                ],
                                [
                                    33.03193911910057,
                                    35.01019701361656
                                ],
                                [
                                    33.030812591314316,
                                    35.01124307513237
                                ],
                                [
                                    33.03191497921944,
                                    35.015510469675064
                                ],
                                [
                                    33.03512558341026,
                                    35.01915022730827
                                ],
                                [
                                    33.03486004471779,
                                    35.02116724848747
                                ],
                                [
                                    33.035864531993866,
                                    35.0244140625
                                ],
                                [
                                    33.03587391972542,
                                    35.03088220953941
                                ],
                                [
                                    33.03476348519325,
                                    35.033054798841476
                                ],
                                [
                                    33.03475543856621,
                                    35.0381375849247
                                ],
                                [
                                    33.033795207738876,
                                    35.0395242869854
                                ],
                                [
                                    33.033234626054764,
                                    35.04318818449974
                                ],
                                [
                                    33.03450867533684,
                                    35.05124017596245
                                ],
                                [
                                    33.034079521894455,
                                    35.05807712674141
                                ],
                                [
                                    33.034709841012955,
                                    35.06425157189369
                                ],
                                [
                                    33.03416267037392,
                                    35.066298097372055
                                ],
                                [
                                    33.03598254919052,
                                    35.068359375
                                ],
                                [
                                    33.034347742795944,
                                    35.07006123661995
                                ],
                                [
                                    33.033476024866104,
                                    35.072783678770065
                                ],
                                [
                                    33.034347742795944,
                                    35.07906273007393
                                ],
                                [
                                    33.03391858935356,
                                    35.09111925959587
                                ],
                                [
                                    33.036242723464966,
                                    35.09677469730377
                                ],
                                [
                                    33.03797006607056,
                                    35.09677737951279
                                ],
                                [
                                    33.04024592041969,
                                    35.09028509259224
                                ],
                                [
                                    33.03939834237099,
                                    35.08872672915459
                                ],
                                [
                                    33.03951904177666,
                                    35.08313164114952
                                ],
                                [
                                    33.04073944687843,
                                    35.0767157971859
                                ],
                                [
                                    33.04024592041969,
                                    35.07247790694237
                                ],
                                [
                                    33.03836703300476,
                                    35.068359375
                                ],
                                [
                                    33.040160089731216,
                                    35.06825342774391
                                ],
                                [
                                    33.04314270615578,
                                    35.066523402929306
                                ],
                                [
                                    33.04573103785515,
                                    35.063157230615616
                                ],
                                [
                                    33.04646596312523,
                                    35.04988834261894
                                ],
                                [
                                    33.0461360514164,
                                    35.04631295800209
                                ],
                                [
                                    33.04387494921684,
                                    35.044293254613876
                                ],
                                [
                                    33.04210737347603,
                                    35.040728598833084
                                ],
                                [
                                    33.041426092386246,
                                    35.03734901547432
                                ],
                                [
                                    33.041815012693405,
                                    35.03338202834129
                                ],
                                [
                                    33.0411659181118,
                                    35.03139719367027
                                ],
                                [
                                    33.04000720381737,
                                    35.03048524260521
                                ],
                                [
                                    33.038616478443146,
                                    35.0244140625
                                ],
                                [
                                    33.03978458046913,
                                    35.02104118466377
                                ],
                                [
                                    33.04023787379265,
                                    34.99844089150429
                                ],
                                [
                                    33.0417774617672,
                                    34.99520882964134
                                ],
                                [
                                    33.039824813604355,
                                    34.990238696336746
                                ],
                                [
                                    33.039630353450775,
                                    34.98046875
                                ],
                                [
                                    33.046875,
                                    34.98046875
                                ],
                                [
                                    33.046875,
                                    34.98016834259033
                                ],
                                [
                                    33.04722771048546,
                                    34.97730776667595
                                ],
                                [
                                    33.04872706532478,
                                    34.97546508908272
                                ],
                                [
                                    33.048332780599594,
                                    34.97385576367378
                                ]
                            ]
                        ]
                    },
                    "properties": {
                        "id": "54eb44d5-3420-4234-84fa-a5cf68cba84a",
                        "catalogId": "b590134f-7610-4c64-b5b7-5c15fb41a7d0",
                        "productId": "BM_Cyprus_BACKUP",
                        "productType": "Orthophoto",
                        "sourceId": "104001005CA71200",
                        "sourceName": "Cyprus_Strips",
                        "productVersion": "2.0",
                        "ingestionDateUTC": "2026-08-18T14:07:57.244Z",
                        "imagingTimeBeginUTC": "2020-06-28T00:00:00Z",
                        "imagingTimeEndUTC": "2020-06-28T00:00:00Z",
                        "resolutionDegree": 0.00274658203125,
                        "resolutionMeter": 305.75,
                        "sourceResolutionMeter": 0.34,
                        "horizontalAccuracyCe90": 8.5,
                        "sensors": "WV03",
                        "countries": "קפריסין",
                        "cities": "",
                        "description": null
                    },
                    "type": "Feature"
                },
                {
                    "__typename": "WfsFeature",
                    "id": "BM_Cyprus_BACKUP-Orthophoto.5c442730-d40f-4bba-bdc5-87f06b8cd0d2",
                    "geometry": {
                        "type": "Polygon",
                        "coordinates": [
                            [
                                [
                                    33.38840201497078,
                                    34.999991208314896
                                ],
                                [
                                    33.38306441903114,
                                    34.99895855784416
                                ],
                                [
                                    33.38114261627197,
                                    34.99751955270767
                                ],
                                [
                                    33.37974652647972,
                                    35.000358670949936
                                ],
                                [
                                    33.37551400065422,
                                    35.0026573240757
                                ],
                                [
                                    33.37273254990578,
                                    35.00292286276817
                                ],
                                [
                                    33.3705760538578,
                                    35.001367181539536
                                ],
                                [
                                    33.361563831567764,
                                    35.00238373875618
                                ],
                                [
                                    33.3544921875,
                                    34.99795138835907
                                ],
                                [
                                    33.34824934601784,
                                    34.99832019209862
                                ],
                                [
                                    33.344075828790665,
                                    35.00038281083107
                                ],
                                [
                                    33.339727967977524,
                                    35.001125782728195
                                ],
                                [
                                    33.334948271512985,
                                    35.00039353966713
                                ],
                                [
                                    33.32651004195213,
                                    35.00142619013786
                                ],
                                [
                                    33.32170620560646,
                                    34.99917313456535
                                ],
                                [
                                    33.318704813718796,
                                    34.998642057180405
                                ],
                                [
                                    33.31566050648689,
                                    34.99957010149956
                                ],
                                [
                                    33.311199992895126,
                                    34.999755173921585
                                ],
                                [
                                    33.31106051802635,
                                    34.99967470765114
                                ],
                                [
                                    33.3110336959362,
                                    34.99925896525383
                                ],
                                [
                                    33.311012238264084,
                                    34.99924823641777
                                ],
                                [
                                    33.31095725297928,
                                    34.99924957752228
                                ],
                                [
                                    33.31095725297928,
                                    34.999729692935944
                                ],
                                [
                                    33.311352878808975,
                                    34.999849051237106
                                ],
                                [
                                    33.31379100680351,
                                    34.99988928437233
                                ],
                                [
                                    33.31480219960213,
                                    34.99969616532326
                                ],
                                [
                                    33.31685408949852,
                                    35.000018030405045
                                ],
                                [
                                    33.31741735339165,
                                    34.99988928437233
                                ],
                                [
                                    33.31829443573952,
                                    35.00106677412987
                                ],
                                [
                                    33.31925466656685,
                                    35.00993952155113
                                ],
                                [
                                    33.31776335835457,
                                    35.01966252923012
                                ],
                                [
                                    33.316620737314224,
                                    35.02166882157326
                                ],
                                [
                                    33.3154459297657,
                                    35.02265051007271
                                ],
                                [
                                    33.311572819948196,
                                    35.02350613474846
                                ],
                                [
                                    33.31096529960632,
                                    35.0244140625
                                ],
                                [
                                    33.31164792180061,
                                    35.024758726358414
                                ],
                                [
                                    33.31195369362831,
                                    35.028975158929825
                                ],
                                [
                                    33.3143113553524,
                                    35.03189072012901
                                ],
                                [
                                    33.31527695059776,
                                    35.03711298108101
                                ],
                                [
                                    33.31505164504051,
                                    35.04938140511513
                                ],
                                [
                                    33.313858062028885,
                                    35.05510792136192
                                ],
                                [
                                    33.31292197108269,
                                    35.05611374974251
                                ],
                                [
                                    33.31095725297928,
                                    35.068359375
                                ],
                                [
                                    33.311127573251724,
                                    35.07110998034477
                                ],
                                [
                                    33.31511601805687,
                                    35.07487043738365
                                ],
                                [
                                    33.31730738282204,
                                    35.0791834294796
                                ],
                                [
                                    33.31722691655159,
                                    35.08695110678673
                                ],
                                [
                                    33.31827029585838,
                                    35.09361371397972
                                ],
                                [
                                    33.316631466150284,
                                    35.10655805468559
                                ],
                                [
                                    33.3109787106514,
                                    35.11230192490893
                                ],
                                [
                                    33.31099480390549,
                                    35.1397705078125
                                ],
                                [
                                    33.311511129140854,
                                    35.14039948582649
                                ],
                                [
                                    33.31101357936859,
                                    35.15625
                                ],
                                [
                                    33.31156209111214,
                                    35.15697553753853
                                ],
                                [
                                    33.31112489104271,
                                    35.161956399679184
                                ],
                                [
                                    33.31239625811577,
                                    35.164024382829666
                                ],
                                [
                                    33.31231847405434,
                                    35.1663900911808
                                ],
                                [
                                    33.311016261577606,
                                    35.169481337070465
                                ],
                                [
                                    33.313726633787155,
                                    35.172564536333084
                                ],
                                [
                                    33.32026049494743,
                                    35.17147019505501
                                ],
                                [
                                    33.32750245928764,
                                    35.17222121357918
                                ],
                                [
                                    33.33100274205208,
                                    35.17080768942833
                                ],
                                [
                                    33.334985822439194,
                                    35.171314626932144
                                ],
                                [
                                    33.34004983305931,
                                    35.1733423769474
                                ],
                                [
                                    33.34647640585899,
                                    35.171950310468674
                                ],
                                [
                                    33.35190787911415,
                                    35.172285586595535
                                ],
                                [
                                    33.3544921875,
                                    35.16974151134491
                                ],
                                [
                                    33.35847124457359,
                                    35.17135217785835
                                ],
                                [
                                    33.36133316159248,
                                    35.17110541462898
                                ],
                                [
                                    33.3657132089138,
                                    35.17224535346031
                                ],
                                [
                                    33.367019444704056,
                                    35.17370715737343
                                ],
                                [
                                    33.37601825594902,
                                    35.17450913786888
                                ],
                                [
                                    33.37942197918892,
                                    35.17435625195503
                                ],
                                [
                                    33.38404342532158,
                                    35.172795206308365
                                ],
                                [
                                    33.39019641280174,
                                    35.17267182469368
                                ],
                                [
                                    33.39449867606163,
                                    35.17063871026039
                                ],
                                [
                                    33.39805528521538,
                                    35.171014219522476
                                ],
                                [
                                    33.3984375,
                                    35.169985592365265
                                ],
                                [
                                    33.40007498860359,
                                    35.17289713025093
                                ],
                                [
                                    33.40804919600487,
                                    35.171676725149155
                                ],
                                [
                                    33.413633555173874,
                                    35.17272815108299
                                ],
                                [
                                    33.41766491532326,
                                    35.172148793935776
                                ],
                                [
                                    33.41853931546211,
                                    35.17458692193031
                                ],
                                [
                                    33.42190280556679,
                                    35.17550155520439
                                ],
                                [
                                    33.42503294348717,
                                    35.178907960653305
                                ],
                                [
                                    33.427917659282684,
                                    35.18052667379379
                                ],
                                [
                                    33.43139782547951,
                                    35.180431455373764
                                ],
                                [
                                    33.43693122267723,
                                    35.18206760287285
                                ],
                                [
                                    33.4423828125,
                                    35.17933040857315
                                ],
                                [
                                    33.442537039518356,
                                    35.1809786260128
                                ],
                                [
                                    33.445321172475815,
                                    35.184878557920456
                                ],
                                [
                                    33.45062121748924,
                                    35.18411949276924
                                ],
                                [
                                    33.459536880254745,
                                    35.18417313694954
                                ],
                                [
                                    33.461685329675674,
                                    35.18494829535484
                                ],
                                [
                                    33.4650944173336,
                                    35.18294468522072
                                ],
                                [
                                    33.47867175936699,
                                    35.18320217728615
                                ],
                                [
                                    33.480911403894424,
                                    35.18190935254097
                                ],
                                [
                                    33.48505273461342,
                                    35.1813568174839
                                ],
                                [
                                    33.485658913850784,
                                    35.18095180392265
                                ],
                                [
                                    33.486328125,
                                    35.17564237117767
                                ],
                                [
                                    33.48705634474754,
                                    35.17631694674492
                                ],
                                [
                                    33.49344804883003,
                                    35.17637059092522
                                ],
                                [
                                    33.497506231069565,
                                    35.17574295401573
                                ],
                                [
                                    33.49798232316971,
                                    35.17466336488724
                                ],
                                [
                                    33.49731847643852,
                                    35.16978845000267
                                ],
                                [
                                    33.497974276542664,
                                    35.15625
                                ],
                                [
                                    33.49731579422951,
                                    35.153909772634506
                                ],
                                [
                                    33.49518343806267,
                                    35.151337534189224
                                ],
                                [
                                    33.49541947245598,
                                    35.146254748106
                                ],
                                [
                                    33.49735602736473,
                                    35.144111663103104
                                ],
                                [
                                    33.49731579422951,
                                    35.14253720641136
                                ],
                                [
                                    33.49446192383766,
                                    35.13850316405296
                                ],
                                [
                                    33.49441096186638,
                                    35.136354714632034
                                ],
                                [
                                    33.49312350153923,
                                    35.134305506944656
                                ],
                                [
                                    33.4917850792408,
                                    35.12864604592323
                                ],
                                [
                                    33.49330320954323,
                                    35.12054041028023
                                ],
                                [
                                    33.49523976445198,
                                    35.11901691555977
                                ],
                                [
                                    33.495510667562485,
                                    35.11368736624718
                                ],
                                [
                                    33.495899587869644,
                                    35.11276200413704
                                ],
                                [
                                    33.49800646305084,
                                    35.1123046875
                                ],
                                [
                                    33.49660500884056,
                                    35.11093005537987
                                ],
                                [
                                    33.495851308107376,
                                    35.10820493102074
                                ],
                                [
                                    33.493945598602295,
                                    35.105438232421875
                                ],
                                [
                                    33.49244758486748,
                                    35.09806349873543
                                ],
                                [
                                    33.49371626973152,
                                    35.09138211607933
                                ],
                                [
                                    33.49416956305504,
                                    35.08223846554756
                                ],
                                [
                                    33.495615273714066,
                                    35.07778063416481
                                ],
                                [
                                    33.49608466029167,
                                    35.07012292742729
                                ],
                                [
                                    33.498046696186066,
                                    35.068359375
                                ],
                                [
                                    33.4940005838871,
                                    35.067762583494186
                                ],
                                [
                                    33.4933876991272,
                                    35.066986083984375
                                ],
                                [
                                    33.49449411034584,
                                    35.05910709500313
                                ],
                                [
                                    33.494024723768234,
                                    35.04228964447975
                                ],
                                [
                                    33.49569037556648,
                                    35.03712639212608
                                ],
                                [
                                    33.49590763449669,
                                    35.0330413877964
                                ],
                                [
                                    33.49669888615608,
                                    35.03216698765755
                                ],
                                [
                                    33.496025651693344,
                                    35.03080978989601
                                ],
                                [
                                    33.496728390455246,
                                    35.0297637283802
                                ],
                                [
                                    33.49656745791435,
                                    35.0269715487957
                                ],
                                [
                                    33.498041331768036,
                                    35.0244140625
                                ],
                                [
                                    33.49468186497688,
                                    35.022210627794266
                                ],
                                [
                                    33.495505303144455,
                                    35.01768574118614
                                ],
                                [
                                    33.493246883153915,
                                    35.015352219343185
                                ],
                                [
                                    33.491980880498886,
                                    35.0051249563694
                                ],
                                [
                                    33.48909750580788,
                                    35.00107482075691
                                ],
                                [
                                    33.48892316222191,
                                    34.998542815446854
                                ],
                                [
                                    33.48711401224136,
                                    34.99545156955719
                                ],
                                [
                                    33.486328125,
                                    34.995481073856354
                                ],
                                [
                                    33.4847067296505,
                                    34.99733045697212
                                ],
                                [
                                    33.479513972997665,
                                    34.998352378606796
                                ],
                                [
                                    33.47518488764763,
                                    35.00086024403572
                                ],
                                [
                                    33.46572741866112,
                                    35.002118200063705
                                ],
                                [
                                    33.4652204811573,
                                    35.00307038426399
                                ],
                                [
                                    33.46337243914604,
                                    35.00325545668602
                                ],
                                [
                                    33.46061244606972,
                                    35.00255271792412
                                ],
                                [
                                    33.456642776727676,
                                    35.00308647751808
                                ],
                                [
                                    33.453029841184616,
                                    34.9991811811924
                                ],
                                [
                                    33.443845957517624,
                                    34.99856159090996
                                ],
                                [
                                    33.442601412534714,
                                    34.997984915971756
                                ],
                                [
                                    33.4423828125,
                                    34.99624013900757
                                ],
                                [
                                    33.44148024916649,
                                    34.996909350156784
                                ],
                                [
                                    33.439707309007645,
                                    34.99648556113243
                                ],
                                [
                                    33.43014523386955,
                                    34.99821558594704
                                ],
                                [
                                    33.40893432497978,
                                    34.9996317923069
                                ],
                                [
                                    33.405393809080124,
                                    34.999513775110245
                                ],
                                [
                                    33.402395099401474,
                                    34.99743238091469
                                ],
                                [
                                    33.3984375,
                                    34.997066259384155
                                ],
                                [
                                    33.38840201497078,
                                    34.999991208314896
                                ]
                            ]
                        ]
                    },
                    "properties": {
                        "id": "5c442730-d40f-4bba-bdc5-87f06b8cd0d2",
                        "catalogId": "b590134f-7610-4c64-b5b7-5c15fb41a7d0",
                        "productId": "BM_Cyprus_BACKUP",
                        "productType": "Orthophoto",
                        "sourceId": "10300500CBF8FA00",
                        "sourceName": "Cyprus_Strips",
                        "productVersion": "2.0",
                        "ingestionDateUTC": "2026-08-18T14:07:57.244Z",
                        "imagingTimeBeginUTC": "2022-05-13T00:00:00Z",
                        "imagingTimeEndUTC": "2022-05-13T00:00:00Z",
                        "resolutionDegree": 0.00274658203125,
                        "resolutionMeter": 305.75,
                        "sourceResolutionMeter": 0.49,
                        "horizontalAccuracyCe90": 8.5,
                        "sensors": "WV02",
                        "countries": "קפריסין",
                        "cities": "",
                        "description": null
                    },
                    "type": "Feature"
                },
                {
                    "__typename": "WfsFeature",
                    "id": "BM_Cyprus_BACKUP-Orthophoto.5e88ed1d-423c-40a2-bb26-55845b94cf13",
                    "geometry": {
                        "type": "Polygon",
                        "coordinates": [
                            [
                                [
                                    33.00292432308197,
                                    34.892578125
                                ],
                                [
                                    33.00293505191803,
                                    34.892578125
                                ],
                                [
                                    33.008394688367844,
                                    34.88935813307762
                                ],
                                [
                                    33.02551791071892,
                                    34.88803043961525
                                ],
                                [
                                    33.029074519872665,
                                    34.88858833909035
                                ],
                                [
                                    33.02996501326561,
                                    34.889650493860245
                                ],
                                [
                                    33.03408220410347,
                                    34.89091381430626
                                ],
                                [
                                    33.03481578826904,
                                    34.892578125
                                ],
                                [
                                    33.03496062755585,
                                    34.892578125
                                ],
                                [
                                    33.03465619683266,
                                    34.89021643996239
                                ],
                                [
                                    33.03314611315727,
                                    34.889114052057266
                                ],
                                [
                                    33.03377643227577,
                                    34.88856956362724
                                ],
                                [
                                    33.03366646170616,
                                    34.88488420844078
                                ],
                                [
                                    33.03478762507439,
                                    34.88129809498787
                                ],
                                [
                                    33.034074157476425,
                                    34.87151339650154
                                ],
                                [
                                    33.0347903072834,
                                    34.86799970269203
                                ],
                                [
                                    33.033360689878464,
                                    34.86321732401848
                                ],
                                [
                                    33.03394004702568,
                                    34.856932908296585
                                ],
                                [
                                    33.0353119969368,
                                    34.85404819250107
                                ],
                                [
                                    33.03227171301842,
                                    34.8540361225605
                                ],
                                [
                                    33.02609995007515,
                                    34.85151752829552
                                ],
                                [
                                    33.01980212330818,
                                    34.85101595520973
                                ],
                                [
                                    33.015835136175156,
                                    34.85167846083641
                                ],
                                [
                                    33.01002815365791,
                                    34.85127881169319
                                ],
                                [
                                    33.00367131829262,
                                    34.852947145700455
                                ],
                                [
                                    33.0029296875,
                                    34.85417157411575
                                ],
                                [
                                    32.9998853802681,
                                    34.85420644283295
                                ],
                                [
                                    32.998274713754654,
                                    34.856712967157364
                                ],
                                [
                                    32.998231798410416,
                                    34.86099377274513
                                ],
                                [
                                    32.996985912323,
                                    34.8651123046875
                                ],
                                [
                                    32.99818888306618,
                                    34.86923083662987
                                ],
                                [
                                    32.997864335775375,
                                    34.87079992890358
                                ],
                                [
                                    32.99895867705345,
                                    34.87180843949318
                                ],
                                [
                                    32.99784019589424,
                                    34.875780791044235
                                ],
                                [
                                    32.99856171011925,
                                    34.87658813595772
                                ],
                                [
                                    32.99852415919304,
                                    34.87883850932121
                                ],
                                [
                                    32.99945488572121,
                                    34.87981215119362
                                ],
                                [
                                    32.998530864715576,
                                    34.888458251953125
                                ],
                                [
                                    32.99993097782135,
                                    34.892578125
                                ],
                                [
                                    33.00292432308197,
                                    34.892578125
                                ]
                            ]
                        ]
                    },
                    "properties": {
                        "id": "5e88ed1d-423c-40a2-bb26-55845b94cf13",
                        "catalogId": "b590134f-7610-4c64-b5b7-5c15fb41a7d0",
                        "productId": "BM_Cyprus_BACKUP",
                        "productType": "Orthophoto",
                        "sourceId": "10300500B5F98600",
                        "sourceName": "Cyprus_Strips",
                        "productVersion": "2.0",
                        "ingestionDateUTC": "2026-08-18T14:07:57.244Z",
                        "imagingTimeBeginUTC": "2021-06-05T00:00:00Z",
                        "imagingTimeEndUTC": "2021-06-05T00:00:00Z",
                        "resolutionDegree": 0.00274658203125,
                        "resolutionMeter": 305.75,
                        "sourceResolutionMeter": 0.48,
                        "horizontalAccuracyCe90": 8.5,
                        "sensors": "WV02",
                        "countries": "קפריסין",
                        "cities": "",
                        "description": null
                    },
                    "type": "Feature"
                },
                {
                    "__typename": "WfsFeature",
                    "id": "BM_Cyprus_BACKUP-Orthophoto.7028b2bb-91b9-46ac-850a-941cbbb61e7d",
                    "geometry": {
                        "type": "Polygon",
                        "coordinates": [
                            [
                                [
                                    33.089661598205566,
                                    34.98046875
                                ],
                                [
                                    33.0870746076107,
                                    34.98218670487404
                                ],
                                [
                                    33.078797310590744,
                                    34.9835304915905
                                ],
                                [
                                    33.07602658867836,
                                    34.982892125844955
                                ],
                                [
                                    33.0683796107769,
                                    34.983517080545425
                                ],
                                [
                                    33.067186027765274,
                                    34.982524663209915
                                ],
                                [
                                    33.05764675140381,
                                    34.98046875
                                ],
                                [
                                    33.05215358734131,
                                    34.98046875
                                ],
                                [
                                    33.04832473397255,
                                    34.9798209965229
                                ],
                                [
                                    33.046875,
                                    34.98046875
                                ],
                                [
                                    33.039630353450775,
                                    34.98046875
                                ],
                                [
                                    33.039824813604355,
                                    34.990238696336746
                                ],
                                [
                                    33.0417774617672,
                                    34.99520882964134
                                ],
                                [
                                    33.04023787379265,
                                    34.99844089150429
                                ],
                                [
                                    33.03978458046913,
                                    35.02104118466377
                                ],
                                [
                                    33.038616478443146,
                                    35.0244140625
                                ],
                                [
                                    33.04000720381737,
                                    35.03048524260521
                                ],
                                [
                                    33.0411659181118,
                                    35.03139719367027
                                ],
                                [
                                    33.041815012693405,
                                    35.03338202834129
                                ],
                                [
                                    33.041426092386246,
                                    35.03734901547432
                                ],
                                [
                                    33.04210737347603,
                                    35.040728598833084
                                ],
                                [
                                    33.04387494921684,
                                    35.044293254613876
                                ],
                                [
                                    33.0461360514164,
                                    35.04631295800209
                                ],
                                [
                                    33.04646596312523,
                                    35.04988834261894
                                ],
                                [
                                    33.04573103785515,
                                    35.063157230615616
                                ],
                                [
                                    33.04314270615578,
                                    35.066523402929306
                                ],
                                [
                                    33.040160089731216,
                                    35.06825342774391
                                ],
                                [
                                    33.03836703300476,
                                    35.068359375
                                ],
                                [
                                    33.04024592041969,
                                    35.07247790694237
                                ],
                                [
                                    33.04073944687843,
                                    35.0767157971859
                                ],
                                [
                                    33.03951904177666,
                                    35.08313164114952
                                ],
                                [
                                    33.03939834237099,
                                    35.08872672915459
                                ],
                                [
                                    33.04024592041969,
                                    35.09028509259224
                                ],
                                [
                                    33.03797006607056,
                                    35.09677737951279
                                ],
                                [
                                    33.04213687777519,
                                    35.09780064225197
                                ],
                                [
                                    33.046875,
                                    35.09675860404968
                                ],
                                [
                                    33.0492527782917,
                                    35.09808495640755
                                ],
                                [
                                    33.055537194013596,
                                    35.09922221302986
                                ],
                                [
                                    33.058020919561386,
                                    35.098237842321396
                                ],
                                [
                                    33.06071922183037,
                                    35.0985811650753
                                ],
                                [
                                    33.06212738156319,
                                    35.09927049279213
                                ],
                                [
                                    33.06297764182091,
                                    35.100869089365005
                                ],
                                [
                                    33.06610509753227,
                                    35.10117217898369
                                ],
                                [
                                    33.067762702703476,
                                    35.099793523550034
                                ],
                                [
                                    33.07053878903389,
                                    35.09906128048897
                                ],
                                [
                                    33.07548210024834,
                                    35.10021731257439
                                ],
                                [
                                    33.076895624399185,
                                    35.0999490916729
                                ],
                                [
                                    33.07756885886192,
                                    35.09854897856712
                                ],
                                [
                                    33.08307811617851,
                                    35.098275393247604
                                ],
                                [
                                    33.08476522564888,
                                    35.09911224246025
                                ],
                                [
                                    33.0908203125,
                                    35.09651720523834
                                ],
                                [
                                    33.09250071644783,
                                    35.098742097616196
                                ],
                                [
                                    33.09671178460121,
                                    35.10081544518471
                                ],
                                [
                                    33.10131713747978,
                                    35.100222676992416
                                ],
                                [
                                    33.101526349782944,
                                    35.099503844976425
                                ],
                                [
                                    33.105474561452866,
                                    35.097974985837936
                                ],
                                [
                                    33.11094895005226,
                                    35.09964868426323
                                ],
                                [
                                    33.11576619744301,
                                    35.098894983530045
                                ],
                                [
                                    33.119659423828125,
                                    35.10129690170288
                                ],
                                [
                                    33.12353923916817,
                                    35.10142430663109
                                ],
                                [
                                    33.12594786286354,
                                    35.10109439492226
                                ],
                                [
                                    33.1288580596447,
                                    35.09917929768562
                                ],
                                [
                                    33.1292898952961,
                                    35.09795889258385
                                ],
                                [
                                    33.134765625,
                                    35.096206068992615
                                ],
                                [
                                    33.13565209507942,
                                    35.0954295694828
                                ],
                                [
                                    33.135686963796616,
                                    35.09010002017021
                                ],
                                [
                                    33.137846142053604,
                                    35.08616790175438
                                ],
                                [
                                    33.13877418637276,
                                    35.08203998208046
                                ],
                                [
                                    33.13964858651161,
                                    35.08156791329384
                                ],
                                [
                                    33.13936963677406,
                                    35.07662996649742
                                ],
                                [
                                    33.13849791884422,
                                    35.07522448897362
                                ],
                                [
                                    33.13936427235603,
                                    35.07303848862648
                                ],
                                [
                                    33.138843923807144,
                                    35.07109388709068
                                ],
                                [
                                    33.134765625,
                                    35.068359375
                                ],
                                [
                                    33.13669681549072,
                                    35.068359375
                                ],
                                [
                                    33.13839331269264,
                                    35.067191272974014
                                ],
                                [
                                    33.14918786287308,
                                    35.068359375
                                ],
                                [
                                    33.149929493665695,
                                    35.05681112408638
                                ],
                                [
                                    33.14898267388344,
                                    35.054582208395004
                                ],
                                [
                                    33.149819523096085,
                                    35.05180075764656
                                ],
                                [
                                    33.15014138817787,
                                    35.04419669508934
                                ],
                                [
                                    33.15120354294777,
                                    35.04326596856117
                                ],
                                [
                                    33.151273280382156,
                                    35.04188731312752
                                ],
                                [
                                    33.148926347494125,
                                    35.03763064742088
                                ],
                                [
                                    33.14955934882164,
                                    35.02821072936058
                                ],
                                [
                                    33.14850926399231,
                                    35.0244140625
                                ],
                                [
                                    33.150701969861984,
                                    35.023986250162125
                                ],
                                [
                                    33.15261706709862,
                                    35.02198800444603
                                ],
                                [
                                    33.1552617251873,
                                    35.02288118004799
                                ],
                                [
                                    33.16128060221672,
                                    35.020955353975296
                                ],
                                [
                                    33.16405400633812,
                                    35.02154543995857
                                ],
                                [
                                    33.164654821157455,
                                    35.01990392804146
                                ],
                                [
                                    33.16730484366417,
                                    35.01879885792732
                                ],
                                [
                                    33.16758379340172,
                                    35.0116990506649
                                ],
                                [
                                    33.16821947693825,
                                    35.00930115580559
                                ],
                                [
                                    33.16913679242134,
                                    35.00871643424034
                                ],
                                [
                                    33.16957399249077,
                                    35.00437930226326
                                ],
                                [
                                    33.17498400807381,
                                    35.00062420964241
                                ],
                                [
                                    33.17760720849037,
                                    34.995364397764206
                                ],
                                [
                                    33.1787109375,
                                    34.99477028846741
                                ],
                                [
                                    33.183167427778244,
                                    34.995023757219315
                                ],
                                [
                                    33.190114349126816,
                                    34.9968583881855
                                ],
                                [
                                    33.196605294942856,
                                    34.99597325921059
                                ],
                                [
                                    33.197136372327805,
                                    34.996767193078995
                                ],
                                [
                                    33.19854184985161,
                                    34.996230751276016
                                ],
                                [
                                    33.20602789521217,
                                    34.99896392226219
                                ],
                                [
                                    33.21144595742226,
                                    34.99785616993904
                                ],
                                [
                                    33.219959288835526,
                                    34.99782398343086
                                ],
                                [
                                    33.222485929727554,
                                    34.9969656765461
                                ],
                                [
                                    33.22265625,
                                    34.99625891447067
                                ],
                                [
                                    33.22265625,
                                    34.995102882385254
                                ],
                                [
                                    33.221751004457474,
                                    34.99062493443489
                                ],
                                [
                                    33.22265625,
                                    34.98626232147217
                                ],
                                [
                                    33.22265625,
                                    34.98230338096619
                                ],
                                [
                                    33.22265625,
                                    34.98046875
                                ],
                                [
                                    33.22192668914795,
                                    34.98046875
                                ],
                                [
                                    33.22008267045021,
                                    34.979389160871506
                                ],
                                [
                                    33.21715369820595,
                                    34.97948035597801
                                ],
                                [
                                    33.21442857384682,
                                    34.97827872633934
                                ],
                                [
                                    33.210485726594925,
                                    34.97784152626991
                                ],
                                [
                                    33.20433005690575,
                                    34.97831627726555
                                ],
                                [
                                    33.19633439183235,
                                    34.977688640356064
                                ],
                                [
                                    33.19154664874077,
                                    34.978686422109604
                                ],
                                [
                                    33.18698152899742,
                                    34.97783616185188
                                ],
                                [
                                    33.181786090135574,
                                    34.9801804125309
                                ],
                                [
                                    33.179097175598145,
                                    34.98046875
                                ],
                                [
                                    33.17789554595947,
                                    34.98046875
                                ],
                                [
                                    33.17449852824211,
                                    34.98083755373955
                                ],
                                [
                                    33.17071929574013,
                                    34.98243883252144
                                ],
                                [
                                    33.161672204732895,
                                    34.98218670487404
                                ],
                                [
                                    33.15925553441048,
                                    34.981690496206284
                                ],
                                [
                                    33.15872445702553,
                                    34.980770498514175
                                ],
                                [
                                    33.155837059020996,
                                    34.98046875
                                ],
                                [
                                    33.15511420369148,
                                    34.97986659407616
                                ],
                                [
                                    33.15171718597412,
                                    34.98046875
                                ],
                                [
                                    33.14734920859337,
                                    34.98049959540367
                                ],
                                [
                                    33.1432668864727,
                                    34.98197212815285
                                ],
                                [
                                    33.135151863098145,
                                    34.98046875
                                ],
                                [
                                    33.134636878967285,
                                    34.98046875
                                ],
                                [
                                    33.13397839665413,
                                    34.98121038079262
                                ],
                                [
                                    33.13199356198311,
                                    34.98130962252617
                                ],
                                [
                                    33.13000202178955,
                                    34.98046875
                                ],
                                [
                                    33.121933937072754,
                                    34.98046875
                                ],
                                [
                                    33.11962589621544,
                                    34.979652017354965
                                ],
                                [
                                    33.115668296813965,
                                    34.98046875
                                ],
                                [
                                    33.11555564403534,
                                    34.98046875
                                ],
                                [
                                    33.11553735254248,
                                    34.98046875
                                ],
                                [
                                    33.112475126981735,
                                    34.9811165034771
                                ],
                                [
                                    33.105454444885254,
                                    34.98046875
                                ],
                                [
                                    33.10451030731201,
                                    34.98046875
                                ],
                                [
                                    33.094692081213,
                                    34.97920677065849
                                ],
                                [
                                    33.09082567691803,
                                    34.98046875
                                ],
                                [
                                    33.089661598205566,
                                    34.98046875
                                ]
                            ]
                        ]
                    },
                    "properties": {
                        "id": "7028b2bb-91b9-46ac-850a-941cbbb61e7d",
                        "catalogId": "b590134f-7610-4c64-b5b7-5c15fb41a7d0",
                        "productId": "BM_Cyprus_BACKUP",
                        "productType": "Orthophoto",
                        "sourceId": "10300500B9F9A900",
                        "sourceName": "Cyprus_Strips",
                        "productVersion": "2.0",
                        "ingestionDateUTC": "2026-08-18T14:07:57.244Z",
                        "imagingTimeBeginUTC": "2021-07-24T00:00:00Z",
                        "imagingTimeEndUTC": "2021-07-24T00:00:00Z",
                        "resolutionDegree": 0.00274658203125,
                        "resolutionMeter": 305.75,
                        "sourceResolutionMeter": 0.49,
                        "horizontalAccuracyCe90": 8.5,
                        "sensors": "WV02",
                        "countries": "קפריסין",
                        "cities": "",
                        "description": null
                    },
                    "type": "Feature"
                },
                {
                    "__typename": "WfsFeature",
                    "id": "BM_Cyprus_BACKUP-Orthophoto.7ab22d4c-c6b7-4a82-be6b-949a06509fdf",
                    "geometry": {
                        "type": "Polygon",
                        "coordinates": [
                            [
                                [
                                    33.169848918914795,
                                    35.0244140625
                                ],
                                [
                                    33.17357048392296,
                                    35.02347931265831
                                ],
                                [
                                    33.17489817738533,
                                    35.02203091979027
                                ],
                                [
                                    33.176056891679764,
                                    35.01481041312218
                                ],
                                [
                                    33.17720219492912,
                                    35.01392796635628
                                ],
                                [
                                    33.17839577794075,
                                    35.01095339655876
                                ],
                                [
                                    33.178666681051254,
                                    35.00203236937523
                                ],
                                [
                                    33.180892914533615,
                                    35.00209406018257
                                ],
                                [
                                    33.183145970106125,
                                    35.00357195734978
                                ],
                                [
                                    33.18567529320717,
                                    35.0032876431942
                                ],
                                [
                                    33.18703517317772,
                                    35.00442758202553
                                ],
                                [
                                    33.18906024098396,
                                    35.00442489981651
                                ],
                                [
                                    33.192268162965775,
                                    35.005763322114944
                                ],
                                [
                                    33.19518640637398,
                                    35.00524565577507
                                ],
                                [
                                    33.203270584344864,
                                    35.00689521431923
                                ],
                                [
                                    33.21202531456947,
                                    35.003773123025894
                                ],
                                [
                                    33.21567580103874,
                                    35.003526359796524
                                ],
                                [
                                    33.21716174483299,
                                    35.00181779265404
                                ],
                                [
                                    33.22265625,
                                    35.001188814640045
                                ],
                                [
                                    33.22677746415138,
                                    35.003368109464645
                                ],
                                [
                                    33.23063984513283,
                                    35.00433906912804
                                ],
                                [
                                    33.23202654719353,
                                    35.00567480921745
                                ],
                                [
                                    33.23824122548103,
                                    35.00568553805351
                                ],
                                [
                                    33.24023947119713,
                                    35.00670209527016
                                ],
                                [
                                    33.24378803372383,
                                    35.006871074438095
                                ],
                                [
                                    33.248449712991714,
                                    35.00471457839012
                                ],
                                [
                                    33.26047942042351,
                                    35.00462606549263
                                ],
                                [
                                    33.261951953172684,
                                    35.003719478845596
                                ],
                                [
                                    33.2625849545002,
                                    35.002171844244
                                ],
                                [
                                    33.2666015625,
                                    35.0004968047142
                                ],
                                [
                                    33.26992616057396,
                                    35.00058934092522
                                ],
                                [
                                    33.27094539999962,
                                    35.001351088285446
                                ],
                                [
                                    33.27392265200615,
                                    35.002343505620956
                                ],
                                [
                                    33.28106537461281,
                                    35.003011375665665
                                ],
                                [
                                    33.28658804297447,
                                    35.00585451722145
                                ],
                                [
                                    33.28946337103844,
                                    35.00595912337303
                                ],
                                [
                                    33.29358592629433,
                                    35.0049988925457
                                ],
                                [
                                    33.294385224580765,
                                    35.003757029771805
                                ],
                                [
                                    33.297982066869736,
                                    35.002370327711105
                                ],
                                [
                                    33.310546875,
                                    34.99973237514496
                                ],
                                [
                                    33.31095725297928,
                                    34.999729692935944
                                ],
                                [
                                    33.31095725297928,
                                    34.99924957752228
                                ],
                                [
                                    33.310546875,
                                    34.9992361664772
                                ],
                                [
                                    33.30714985728264,
                                    35.000364035367966
                                ],
                                [
                                    33.301737159490585,
                                    35.00067517161369
                                ],
                                [
                                    33.300771564245224,
                                    35.00170782208443
                                ],
                                [
                                    33.2967509329319,
                                    35.00145301222801
                                ],
                                [
                                    33.293019980192184,
                                    35.00441953539848
                                ],
                                [
                                    33.292038291692734,
                                    35.00410035252571
                                ],
                                [
                                    33.29132214188576,
                                    35.00250443816185
                                ],
                                [
                                    33.289763778448105,
                                    35.00224158167839
                                ],
                                [
                                    33.285010904073715,
                                    35.00395014882088
                                ],
                                [
                                    33.28334793448448,
                                    35.003845542669296
                                ],
                                [
                                    33.28033581376076,
                                    35.0026760995388
                                ],
                                [
                                    33.277143985033035,
                                    35.002112835645676
                                ],
                                [
                                    33.274502009153366,
                                    35.00206723809242
                                ],
                                [
                                    33.273919969797134,
                                    35.00228449702263
                                ],
                                [
                                    33.273032158613205,
                                    35.001761466264725
                                ],
                                [
                                    33.272144347429276,
                                    35.001471787691116
                                ],
                                [
                                    33.27141210436821,
                                    35.001377910375595
                                ],
                                [
                                    33.27074959874153,
                                    35.00079318881035
                                ],
                                [
                                    33.26915368437767,
                                    35.000160187482834
                                ],
                                [
                                    33.26727882027626,
                                    34.99973639845848
                                ],
                                [
                                    33.26661095023155,
                                    34.997754245996475
                                ],
                                [
                                    33.25946420431137,
                                    34.99751687049866
                                ],
                                [
                                    33.24669286608696,
                                    34.99762013554573
                                ],
                                [
                                    33.2417106628418,
                                    34.99689996242523
                                ],
                                [
                                    33.24065253138542,
                                    34.99841943383217
                                ],
                                [
                                    33.23449149727821,
                                    35.00048741698265
                                ],
                                [
                                    33.22265625,
                                    34.99625891447067
                                ],
                                [
                                    33.222485929727554,
                                    34.9969656765461
                                ],
                                [
                                    33.219959288835526,
                                    34.99782398343086
                                ],
                                [
                                    33.21144595742226,
                                    34.99785616993904
                                ],
                                [
                                    33.20602789521217,
                                    34.99896392226219
                                ],
                                [
                                    33.19854184985161,
                                    34.996230751276016
                                ],
                                [
                                    33.197136372327805,
                                    34.996767193078995
                                ],
                                [
                                    33.196605294942856,
                                    34.99597325921059
                                ],
                                [
                                    33.190114349126816,
                                    34.9968583881855
                                ],
                                [
                                    33.183167427778244,
                                    34.995023757219315
                                ],
                                [
                                    33.1787109375,
                                    34.99477028846741
                                ],
                                [
                                    33.17760720849037,
                                    34.995364397764206
                                ],
                                [
                                    33.17498400807381,
                                    35.00062420964241
                                ],
                                [
                                    33.16957399249077,
                                    35.00437930226326
                                ],
                                [
                                    33.16913679242134,
                                    35.00871643424034
                                ],
                                [
                                    33.16821947693825,
                                    35.00930115580559
                                ],
                                [
                                    33.16758379340172,
                                    35.0116990506649
                                ],
                                [
                                    33.16730484366417,
                                    35.01879885792732
                                ],
                                [
                                    33.164654821157455,
                                    35.01990392804146
                                ],
                                [
                                    33.16405400633812,
                                    35.02154543995857
                                ],
                                [
                                    33.16128060221672,
                                    35.020955353975296
                                ],
                                [
                                    33.1552617251873,
                                    35.02288118004799
                                ],
                                [
                                    33.15261706709862,
                                    35.02198800444603
                                ],
                                [
                                    33.150701969861984,
                                    35.023986250162125
                                ],
                                [
                                    33.14850926399231,
                                    35.0244140625
                                ],
                                [
                                    33.14955934882164,
                                    35.02821072936058
                                ],
                                [
                                    33.148926347494125,
                                    35.03763064742088
                                ],
                                [
                                    33.151273280382156,
                                    35.04188731312752
                                ],
                                [
                                    33.15120354294777,
                                    35.04326596856117
                                ],
                                [
                                    33.15014138817787,
                                    35.04419669508934
                                ],
                                [
                                    33.149819523096085,
                                    35.05180075764656
                                ],
                                [
                                    33.14898267388344,
                                    35.054582208395004
                                ],
                                [
                                    33.149929493665695,
                                    35.05681112408638
                                ],
                                [
                                    33.14918786287308,
                                    35.068359375
                                ],
                                [
                                    33.149567395448685,
                                    35.07494017481804
                                ],
                                [
                                    33.15067246556282,
                                    35.079006403684616
                                ],
                                [
                                    33.149452060461044,
                                    35.08331939578056
                                ],
                                [
                                    33.1504525244236,
                                    35.093401819467545
                                ],
                                [
                                    33.14931660890579,
                                    35.09612828493118
                                ],
                                [
                                    33.14948156476021,
                                    35.09665533900261
                                ],
                                [
                                    33.14935818314552,
                                    35.09789451956749
                                ],
                                [
                                    33.1503801047802,
                                    35.09874477982521
                                ],
                                [
                                    33.155364990234375,
                                    35.099709033966064
                                ],
                                [
                                    33.15758720040321,
                                    35.09947434067726
                                ],
                                [
                                    33.16015675663948,
                                    35.09768262505531
                                ],
                                [
                                    33.166146129369736,
                                    35.097996443510056
                                ],
                                [
                                    33.16674694418907,
                                    35.096883326768875
                                ],
                                [
                                    33.17010372877121,
                                    35.0960049033165
                                ],
                                [
                                    33.171387165784836,
                                    35.09616181254387
                                ],
                                [
                                    33.17481502890587,
                                    35.09124532341957
                                ],
                                [
                                    33.17459508776665,
                                    35.08837804198265
                                ],
                                [
                                    33.1726960837841,
                                    35.08794352412224
                                ],
                                [
                                    33.1722092628479,
                                    35.086212158203125
                                ],
                                [
                                    33.17238762974739,
                                    35.08072033524513
                                ],
                                [
                                    33.17148640751839,
                                    35.08010610938072
                                ],
                                [
                                    33.172505646944046,
                                    35.07624372839928
                                ],
                                [
                                    33.17171439528465,
                                    35.07450833916664
                                ],
                                [
                                    33.172138184309006,
                                    35.070200711488724
                                ],
                                [
                                    33.17144617438316,
                                    35.068797916173935
                                ],
                                [
                                    33.17003667354584,
                                    35.068359375
                                ],
                                [
                                    33.17098751664162,
                                    35.06744608283043
                                ],
                                [
                                    33.171875327825546,
                                    35.06152644753456
                                ],
                                [
                                    33.17460581660271,
                                    35.05768820643425
                                ],
                                [
                                    33.17394062876701,
                                    35.04422888159752
                                ],
                                [
                                    33.173173516988754,
                                    35.04188731312752
                                ],
                                [
                                    33.17428395152092,
                                    35.03854528069496
                                ],
                                [
                                    33.17241981625557,
                                    35.03527566790581
                                ],
                                [
                                    33.17261561751366,
                                    35.03307357430458
                                ],
                                [
                                    33.17388966679573,
                                    35.03193363547325
                                ],
                                [
                                    33.174050599336624,
                                    35.02846822142601
                                ],
                                [
                                    33.17191019654274,
                                    35.025493651628494
                                ],
                                [
                                    33.169848918914795,
                                    35.0244140625
                                ]
                            ]
                        ]
                    },
                    "properties": {
                        "id": "7ab22d4c-c6b7-4a82-be6b-949a06509fdf",
                        "catalogId": "b590134f-7610-4c64-b5b7-5c15fb41a7d0",
                        "productId": "BM_Cyprus_BACKUP",
                        "productType": "Orthophoto",
                        "sourceId": "10300500BFF9B000",
                        "sourceName": "Cyprus_Strips",
                        "productVersion": "2.0",
                        "ingestionDateUTC": "2026-08-18T14:07:57.244Z",
                        "imagingTimeBeginUTC": "2021-10-02T00:00:00Z",
                        "imagingTimeEndUTC": "2021-10-02T00:00:00Z",
                        "resolutionDegree": 0.00274658203125,
                        "resolutionMeter": 305.75,
                        "sourceResolutionMeter": 0.6,
                        "horizontalAccuracyCe90": 8.5,
                        "sensors": "WV02",
                        "countries": "קפריסין",
                        "cities": "",
                        "description": null
                    },
                    "type": "Feature"
                },
                {
                    "__typename": "WfsFeature",
                    "id": "BM_Cyprus_BACKUP-Orthophoto.7dcd35fe-4df1-4cbc-82f6-f3067bbf3c80",
                    "geometry": {
                        "type": "Polygon",
                        "coordinates": [
                            [
                                [
                                    33.03467497229576,
                                    34.76186200976372
                                ],
                                [
                                    33.03243264555931,
                                    34.762398451566696
                                ],
                                [
                                    33.02595779299736,
                                    34.76099029183388
                                ],
                                [
                                    33.014574497938156,
                                    34.76124510169029
                                ],
                                [
                                    32.99986928701401,
                                    34.76013332605362
                                ],
                                [
                                    32.99964800477028,
                                    34.76446107029915
                                ],
                                [
                                    32.997842878103256,
                                    34.76711913943291
                                ],
                                [
                                    32.997502237558365,
                                    34.77033779025078
                                ],
                                [
                                    32.99606993794441,
                                    34.77320775389671
                                ],
                                [
                                    32.993473559617996,
                                    34.77455422282219
                                ],
                                [
                                    32.98944756388664,
                                    34.78033974766731
                                ],
                                [
                                    32.98896476626396,
                                    34.7833089530468
                                ],
                                [
                                    32.98985257744789,
                                    34.791377037763596
                                ],
                                [
                                    32.991520911455154,
                                    34.795132130384445
                                ],
                                [
                                    32.991793155670166,
                                    34.7991943359375
                                ],
                                [
                                    32.99606457352638,
                                    34.801102727651596
                                ],
                                [
                                    32.99988269805908,
                                    34.8046875
                                ],
                                [
                                    32.99742713570595,
                                    34.808360785245895
                                ],
                                [
                                    32.99705430865288,
                                    34.81265231966972
                                ],
                                [
                                    32.99484148621559,
                                    34.81678023934364
                                ],
                                [
                                    32.99443379044533,
                                    34.82021078467369
                                ],
                                [
                                    32.99479588866234,
                                    34.82747420668602
                                ],
                                [
                                    32.99578294157982,
                                    34.82865169644356
                                ],
                                [
                                    32.99506142735481,
                                    34.84108105301857
                                ],
                                [
                                    32.99582853913307,
                                    34.84451696276665
                                ],
                                [
                                    32.99731448292732,
                                    34.84701678156853
                                ],
                                [
                                    32.99988403916359,
                                    34.84862610697746
                                ],
                                [
                                    32.9998853802681,
                                    34.85420644283295
                                ],
                                [
                                    33.0029296875,
                                    34.85417157411575
                                ],
                                [
                                    33.00367131829262,
                                    34.852947145700455
                                ],
                                [
                                    33.01002815365791,
                                    34.85127881169319
                                ],
                                [
                                    33.015835136175156,
                                    34.85167846083641
                                ],
                                [
                                    33.01980212330818,
                                    34.85101595520973
                                ],
                                [
                                    33.02609995007515,
                                    34.85151752829552
                                ],
                                [
                                    33.03227171301842,
                                    34.8540361225605
                                ],
                                [
                                    33.0353119969368,
                                    34.85404819250107
                                ],
                                [
                                    33.0358712375164,
                                    34.85277816653252
                                ],
                                [
                                    33.03931251168251,
                                    34.851702600717545
                                ],
                                [
                                    33.04026737809181,
                                    34.85051438212395
                                ],
                                [
                                    33.045548647642136,
                                    34.84904184937477
                                ],
                                [
                                    33.04491028189659,
                                    34.846807569265366
                                ],
                                [
                                    33.045454770326614,
                                    34.83815208077431
                                ],
                                [
                                    33.043958097696304,
                                    34.82951000332832
                                ],
                                [
                                    33.043705970048904,
                                    34.82041999697685
                                ],
                                [
                                    33.044304102659225,
                                    34.81731131672859
                                ],
                                [
                                    33.04327681660652,
                                    34.81530234217644
                                ],
                                [
                                    33.04387226700783,
                                    34.81174036860466
                                ],
                                [
                                    33.04523214697838,
                                    34.80960801243782
                                ],
                                [
                                    33.045863807201385,
                                    34.8046875
                                ],
                                [
                                    33.04514899849892,
                                    34.795609563589096
                                ],
                                [
                                    33.04299518465996,
                                    34.789376109838486
                                ],
                                [
                                    33.04298177361488,
                                    34.78324458003044
                                ],
                                [
                                    33.04171845316887,
                                    34.77854534983635
                                ],
                                [
                                    33.042418509721756,
                                    34.769425839185715
                                ],
                                [
                                    33.043689876794815,
                                    34.76699039340019
                                ],
                                [
                                    33.04423704743385,
                                    34.76347669959068
                                ],
                                [
                                    33.045794069767,
                                    34.76320445537567
                                ],
                                [
                                    33.03467497229576,
                                    34.76186200976372
                                ]
                            ]
                        ]
                    },
                    "properties": {
                        "id": "7dcd35fe-4df1-4cbc-82f6-f3067bbf3c80",
                        "catalogId": "b590134f-7610-4c64-b5b7-5c15fb41a7d0",
                        "productId": "BM_Cyprus_BACKUP",
                        "productType": "Orthophoto",
                        "sourceId": "10300500CBF8FD00",
                        "sourceName": "Cyprus_Strips",
                        "productVersion": "2.0",
                        "ingestionDateUTC": "2026-08-18T14:07:57.244Z",
                        "imagingTimeBeginUTC": "2022-05-13T00:00:00Z",
                        "imagingTimeEndUTC": "2022-05-13T00:00:00Z",
                        "resolutionDegree": 0.00274658203125,
                        "resolutionMeter": 305.75,
                        "sourceResolutionMeter": 0.47,
                        "horizontalAccuracyCe90": 8.5,
                        "sensors": "WV02",
                        "countries": "קפריסין",
                        "cities": "",
                        "description": null
                    },
                    "type": "Feature"
                },
                {
                    "__typename": "WfsFeature",
                    "id": "BM_Cyprus_BACKUP-Orthophoto.8ec464c7-e870-4d05-9438-1e8656f2ff54",
                    "geometry": {
                        "type": "Polygon",
                        "coordinates": [
                            [
                                [
                                    33.310546875,
                                    35.31246989965439
                                ],
                                [
                                    33.31468418240547,
                                    35.31087800860405
                                ],
                                [
                                    33.31878662109375,
                                    35.31033754348755
                                ],
                                [
                                    33.32052335143089,
                                    35.309011191129684
                                ],
                                [
                                    33.3256570994854,
                                    35.30821993947029
                                ],
                                [
                                    33.33737835288048,
                                    35.30868664383888
                                ],
                                [
                                    33.34394171833992,
                                    35.31020745635033
                                ],
                                [
                                    33.35163161158562,
                                    35.31019940972328
                                ],
                                [
                                    33.3544921875,
                                    35.311284363269806
                                ],
                                [
                                    33.35692897439003,
                                    35.310864597558975
                                ],
                                [
                                    33.357639759778976,
                                    35.30949130654335
                                ],
                                [
                                    33.36020931601524,
                                    35.308123379945755
                                ],
                                [
                                    33.363047093153,
                                    35.30782833695412
                                ],
                                [
                                    33.365391343832016,
                                    35.30658647418022
                                ],
                                [
                                    33.369272500276566,
                                    35.30646577477455
                                ],
                                [
                                    33.37168112397194,
                                    35.30529364943504
                                ],
                                [
                                    33.377407640218735,
                                    35.3061144053936
                                ],
                                [
                                    33.38336482644081,
                                    35.30542775988579
                                ],
                                [
                                    33.39185670018196,
                                    35.305897146463394
                                ],
                                [
                                    33.39752420783043,
                                    35.30857935547829
                                ],
                                [
                                    33.3984375,
                                    35.31019002199173
                                ],
                                [
                                    33.3984375,
                                    35.31017276449198
                                ],
                                [
                                    33.39956536889076,
                                    35.30905410647392
                                ],
                                [
                                    33.4005443751812,
                                    35.30587837100029
                                ],
                                [
                                    33.40034857392311,
                                    35.30064806342125
                                ],
                                [
                                    33.3984375,
                                    35.297631919384
                                ],
                                [
                                    33.3910895884037,
                                    35.29569938778877
                                ],
                                [
                                    33.381793051958084,
                                    35.29478207230568
                                ],
                                [
                                    33.37611481547356,
                                    35.29242977499962
                                ],
                                [
                                    33.36114540696144,
                                    35.29440924525261
                                ],
                                [
                                    33.358527570962906,
                                    35.2961365878582
                                ],
                                [
                                    33.35268169641495,
                                    35.297326147556305
                                ],
                                [
                                    33.35264816880226,
                                    35.29732748866081
                                ],
                                [
                                    33.35262134671211,
                                    35.29732212424278
                                ],
                                [
                                    33.35248991847038,
                                    35.29719337821007
                                ],
                                [
                                    33.35241213440895,
                                    35.29718533158302
                                ],
                                [
                                    33.3521144092083,
                                    35.29519513249397
                                ],
                                [
                                    33.34817960858345,
                                    35.29460772871971
                                ],
                                [
                                    33.34709331393242,
                                    35.29275432229042
                                ],
                                [
                                    33.33774045109749,
                                    35.2915258705616
                                ],
                                [
                                    33.33439573645592,
                                    35.292872339487076
                                ],
                                [
                                    33.32475587725639,
                                    35.29367968440056
                                ],
                                [
                                    33.31603869795799,
                                    35.29690369963646
                                ],
                                [
                                    33.313584476709366,
                                    35.29889926314354
                                ],
                                [
                                    33.312865644693375,
                                    35.30179873108864
                                ],
                                [
                                    33.310546875,
                                    35.30389755964279
                                ],
                                [
                                    33.310546875,
                                    35.31246989965439
                                ]
                            ]
                        ]
                    },
                    "properties": {
                        "id": "8ec464c7-e870-4d05-9438-1e8656f2ff54",
                        "catalogId": "b590134f-7610-4c64-b5b7-5c15fb41a7d0",
                        "productId": "BM_Cyprus_BACKUP",
                        "productType": "Orthophoto",
                        "sourceId": "10300100CDB11000",
                        "sourceName": "Cyprus_Strips",
                        "productVersion": "2.0",
                        "ingestionDateUTC": "2026-08-18T14:07:58.387Z",
                        "imagingTimeBeginUTC": "2022-02-12T00:00:00Z",
                        "imagingTimeEndUTC": "2022-02-12T00:00:00Z",
                        "resolutionDegree": 0.00274658203125,
                        "resolutionMeter": 305.75,
                        "sourceResolutionMeter": 0.58,
                        "horizontalAccuracyCe90": 8.5,
                        "sensors": "WV02",
                        "countries": "קפריסין",
                        "cities": "",
                        "description": null
                    },
                    "type": "Feature"
                },
                {
                    "__typename": "WfsFeature",
                    "id": "BM_Cyprus_BACKUP-Orthophoto.93a27b2f-df20-481e-b24a-b64b5d0be786",
                    "geometry": {
                        "type": "Polygon",
                        "coordinates": [
                            [
                                [
                                    32.9991652071476,
                                    34.9829538166523
                                ],
                                [
                                    32.997035533189774,
                                    34.985244423151016
                                ],
                                [
                                    32.99580976366997,
                                    34.9957774579525
                                ],
                                [
                                    32.99657687544823,
                                    34.99844089150429
                                ],
                                [
                                    32.99623355269432,
                                    35.001750737428665
                                ],
                                [
                                    32.99817010760307,
                                    35.005489736795425
                                ],
                                [
                                    32.997534424066544,
                                    35.007874220609665
                                ],
                                [
                                    32.99831494688988,
                                    35.01032039523125
                                ],
                                [
                                    32.997512966394424,
                                    35.01965180039406
                                ],
                                [
                                    32.999234944581985,
                                    35.021706372499466
                                ],
                                [
                                    33.0001562833786,
                                    35.0244140625
                                ],
                                [
                                    32.99810171127319,
                                    35.02716064453125
                                ],
                                [
                                    32.99781337380409,
                                    35.03409281373024
                                ],
                                [
                                    32.99594387412071,
                                    35.03841385245323
                                ],
                                [
                                    32.99605116248131,
                                    35.040927082300186
                                ],
                                [
                                    32.99429431557655,
                                    35.046232491731644
                                ],
                                [
                                    32.99533769488335,
                                    35.04831925034523
                                ],
                                [
                                    32.99460545182228,
                                    35.050601810216904
                                ],
                                [
                                    32.99471274018288,
                                    35.05463317036629
                                ],
                                [
                                    32.99563005566597,
                                    35.05560413002968
                                ],
                                [
                                    32.99623891711235,
                                    35.059933215379715
                                ],
                                [
                                    33.000018149614334,
                                    35.06412282586098
                                ],
                                [
                                    33.00023943185806,
                                    35.068359375
                                ],
                                [
                                    32.99928590655327,
                                    35.07073178887367
                                ],
                                [
                                    33.000138849020004,
                                    35.07427230477333
                                ],
                                [
                                    33.00016835331917,
                                    35.084767788648605
                                ],
                                [
                                    32.99887552857399,
                                    35.088407546281815
                                ],
                                [
                                    32.99987331032753,
                                    35.09102001786232
                                ],
                                [
                                    32.99952730536461,
                                    35.09554222226143
                                ],
                                [
                                    33.000285029411316,
                                    35.0970134139061
                                ],
                                [
                                    33.0029296875,
                                    35.09700000286102
                                ],
                                [
                                    33.00319120287895,
                                    35.09796157479286
                                ],
                                [
                                    33.005457669496536,
                                    35.09866699576378
                                ],
                                [
                                    33.00785019993782,
                                    35.09725347161293
                                ],
                                [
                                    33.01409974694252,
                                    35.09836122393608
                                ],
                                [
                                    33.01619455218315,
                                    35.09822443127632
                                ],
                                [
                                    33.01734521985054,
                                    35.097014755010605
                                ],
                                [
                                    33.02096888422966,
                                    35.098001807928085
                                ],
                                [
                                    33.02325680851936,
                                    35.09694501757622
                                ],
                                [
                                    33.03131952881813,
                                    35.097776502370834
                                ],
                                [
                                    33.036242723464966,
                                    35.09677469730377
                                ],
                                [
                                    33.03391858935356,
                                    35.09111925959587
                                ],
                                [
                                    33.034347742795944,
                                    35.07906273007393
                                ],
                                [
                                    33.033476024866104,
                                    35.072783678770065
                                ],
                                [
                                    33.034347742795944,
                                    35.07006123661995
                                ],
                                [
                                    33.03598254919052,
                                    35.068359375
                                ],
                                [
                                    33.03416267037392,
                                    35.066298097372055
                                ],
                                [
                                    33.034709841012955,
                                    35.06425157189369
                                ],
                                [
                                    33.034079521894455,
                                    35.05807712674141
                                ],
                                [
                                    33.03450867533684,
                                    35.05124017596245
                                ],
                                [
                                    33.033234626054764,
                                    35.04318818449974
                                ],
                                [
                                    33.033795207738876,
                                    35.0395242869854
                                ],
                                [
                                    33.03475543856621,
                                    35.0381375849247
                                ],
                                [
                                    33.03476348519325,
                                    35.033054798841476
                                ],
                                [
                                    33.03587391972542,
                                    35.03088220953941
                                ],
                                [
                                    33.035864531993866,
                                    35.0244140625
                                ],
                                [
                                    33.03486004471779,
                                    35.02116724848747
                                ],
                                [
                                    33.03512558341026,
                                    35.01915022730827
                                ],
                                [
                                    33.03191497921944,
                                    35.015510469675064
                                ],
                                [
                                    33.030812591314316,
                                    35.01124307513237
                                ],
                                [
                                    33.03193911910057,
                                    35.01019701361656
                                ],
                                [
                                    33.03190693259239,
                                    35.00770255923271
                                ],
                                [
                                    33.033296316862106,
                                    35.00414326786995
                                ],
                                [
                                    33.032856434583664,
                                    35.00122770667076
                                ],
                                [
                                    33.033712059259415,
                                    34.99738410115242
                                ],
                                [
                                    33.03283765912056,
                                    34.99533221125603
                                ],
                                [
                                    33.033443838357925,
                                    34.9910406768322
                                ],
                                [
                                    33.03538039326668,
                                    34.987288266420364
                                ],
                                [
                                    33.0347715318203,
                                    34.98507544398308
                                ],
                                [
                                    33.035354912281036,
                                    34.98046875
                                ],
                                [
                                    33.034987449645996,
                                    34.98046875
                                ],
                                [
                                    33.033553808927536,
                                    34.98117282986641
                                ],
                                [
                                    33.02924886345863,
                                    34.98107090592384
                                ],
                                [
                                    33.02496001124382,
                                    34.9828465282917
                                ],
                                [
                                    33.02163138985634,
                                    34.98211696743965
                                ],
                                [
                                    33.01516190171242,
                                    34.984131306409836
                                ],
                                [
                                    33.01243141293526,
                                    34.98295649886131
                                ],
                                [
                                    33.010331243276596,
                                    34.983055740594864
                                ],
                                [
                                    33.008971363306046,
                                    34.98110041022301
                                ],
                                [
                                    33.00666332244873,
                                    34.98046875
                                ],
                                [
                                    33.004744201898575,
                                    34.979689568281174
                                ],
                                [
                                    33.00293505191803,
                                    34.98046875
                                ],
                                [
                                    33.00004094839096,
                                    34.98046875
                                ],
                                [
                                    32.9991652071476,
                                    34.9829538166523
                                ]
                            ]
                        ]
                    },
                    "properties": {
                        "id": "93a27b2f-df20-481e-b24a-b64b5d0be786",
                        "catalogId": "b590134f-7610-4c64-b5b7-5c15fb41a7d0",
                        "productId": "BM_Cyprus_BACKUP",
                        "productType": "Orthophoto",
                        "sourceId": "10300500B5F98600",
                        "sourceName": "Cyprus_Strips",
                        "productVersion": "2.0",
                        "ingestionDateUTC": "2026-08-18T14:07:57.244Z",
                        "imagingTimeBeginUTC": "2021-06-05T00:00:00Z",
                        "imagingTimeEndUTC": "2021-06-05T00:00:00Z",
                        "resolutionDegree": 0.00274658203125,
                        "resolutionMeter": 305.75,
                        "sourceResolutionMeter": 0.48,
                        "horizontalAccuracyCe90": 8.5,
                        "sensors": "WV02",
                        "countries": "קפריסין",
                        "cities": "",
                        "description": null
                    },
                    "type": "Feature"
                },
                {
                    "__typename": "WfsFeature",
                    "id": "BM_Cyprus_BACKUP-Orthophoto.9b53f893-865e-461a-b018-3ddbbf949720",
                    "geometry": {
                        "type": "Polygon",
                        "coordinates": [
                            [
                                [
                                    32.998872846364975,
                                    34.893641620874405
                                ],
                                [
                                    32.99883529543877,
                                    34.896393567323685
                                ],
                                [
                                    32.997732907533646,
                                    34.898641258478165
                                ],
                                [
                                    32.99916252493858,
                                    34.90432217717171
                                ],
                                [
                                    32.99730107188225,
                                    34.92257997393608
                                ],
                                [
                                    32.99816474318504,
                                    34.92737576365471
                                ],
                                [
                                    32.99784556031227,
                                    34.93222787976265
                                ],
                                [
                                    32.999928295612335,
                                    34.9365234375
                                ],
                                [
                                    32.999371737241745,
                                    34.9432410299778
                                ],
                                [
                                    32.99990013241768,
                                    34.94637116789818
                                ],
                                [
                                    32.99887016415596,
                                    34.94764253497124
                                ],
                                [
                                    32.99933686852455,
                                    34.948846846818924
                                ],
                                [
                                    32.9980494081974,
                                    34.951960891485214
                                ],
                                [
                                    32.99991086125374,
                                    34.958298951387405
                                ],
                                [
                                    32.99998730421066,
                                    34.96490657329559
                                ],
                                [
                                    33.01084890961647,
                                    34.96572062373161
                                ],
                                [
                                    33.01380470395088,
                                    34.967075139284134
                                ],
                                [
                                    33.01576271653175,
                                    34.96636971831322
                                ],
                                [
                                    33.02229389548302,
                                    34.967163652181625
                                ],
                                [
                                    33.03229317069054,
                                    34.970902651548386
                                ],
                                [
                                    33.03563252091408,
                                    34.97049227356911
                                ],
                                [
                                    33.03701922297478,
                                    34.969515949487686
                                ],
                                [
                                    33.041688948869705,
                                    34.96329590678215
                                ],
                                [
                                    33.04448112845421,
                                    34.963330775499344
                                ],
                                [
                                    33.046875,
                                    34.96211439371109
                                ],
                                [
                                    33.046825379133224,
                                    34.95787784457207
                                ],
                                [
                                    33.046031445264816,
                                    34.956088811159134
                                ],
                                [
                                    33.046875,
                                    34.95493412017822
                                ],
                                [
                                    33.048947006464005,
                                    34.95299890637398
                                ],
                                [
                                    33.04960146546364,
                                    34.950163811445236
                                ],
                                [
                                    33.049413710832596,
                                    34.94739845395088
                                ],
                                [
                                    33.046875,
                                    34.9414587020874
                                ],
                                [
                                    33.046875,
                                    34.93651807308197
                                ],
                                [
                                    33.04823622107506,
                                    34.935234636068344
                                ],
                                [
                                    33.049078434705734,
                                    34.932356625795364
                                ],
                                [
                                    33.0483515560627,
                                    34.92770031094551
                                ],
                                [
                                    33.048815578222275,
                                    34.92389962077141
                                ],
                                [
                                    33.046875,
                                    34.91528034210205
                                ],
                                [
                                    33.046875,
                                    34.91004467010498
                                ],
                                [
                                    33.048195987939835,
                                    34.90379109978676
                                ],
                                [
                                    33.046875,
                                    34.89258348941803
                                ],
                                [
                                    33.046875,
                                    34.88403797149658
                                ],
                                [
                                    33.04477348923683,
                                    34.879305213689804
                                ],
                                [
                                    33.044282644987106,
                                    34.87383618950844
                                ],
                                [
                                    33.046875,
                                    34.859232902526855
                                ],
                                [
                                    33.046875,
                                    34.8535680770874
                                ],
                                [
                                    33.0459563434124,
                                    34.85000476241112
                                ],
                                [
                                    33.046875,
                                    34.84910488128662
                                ],
                                [
                                    33.046875,
                                    34.84862744808197
                                ],
                                [
                                    33.04835423827171,
                                    34.84100326895714
                                ],
                                [
                                    33.04747447371483,
                                    34.83603313565254
                                ],
                                [
                                    33.04848566651344,
                                    34.831977635622025
                                ],
                                [
                                    33.0486036837101,
                                    34.82641741633415
                                ],
                                [
                                    33.04979994893074,
                                    34.823370426893234
                                ],
                                [
                                    33.049944788217545,
                                    34.81801673769951
                                ],
                                [
                                    33.04946467280388,
                                    34.815602749586105
                                ],
                                [
                                    33.047275990247726,
                                    34.814079254865646
                                ],
                                [
                                    33.04815039038658,
                                    34.80896696448326
                                ],
                                [
                                    33.046875,
                                    34.80469286441803
                                ],
                                [
                                    33.046875,
                                    34.80468213558197
                                ],
                                [
                                    33.0489818751812,
                                    34.80331286787987
                                ],
                                [
                                    33.049566596746445,
                                    34.798246175050735
                                ],
                                [
                                    33.04837569594383,
                                    34.79373201727867
                                ],
                                [
                                    33.04878070950508,
                                    34.787013083696365
                                ],
                                [
                                    33.046875,
                                    34.782586097717285
                                ],
                                [
                                    33.045800775289536,
                                    34.78135094046593
                                ],
                                [
                                    33.04496929049492,
                                    34.77809473872185
                                ],
                                [
                                    33.04576858878136,
                                    34.77711573243141
                                ],
                                [
                                    33.046085089445114,
                                    34.77001592516899
                                ],
                                [
                                    33.046875,
                                    34.769368171691895
                                ],
                                [
                                    33.046875,
                                    34.76335734128952
                                ],
                                [
                                    33.045794069767,
                                    34.76320445537567
                                ],
                                [
                                    33.04423704743385,
                                    34.76347669959068
                                ],
                                [
                                    33.043689876794815,
                                    34.76699039340019
                                ],
                                [
                                    33.042418509721756,
                                    34.769425839185715
                                ],
                                [
                                    33.04171845316887,
                                    34.77854534983635
                                ],
                                [
                                    33.04298177361488,
                                    34.78324458003044
                                ],
                                [
                                    33.04299518465996,
                                    34.789376109838486
                                ],
                                [
                                    33.04514899849892,
                                    34.795609563589096
                                ],
                                [
                                    33.045863807201385,
                                    34.8046875
                                ],
                                [
                                    33.04523214697838,
                                    34.80960801243782
                                ],
                                [
                                    33.04387226700783,
                                    34.81174036860466
                                ],
                                [
                                    33.04327681660652,
                                    34.81530234217644
                                ],
                                [
                                    33.044304102659225,
                                    34.81731131672859
                                ],
                                [
                                    33.043705970048904,
                                    34.82041999697685
                                ],
                                [
                                    33.043958097696304,
                                    34.82951000332832
                                ],
                                [
                                    33.045454770326614,
                                    34.83815208077431
                                ],
                                [
                                    33.04491028189659,
                                    34.846807569265366
                                ],
                                [
                                    33.045548647642136,
                                    34.84904184937477
                                ],
                                [
                                    33.04026737809181,
                                    34.85051438212395
                                ],
                                [
                                    33.03931251168251,
                                    34.851702600717545
                                ],
                                [
                                    33.0358712375164,
                                    34.85277816653252
                                ],
                                [
                                    33.0353119969368,
                                    34.85404819250107
                                ],
                                [
                                    33.03394004702568,
                                    34.856932908296585
                                ],
                                [
                                    33.033360689878464,
                                    34.86321732401848
                                ],
                                [
                                    33.0347903072834,
                                    34.86799970269203
                                ],
                                [
                                    33.034074157476425,
                                    34.87151339650154
                                ],
                                [
                                    33.03478762507439,
                                    34.88129809498787
                                ],
                                [
                                    33.03366646170616,
                                    34.88488420844078
                                ],
                                [
                                    33.03377643227577,
                                    34.88856956362724
                                ],
                                [
                                    33.03314611315727,
                                    34.889114052057266
                                ],
                                [
                                    33.03465619683266,
                                    34.89021643996239
                                ],
                                [
                                    33.03496062755585,
                                    34.892578125
                                ],
                                [
                                    33.03481578826904,
                                    34.892578125
                                ],
                                [
                                    33.03408220410347,
                                    34.89091381430626
                                ],
                                [
                                    33.02996501326561,
                                    34.889650493860245
                                ],
                                [
                                    33.029074519872665,
                                    34.88858833909035
                                ],
                                [
                                    33.02551791071892,
                                    34.88803043961525
                                ],
                                [
                                    33.008394688367844,
                                    34.88935813307762
                                ],
                                [
                                    33.00293505191803,
                                    34.892578125
                                ],
                                [
                                    33.00292432308197,
                                    34.892578125
                                ],
                                [
                                    32.99993097782135,
                                    34.892578125
                                ],
                                [
                                    32.998872846364975,
                                    34.893641620874405
                                ]
                            ]
                        ]
                    },
                    "properties": {
                        "id": "9b53f893-865e-461a-b018-3ddbbf949720",
                        "catalogId": "b590134f-7610-4c64-b5b7-5c15fb41a7d0",
                        "productId": "BM_Cyprus_BACKUP",
                        "productType": "Orthophoto",
                        "sourceId": "104001005C7CC100",
                        "sourceName": "Cyprus_Strips",
                        "productVersion": "2.0",
                        "ingestionDateUTC": "2026-08-18T14:07:57.244Z",
                        "imagingTimeBeginUTC": "2020-05-21T00:00:00Z",
                        "imagingTimeEndUTC": "2020-05-21T00:00:00Z",
                        "resolutionDegree": 0.00274658203125,
                        "resolutionMeter": 305.75,
                        "sourceResolutionMeter": 0.32,
                        "horizontalAccuracyCe90": 8.5,
                        "sensors": "WV03",
                        "countries": "קפריסין",
                        "cities": "",
                        "description": null
                    },
                    "type": "Feature"
                },
                {
                    "__typename": "WfsFeature",
                    "id": "BM_Cyprus_BACKUP-Orthophoto.9c1138a6-8f25-4484-ba65-efc32df8fb29",
                    "geometry": {
                        "type": "Polygon",
                        "coordinates": [
                            [
                                [
                                    32.86341458559036,
                                    34.62890625
                                ],
                                [
                                    32.73835927248001,
                                    34.62890625
                                ],
                                [
                                    32.73643210530281,
                                    34.64417204260826
                                ],
                                [
                                    32.73697391152382,
                                    34.64907243847847
                                ],
                                [
                                    32.73546651005745,
                                    34.65052887797356
                                ],
                                [
                                    32.73590102791786,
                                    34.650928527116776
                                ],
                                [
                                    32.734055668115616,
                                    34.65644583106041
                                ],
                                [
                                    32.734592109918594,
                                    34.66321840882301
                                ],
                                [
                                    32.73670569062233,
                                    34.666520208120346
                                ],
                                [
                                    32.73836597800255,
                                    34.67120870947838
                                ],
                                [
                                    32.73827478289604,
                                    34.67514619231224
                                ],
                                [
                                    32.73764178156853,
                                    34.67664822936058
                                ],
                                [
                                    32.73654744029045,
                                    34.677045196294785
                                ],
                                [
                                    32.73439630866051,
                                    34.682527631521225
                                ],
                                [
                                    32.734817415475845,
                                    34.68777135014534
                                ],
                                [
                                    32.733425348997116,
                                    34.69167932868004
                                ],
                                [
                                    32.73029252886772,
                                    34.6939779818058
                                ],
                                [
                                    32.728699296712875,
                                    34.697488993406296
                                ],
                                [
                                    32.728731483221054,
                                    34.701973646879196
                                ],
                                [
                                    32.72762641310692,
                                    34.70317795872688
                                ],
                                [
                                    32.72738501429558,
                                    34.70492944121361
                                ],
                                [
                                    32.729072123765945,
                                    34.71120312809944
                                ],
                                [
                                    32.73101940751076,
                                    34.71243962645531
                                ],
                                [
                                    32.73195818066597,
                                    34.71455052495003
                                ],
                                [
                                    32.73884743452072,
                                    34.716796875
                                ],
                                [
                                    32.737133502960205,
                                    34.723663330078125
                                ],
                                [
                                    32.73826941847801,
                                    34.72784623503685
                                ],
                                [
                                    32.73777052760124,
                                    34.730836898088455
                                ],
                                [
                                    32.73902043700218,
                                    34.73279759287834
                                ],
                                [
                                    32.73850277066231,
                                    34.73626300692558
                                ],
                                [
                                    32.73931682109833,
                                    34.753875732421875
                                ],
                                [
                                    32.73902848362923,
                                    34.757908433675766
                                ],
                                [
                                    32.73829087615013,
                                    34.75884720683098
                                ],
                                [
                                    32.73926317691803,
                                    34.762115478515625
                                ],
                                [
                                    32.739496529102325,
                                    34.8046875
                                ],
                                [
                                    32.73706912994385,
                                    34.8046875
                                ],
                                [
                                    32.73566499352455,
                                    34.804160445928574
                                ],
                                [
                                    32.73080348968506,
                                    34.8046875
                                ],
                                [
                                    32.72492676973343,
                                    34.8046875
                                ],
                                [
                                    32.72524192929268,
                                    34.81120392680168
                                ],
                                [
                                    32.72410199046135,
                                    34.816206246614456
                                ],
                                [
                                    32.72519901394844,
                                    34.81748029589653
                                ],
                                [
                                    32.72455260157585,
                                    34.82047900557518
                                ],
                                [
                                    32.72530898451805,
                                    34.82736960053444
                                ],
                                [
                                    32.726294696331024,
                                    34.82972055673599
                                ],
                                [
                                    32.730590254068375,
                                    34.83129099011421
                                ],
                                [
                                    32.73674592375755,
                                    34.83077064156532
                                ],
                                [
                                    32.7392578125,
                                    34.82983589172363
                                ],
                                [
                                    32.739586383104324,
                                    34.83052119612694
                                ],
                                [
                                    32.74040445685387,
                                    34.84491392970085
                                ],
                                [
                                    32.74176701903343,
                                    34.84609678387642
                                ],
                                [
                                    32.7419239282608,
                                    34.8486328125
                                ],
                                [
                                    32.74152562022209,
                                    34.85052779316902
                                ],
                                [
                                    32.74045005440712,
                                    34.851418286561966
                                ],
                                [
                                    32.74000480771065,
                                    34.85479786992073
                                ],
                                [
                                    32.740825563669205,
                                    34.85687658190727
                                ],
                                [
                                    32.73962661623955,
                                    34.86121639609337
                                ],
                                [
                                    32.74013891816139,
                                    34.86398711800575
                                ],
                                [
                                    32.739959210157394,
                                    34.8668597638607
                                ],
                                [
                                    32.739285975694656,
                                    34.86718162894249
                                ],
                                [
                                    32.739953845739365,
                                    34.87156167626381
                                ],
                                [
                                    32.7393664419651,
                                    34.877939969301224
                                ],
                                [
                                    32.74110451340675,
                                    34.881142526865005
                                ],
                                [
                                    32.74018719792366,
                                    34.88746449351311
                                ],
                                [
                                    32.74100795388222,
                                    34.89172115921974
                                ],
                                [
                                    32.74200439453125,
                                    34.892578125
                                ],
                                [
                                    32.7411313354969,
                                    34.9016372859478
                                ],
                                [
                                    32.74185284972191,
                                    34.905094653367996
                                ],
                                [
                                    32.74140492081642,
                                    34.90805044770241
                                ],
                                [
                                    32.739910930395126,
                                    34.91037055850029
                                ],
                                [
                                    32.73948714137077,
                                    34.91502687335014
                                ],
                                [
                                    32.74023547768593,
                                    34.91847351193428
                                ],
                                [
                                    32.74000480771065,
                                    34.92505833506584
                                ],
                                [
                                    32.74133250117302,
                                    34.926699846982956
                                ],
                                [
                                    32.74098113179207,
                                    34.93188992142677
                                ],
                                [
                                    32.741722762584686,
                                    34.9365234375
                                ],
                                [
                                    32.74065926671028,
                                    34.93748500943184
                                ],
                                [
                                    32.73953542113304,
                                    34.94339123368263
                                ],
                                [
                                    32.7413110435009,
                                    34.951593428850174
                                ],
                                [
                                    32.74017110466957,
                                    34.96205672621727
                                ],
                                [
                                    32.739422768354416,
                                    34.96342733502388
                                ],
                                [
                                    32.741628885269165,
                                    34.98046875
                                ],
                                [
                                    32.74127617478371,
                                    34.988170713186264
                                ],
                                [
                                    32.73995652794838,
                                    34.9914188683033
                                ],
                                [
                                    32.74101600050926,
                                    34.99437466263771
                                ],
                                [
                                    32.740919440984726,
                                    34.99882981181145
                                ],
                                [
                                    32.73988679051399,
                                    35.00441953539848
                                ],
                                [
                                    32.74023815989494,
                                    35.008751302957535
                                ],
                                [
                                    32.739285975694656,
                                    35.0171922147274
                                ],
                                [
                                    32.7401576936245,
                                    35.022363513708115
                                ],
                                [
                                    32.741875648498535,
                                    35.0244140625
                                ],
                                [
                                    32.74024352431297,
                                    35.02629294991493
                                ],
                                [
                                    32.739564925432205,
                                    35.029879063367844
                                ],
                                [
                                    32.74091139435768,
                                    35.03701373934746
                                ],
                                [
                                    32.739543467760086,
                                    35.05138769745827
                                ],
                                [
                                    32.74145856499672,
                                    35.06201460957527
                                ],
                                [
                                    32.740924805402756,
                                    35.067175179719925
                                ],
                                [
                                    32.74215191602707,
                                    35.068359375
                                ],
                                [
                                    32.740830928087234,
                                    35.07119581103325
                                ],
                                [
                                    32.73939326405525,
                                    35.079899579286575
                                ],
                                [
                                    32.740353494882584,
                                    35.083912163972855
                                ],
                                [
                                    32.73953542113304,
                                    35.085540264844894
                                ],
                                [
                                    32.740541249513626,
                                    35.08818760514259
                                ],
                                [
                                    32.73991495370865,
                                    35.09647697210312
                                ],
                                [
                                    32.73931011557579,
                                    35.097738951444626
                                ],
                                [
                                    32.73994043469429,
                                    35.1051364839077
                                ],
                                [
                                    32.73931011557579,
                                    35.107848197221756
                                ],
                                [
                                    32.73985728621483,
                                    35.11024072766304
                                ],
                                [
                                    32.73956894874573,
                                    35.15625
                                ],
                                [
                                    32.73946434259415,
                                    35.20125210285187
                                ],
                                [
                                    32.74070352315903,
                                    35.2012574672699
                                ],
                                [
                                    32.74096369743347,
                                    35.20126819610596
                                ],
                                [
                                    32.741974890232086,
                                    35.20127087831497
                                ],
                                [
                                    32.742878794670105,
                                    35.20128697156906
                                ],
                                [
                                    32.74376392364502,
                                    35.20128697156906
                                ],
                                [
                                    32.74402678012848,
                                    35.20129770040512
                                ],
                                [
                                    32.74504601955414,
                                    35.201300382614136
                                ],
                                [
                                    32.74595528841019,
                                    35.201316475868225
                                ],
                                [
                                    32.74681091308594,
                                    35.201316475868225
                                ],
                                [
                                    32.74708718061447,
                                    35.201327204704285
                                ],
                                [
                                    32.7481546998024,
                                    35.2013298869133
                                ],
                                [
                                    32.74907737970352,
                                    35.20134598016739
                                ],
                                [
                                    32.74987131357193,
                                    35.20134598016739
                                ],
                                [
                                    32.75015026330948,
                                    35.20135670900345
                                ],
                                [
                                    32.75130361318588,
                                    35.20135939121246
                                ],
                                [
                                    32.75139480829239,
                                    35.20136743783951
                                ],
                                [
                                    32.75291830301285,
                                    35.20137548446655
                                ],
                                [
                                    32.753266990184784,
                                    35.20138621330261
                                ],
                                [
                                    32.75442838668823,
                                    35.20138889551163
                                ],
                                [
                                    32.75442838668823,
                                    35.20139694213867
                                ],
                                [
                                    32.75747537612915,
                                    35.20141839981079
                                ],
                                [
                                    32.75753170251846,
                                    35.201426446437836
                                ],
                                [
                                    32.760508954524994,
                                    35.201447904109955
                                ],
                                [
                                    32.76082009077072,
                                    35.201458632946014
                                ],
                                [
                                    32.761968076229095,
                                    35.20146131515503
                                ],
                                [
                                    32.76203513145447,
                                    35.201469361782074
                                ],
                                [
                                    32.76355862617493,
                                    35.20147740840912
                                ],
                                [
                                    32.764242589473724,
                                    35.20149081945419
                                ],
                                [
                                    32.76506870985031,
                                    35.20149081945419
                                ],
                                [
                                    32.765103578567505,
                                    35.20149886608124
                                ],
                                [
                                    32.768102288246155,
                                    35.20152032375336
                                ],
                                [
                                    32.76841878890991,
                                    35.20153105258942
                                ],
                                [
                                    32.769609689712524,
                                    35.20153373479843
                                ],
                                [
                                    32.769609689712524,
                                    35.201541781425476
                                ],
                                [
                                    32.77264326810837,
                                    35.201563239097595
                                ],
                                [
                                    32.77296781539917,
                                    35.201573967933655
                                ],
                                [
                                    32.77415335178375,
                                    35.20157665014267
                                ],
                                [
                                    32.77415335178375,
                                    35.201584696769714
                                ],
                                [
                                    32.777186930179596,
                                    35.20160615444183
                                ],
                                [
                                    32.77751415967941,
                                    35.20161688327789
                                ],
                                [
                                    32.778694331645966,
                                    35.20161956548691
                                ],
                                [
                                    32.778694331645966,
                                    35.20162761211395
                                ],
                                [
                                    32.781714498996735,
                                    35.20164906978607
                                ],
                                [
                                    32.78205782175064,
                                    35.20165979862213
                                ],
                                [
                                    32.78322458267212,
                                    35.201662480831146
                                ],
                                [
                                    32.78322458267212,
                                    35.20167052745819
                                ],
                                [
                                    32.78922736644745,
                                    35.20171880722046
                                ],
                                [
                                    32.78924614191055,
                                    35.201726853847504
                                ],
                                [
                                    32.79149115085602,
                                    35.20174831151962
                                ],
                                [
                                    32.7952516078949,
                                    35.20177513360977
                                ],
                                [
                                    32.79525965452194,
                                    35.201783180236816
                                ],
                                [
                                    32.79976308345795,
                                    35.20181804895401
                                ],
                                [
                                    32.80014932155609,
                                    35.20182877779007
                                ],
                                [
                                    32.801275849342346,
                                    35.201831459999084
                                ],
                                [
                                    32.801275849342346,
                                    35.20183950662613
                                ],
                                [
                                    32.80262500047684,
                                    35.20184487104416
                                ],
                                [
                                    32.80503362417221,
                                    35.20187437534332
                                ],
                                [
                                    32.81626671552658,
                                    35.20197093486786
                                ],
                                [
                                    32.816652953624725,
                                    35.20198166370392
                                ],
                                [
                                    32.81926542520523,
                                    35.20199775695801
                                ],
                                [
                                    32.819289565086365,
                                    35.20200580358505
                                ],
                                [
                                    32.82076209783554,
                                    35.20201116800308
                                ],
                                [
                                    32.82076209783554,
                                    35.20201921463013
                                ],
                                [
                                    32.82213270664215,
                                    35.20202457904816
                                ],
                                [
                                    32.82225877046585,
                                    35.2020326256752
                                ],
                                [
                                    32.82748103141785,
                                    35.20208090543747
                                ],
                                [
                                    32.85377472639084,
                                    35.202314257621765
                                ],
                                [
                                    32.85785302519798,
                                    35.20095840096474
                                ],
                                [
                                    32.86149010062218,
                                    35.20124539732933
                                ],
                                [
                                    32.86353528499603,
                                    35.2001953125
                                ],
                                [
                                    32.86274537444115,
                                    35.18234118819237
                                ],
                                [
                                    32.86326304078102,
                                    35.18096789717674
                                ],
                                [
                                    32.86220356822014,
                                    35.171829611063
                                ],
                                [
                                    32.86353260278702,
                                    35.15625
                                ],
                                [
                                    32.86177173256874,
                                    35.15329286456108
                                ],
                                [
                                    32.85897150635719,
                                    35.152340680360794
                                ],
                                [
                                    32.85771623253822,
                                    35.15106663107872
                                ],
                                [
                                    32.857394367456436,
                                    35.14576658606529
                                ],
                                [
                                    32.85622224211693,
                                    35.14326140284538
                                ],
                                [
                                    32.85623833537102,
                                    35.13216778635979
                                ],
                                [
                                    32.85481408238411,
                                    35.12807473540306
                                ],
                                [
                                    32.854317873716354,
                                    35.12205317616463
                                ],
                                [
                                    32.854800671339035,
                                    35.11912152171135
                                ],
                                [
                                    32.85760626196861,
                                    35.11815324425697
                                ],
                                [
                                    32.85974398255348,
                                    35.11307314038277
                                ],
                                [
                                    32.86342799663544,
                                    35.1123046875
                                ],
                                [
                                    32.862294763326645,
                                    35.08133456110954
                                ],
                                [
                                    32.86321207880974,
                                    35.07770016789436
                                ],
                                [
                                    32.8632590174675,
                                    35.068359375
                                ],
                                [
                                    32.86258444190025,
                                    35.06779745221138
                                ],
                                [
                                    32.86260321736336,
                                    35.06337448954582
                                ],
                                [
                                    32.859422117471695,
                                    35.056293457746506
                                ],
                                [
                                    32.85903587937355,
                                    35.05357638001442
                                ],
                                [
                                    32.85962596535683,
                                    35.05181685090065
                                ],
                                [
                                    32.85852089524269,
                                    35.05087003111839
                                ],
                                [
                                    32.8583063185215,
                                    35.04885569214821
                                ],
                                [
                                    32.85952806472778,
                                    35.039520263671875
                                ],
                                [
                                    32.86098316311836,
                                    35.03765478730202
                                ],
                                [
                                    32.85968765616417,
                                    35.03238424658775
                                ],
                                [
                                    32.861559838056564,
                                    35.031002908945084
                                ],
                                [
                                    32.862845957279205,
                                    35.0244140625
                                ],
                                [
                                    32.86080613732338,
                                    35.02398356795311
                                ],
                                [
                                    32.85893663764,
                                    35.022264271974564
                                ],
                                [
                                    32.857279032468796,
                                    35.01504376530647
                                ],
                                [
                                    32.85942479968071,
                                    35.00929042696953
                                ],
                                [
                                    32.85978689789772,
                                    35.00459924340248
                                ],
                                [
                                    32.86094292998314,
                                    35.00197872519493
                                ],
                                [
                                    32.86033675074577,
                                    35.000189691782
                                ],
                                [
                                    32.860792726278305,
                                    34.993905276060104
                                ],
                                [
                                    32.858534306287766,
                                    34.989619106054306
                                ],
                                [
                                    32.858644276857376,
                                    34.985617250204086
                                ],
                                [
                                    32.85950258374214,
                                    34.98287871479988
                                ],
                                [
                                    32.86048963665962,
                                    34.982771426439285
                                ],
                                [
                                    32.86140963435173,
                                    34.98085364699364
                                ],
                                [
                                    32.86243557929993,
                                    34.98046875
                                ],
                                [
                                    32.860814183950424,
                                    34.97562602162361
                                ],
                                [
                                    32.860918790102005,
                                    34.966302663087845
                                ],
                                [
                                    32.859116345644,
                                    34.961412996053696
                                ],
                                [
                                    32.86042258143425,
                                    34.95409592986107
                                ],
                                [
                                    32.860052436590195,
                                    34.95012626051903
                                ],
                                [
                                    32.860934883356094,
                                    34.949450343847275
                                ],
                                [
                                    32.86171808838844,
                                    34.94613781571388
                                ],
                                [
                                    32.8609724342823,
                                    34.9383245408535
                                ],
                                [
                                    32.86176636815071,
                                    34.93650332093239
                                ],
                                [
                                    32.86022409796715,
                                    34.93222251534462
                                ],
                                [
                                    32.86071762442589,
                                    34.92890730500221
                                ],
                                [
                                    32.85960718989372,
                                    34.92699220776558
                                ],
                                [
                                    32.8594945371151,
                                    34.916091710329056
                                ],
                                [
                                    32.86011144518852,
                                    34.911397844552994
                                ],
                                [
                                    32.86197021603584,
                                    34.905888587236404
                                ],
                                [
                                    32.862330973148346,
                                    34.892578125
                                ],
                                [
                                    32.86081150174141,
                                    34.8884354531765
                                ],
                                [
                                    32.86144182085991,
                                    34.88237902522087
                                ],
                                [
                                    32.859699726104736,
                                    34.880218505859375
                                ],
                                [
                                    32.86039039492607,
                                    34.87328365445137
                                ],
                                [
                                    32.85925582051277,
                                    34.871263951063156
                                ],
                                [
                                    32.85701349377632,
                                    34.86965999007225
                                ],
                                [
                                    32.85696521401405,
                                    34.860173016786575
                                ],
                                [
                                    32.857946902513504,
                                    34.859027713537216
                                ],
                                [
                                    32.85794422030449,
                                    34.85548987984657
                                ],
                                [
                                    32.86122992634773,
                                    34.85092744231224
                                ],
                                [
                                    32.86122187972069,
                                    34.849460273981094
                                ],
                                [
                                    32.862698435783386,
                                    34.8486328125
                                ],
                                [
                                    32.86146864295006,
                                    34.848441034555435
                                ],
                                [
                                    32.86098048090935,
                                    34.84597608447075
                                ],
                                [
                                    32.86114141345024,
                                    34.84269306063652
                                ],
                                [
                                    32.86239132285118,
                                    34.83941540122032
                                ],
                                [
                                    32.86012887954712,
                                    34.828033447265625
                                ],
                                [
                                    32.86195144057274,
                                    34.82052192091942
                                ],
                                [
                                    32.86085173487663,
                                    34.81651470065117
                                ],
                                [
                                    32.861396223306656,
                                    34.81524869799614
                                ],
                                [
                                    32.860068529844284,
                                    34.813491851091385
                                ],
                                [
                                    32.861828058958054,
                                    34.81170013546944
                                ],
                                [
                                    32.86276549100876,
                                    34.8046875
                                ],
                                [
                                    32.85944625735283,
                                    34.80057969689369
                                ],
                                [
                                    32.86000147461891,
                                    34.79618087410927
                                ],
                                [
                                    32.85853162407875,
                                    34.79489341378212
                                ],
                                [
                                    32.85821512341499,
                                    34.792484790086746
                                ],
                                [
                                    32.85937920212746,
                                    34.79078695178032
                                ],
                                [
                                    32.85878375172615,
                                    34.78843465447426
                                ],
                                [
                                    32.8595669567585,
                                    34.78737786412239
                                ],
                                [
                                    32.859652787446976,
                                    34.783432334661484
                                ],
                                [
                                    32.86096170544624,
                                    34.77906838059425
                                ],
                                [
                                    32.86022946238518,
                                    34.777644127607346
                                ],
                                [
                                    32.86179855465889,
                                    34.77451667189598
                                ],
                                [
                                    32.86296799778938,
                                    34.76651027798653
                                ],
                                [
                                    32.86294385790825,
                                    34.76071938872337
                                ],
                                [
                                    32.860535234212875,
                                    34.75703403353691
                                ],
                                [
                                    32.85896614193916,
                                    34.74957749247551
                                ],
                                [
                                    32.86000683903694,
                                    34.746608287096024
                                ],
                                [
                                    32.85823658108711,
                                    34.73813250660896
                                ],
                                [
                                    32.85961389541626,
                                    34.729156494140625
                                ],
                                [
                                    32.86097779870033,
                                    34.727339297533035
                                ],
                                [
                                    32.86311149597168,
                                    34.716796875
                                ],
                                [
                                    32.86062374711037,
                                    34.712455719709396
                                ],
                                [
                                    32.86122187972069,
                                    34.710476249456406
                                ],
                                [
                                    32.8595669567585,
                                    34.70855578780174
                                ],
                                [
                                    32.8597466647625,
                                    34.70352128148079
                                ],
                                [
                                    32.85874083638191,
                                    34.70208093523979
                                ],
                                [
                                    32.85999611020088,
                                    34.69933703541756
                                ],
                                [
                                    32.858577221632004,
                                    34.691255539655685
                                ],
                                [
                                    32.860277742147446,
                                    34.68672797083855
                                ],
                                [
                                    32.863193303346634,
                                    34.684051126241684
                                ],
                                [
                                    32.8626112639904,
                                    34.680537432432175
                                ],
                                [
                                    32.86329388618469,
                                    34.6728515625
                                ],
                                [
                                    32.862168699502945,
                                    34.67165395617485
                                ],
                                [
                                    32.86117359995842,
                                    34.66749921441078
                                ],
                                [
                                    32.86240205168724,
                                    34.65598985552788
                                ],
                                [
                                    32.86179319024086,
                                    34.64952573180199
                                ],
                                [
                                    32.86335155367851,
                                    34.64353635907173
                                ],
                                [
                                    32.86220893263817,
                                    34.63292822241783
                                ],
                                [
                                    32.86341458559036,
                                    34.62890625
                                ]
                            ]
                        ]
                    },
                    "properties": {
                        "id": "9c1138a6-8f25-4484-ba65-efc32df8fb29",
                        "catalogId": "b590134f-7610-4c64-b5b7-5c15fb41a7d0",
                        "productId": "BM_Cyprus_BACKUP",
                        "productType": "Orthophoto",
                        "sourceId": "1040010077B38300",
                        "sourceName": "Cyprus_Strips",
                        "productVersion": "2.0",
                        "ingestionDateUTC": "2026-08-18T14:07:57.244Z",
                        "imagingTimeBeginUTC": "2022-06-01T00:00:00Z",
                        "imagingTimeEndUTC": "2022-06-01T00:00:00Z",
                        "resolutionDegree": 0.00274658203125,
                        "resolutionMeter": 305.75,
                        "sourceResolutionMeter": 0.32,
                        "horizontalAccuracyCe90": 8.5,
                        "sensors": "WV03",
                        "countries": "קפריסין",
                        "cities": "",
                        "description": null
                    },
                    "type": "Feature"
                },
                {
                    "__typename": "WfsFeature",
                    "id": "BM_Cyprus_BACKUP-Orthophoto.be26b199-c985-454e-b82f-36c8757ca76a",
                    "geometry": {
                        "type": "Polygon",
                        "coordinates": [
                            [
                                [
                                    32.8537318110466,
                                    35.24119824171066
                                ],
                                [
                                    32.8537318110466,
                                    35.244140625
                                ],
                                [
                                    32.87109375,
                                    35.244140625
                                ],
                                [
                                    32.87109375,
                                    35.42549550533295
                                ],
                                [
                                    32.90879487991333,
                                    35.42564034461975
                                ],
                                [
                                    32.91095674037933,
                                    35.42564034461975
                                ],
                                [
                                    32.91189283132553,
                                    35.42565107345581
                                ],
                                [
                                    32.923396825790405,
                                    35.42568325996399
                                ],
                                [
                                    32.924373149871826,
                                    35.42569398880005
                                ],
                                [
                                    32.92757302522659,
                                    35.425696671009064
                                ],
                                [
                                    32.92757302522659,
                                    35.42570471763611
                                ],
                                [
                                    32.958984375,
                                    35.425801277160645
                                ],
                                [
                                    32.958984375,
                                    35.419921875
                                ],
                                [
                                    33.0006605386734,
                                    35.419921875
                                ],
                                [
                                    32.9996882379055,
                                    35.40418401360512
                                ],
                                [
                                    33.00011470913887,
                                    35.39981737732887
                                ],
                                [
                                    32.999371737241745,
                                    35.39530321955681
                                ],
                                [
                                    33.000647127628326,
                                    35.37935882806778
                                ],
                                [
                                    33.000647127628326,
                                    35.3759765625
                                ],
                                [
                                    32.997244745492935,
                                    35.367199033498764
                                ],
                                [
                                    32.9978509247303,
                                    35.36221280694008
                                ],
                                [
                                    32.99683704972267,
                                    35.35011604428291
                                ],
                                [
                                    32.99686387181282,
                                    35.346728414297104
                                ],
                                [
                                    33.000342696905136,
                                    35.336560159921646
                                ],
                                [
                                    32.999639958143234,
                                    35.33363118767738
                                ],
                                [
                                    33.00062835216522,
                                    35.33203125
                                ],
                                [
                                    32.999760657548904,
                                    35.33142641186714
                                ],
                                [
                                    32.998593896627426,
                                    35.327826887369156
                                ],
                                [
                                    32.99963191151619,
                                    35.31542971730232
                                ],
                                [
                                    32.99811378121376,
                                    35.31449630856514
                                ],
                                [
                                    32.997842878103256,
                                    35.313265174627304
                                ],
                                [
                                    32.998647540807724,
                                    35.29689833521843
                                ],
                                [
                                    33.00057739019394,
                                    35.2880859375
                                ],
                                [
                                    32.99827739596367,
                                    35.28265044093132
                                ],
                                [
                                    32.99792870879173,
                                    35.27546212077141
                                ],
                                [
                                    32.99915447831154,
                                    35.27047589421272
                                ],
                                [
                                    32.998505383729935,
                                    35.25810554623604
                                ],
                                [
                                    32.99762561917305,
                                    35.2559731900692
                                ],
                                [
                                    33.00010934472084,
                                    35.24930790066719
                                ],
                                [
                                    33.00049692392349,
                                    35.244140625
                                ],
                                [
                                    32.99825057387352,
                                    35.242704302072525
                                ],
                                [
                                    32.998961359262466,
                                    35.23452624678612
                                ],
                                [
                                    32.997727543115616,
                                    35.23055657744408
                                ],
                                [
                                    32.99873873591423,
                                    35.222480446100235
                                ],
                                [
                                    32.99791261553764,
                                    35.21329119801521
                                ],
                                [
                                    32.99967482686043,
                                    35.21131977438927
                                ],
                                [
                                    33.000443279743195,
                                    35.2001953125
                                ],
                                [
                                    32.998336404562,
                                    35.19153580069542
                                ],
                                [
                                    32.99806281924248,
                                    35.18580660223961
                                ],
                                [
                                    32.99708381295204,
                                    35.184017568826675
                                ],
                                [
                                    32.997596114873886,
                                    35.17678365111351
                                ],
                                [
                                    32.99866631627083,
                                    35.17447426915169
                                ],
                                [
                                    32.998730689287186,
                                    35.16877457499504
                                ],
                                [
                                    33.00018176436424,
                                    35.16659393906593
                                ],
                                [
                                    32.999859899282455,
                                    35.162283629179
                                ],
                                [
                                    32.99831762909889,
                                    35.1583568751812
                                ],
                                [
                                    33.00038427114487,
                                    35.15625
                                ],
                                [
                                    32.99860194325447,
                                    35.15529379248619
                                ],
                                [
                                    33.00003424286842,
                                    35.152549892663956
                                ],
                                [
                                    32.998593896627426,
                                    35.14996960759163
                                ],
                                [
                                    32.99941465258598,
                                    35.14731153845787
                                ],
                                [
                                    32.998357862234116,
                                    35.13427600264549
                                ],
                                [
                                    33.0001924932003,
                                    35.13226971030235
                                ],
                                [
                                    33.00031319260597,
                                    35.12955531477928
                                ],
                                [
                                    32.998105734586716,
                                    35.12589141726494
                                ],
                                [
                                    32.99880310893059,
                                    35.119075924158096
                                ],
                                [
                                    32.99812451004982,
                                    35.11755242943764
                                ],
                                [
                                    32.999629229307175,
                                    35.115336924791336
                                ],
                                [
                                    33.00030916929245,
                                    35.1123046875
                                ],
                                [
                                    33.000285029411316,
                                    35.0970134139061
                                ],
                                [
                                    32.99952730536461,
                                    35.09554222226143
                                ],
                                [
                                    32.99987331032753,
                                    35.09102001786232
                                ],
                                [
                                    32.99887552857399,
                                    35.088407546281815
                                ],
                                [
                                    33.00016835331917,
                                    35.084767788648605
                                ],
                                [
                                    33.000138849020004,
                                    35.07427230477333
                                ],
                                [
                                    32.99928590655327,
                                    35.07073178887367
                                ],
                                [
                                    33.00023943185806,
                                    35.068359375
                                ],
                                [
                                    33.000018149614334,
                                    35.06412282586098
                                ],
                                [
                                    32.99623891711235,
                                    35.059933215379715
                                ],
                                [
                                    32.99563005566597,
                                    35.05560413002968
                                ],
                                [
                                    32.99471274018288,
                                    35.05463317036629
                                ],
                                [
                                    32.99460545182228,
                                    35.050601810216904
                                ],
                                [
                                    32.99533769488335,
                                    35.04831925034523
                                ],
                                [
                                    32.99429431557655,
                                    35.046232491731644
                                ],
                                [
                                    32.99605116248131,
                                    35.040927082300186
                                ],
                                [
                                    32.99594387412071,
                                    35.03841385245323
                                ],
                                [
                                    32.99781337380409,
                                    35.03409281373024
                                ],
                                [
                                    32.99810171127319,
                                    35.02716064453125
                                ],
                                [
                                    33.0001562833786,
                                    35.0244140625
                                ],
                                [
                                    32.999234944581985,
                                    35.021706372499466
                                ],
                                [
                                    32.997512966394424,
                                    35.01965180039406
                                ],
                                [
                                    32.99831494688988,
                                    35.01032039523125
                                ],
                                [
                                    32.997534424066544,
                                    35.007874220609665
                                ],
                                [
                                    32.99817010760307,
                                    35.005489736795425
                                ],
                                [
                                    32.99623355269432,
                                    35.001750737428665
                                ],
                                [
                                    32.99657687544823,
                                    34.99844089150429
                                ],
                                [
                                    32.99580976366997,
                                    34.9957774579525
                                ],
                                [
                                    32.997035533189774,
                                    34.985244423151016
                                ],
                                [
                                    32.9991652071476,
                                    34.9829538166523
                                ],
                                [
                                    33.00004094839096,
                                    34.98046875
                                ],
                                [
                                    32.99933686852455,
                                    34.9741293489933
                                ],
                                [
                                    32.99839809536934,
                                    34.972798973321915
                                ],
                                [
                                    32.99830958247185,
                                    34.968523532152176
                                ],
                                [
                                    32.99998730421066,
                                    34.96490657329559
                                ],
                                [
                                    32.99991086125374,
                                    34.958298951387405
                                ],
                                [
                                    32.9980494081974,
                                    34.951960891485214
                                ],
                                [
                                    32.99933686852455,
                                    34.948846846818924
                                ],
                                [
                                    32.99887016415596,
                                    34.94764253497124
                                ],
                                [
                                    32.99990013241768,
                                    34.94637116789818
                                ],
                                [
                                    32.999371737241745,
                                    34.9432410299778
                                ],
                                [
                                    32.999928295612335,
                                    34.9365234375
                                ],
                                [
                                    32.99784556031227,
                                    34.93222787976265
                                ],
                                [
                                    32.99816474318504,
                                    34.92737576365471
                                ],
                                [
                                    32.99730107188225,
                                    34.92257997393608
                                ],
                                [
                                    32.99916252493858,
                                    34.90432217717171
                                ],
                                [
                                    32.997732907533646,
                                    34.898641258478165
                                ],
                                [
                                    32.99883529543877,
                                    34.896393567323685
                                ],
                                [
                                    32.998872846364975,
                                    34.893641620874405
                                ],
                                [
                                    32.99993097782135,
                                    34.892578125
                                ],
                                [
                                    32.998530864715576,
                                    34.888458251953125
                                ],
                                [
                                    32.99945488572121,
                                    34.87981215119362
                                ],
                                [
                                    32.99852415919304,
                                    34.87883850932121
                                ],
                                [
                                    32.99856171011925,
                                    34.87658813595772
                                ],
                                [
                                    32.99784019589424,
                                    34.875780791044235
                                ],
                                [
                                    32.99895867705345,
                                    34.87180843949318
                                ],
                                [
                                    32.997864335775375,
                                    34.87079992890358
                                ],
                                [
                                    32.99818888306618,
                                    34.86923083662987
                                ],
                                [
                                    32.996985912323,
                                    34.8651123046875
                                ],
                                [
                                    32.998231798410416,
                                    34.86099377274513
                                ],
                                [
                                    32.998274713754654,
                                    34.856712967157364
                                ],
                                [
                                    32.9998853802681,
                                    34.85420644283295
                                ],
                                [
                                    32.99988403916359,
                                    34.84862610697746
                                ],
                                [
                                    32.99731448292732,
                                    34.84701678156853
                                ],
                                [
                                    32.99582853913307,
                                    34.84451696276665
                                ],
                                [
                                    32.99506142735481,
                                    34.84108105301857
                                ],
                                [
                                    32.99578294157982,
                                    34.82865169644356
                                ],
                                [
                                    32.99479588866234,
                                    34.82747420668602
                                ],
                                [
                                    32.99443379044533,
                                    34.82021078467369
                                ],
                                [
                                    32.99484148621559,
                                    34.81678023934364
                                ],
                                [
                                    32.99705430865288,
                                    34.81265231966972
                                ],
                                [
                                    32.99742713570595,
                                    34.808360785245895
                                ],
                                [
                                    32.99988269805908,
                                    34.8046875
                                ],
                                [
                                    32.99606457352638,
                                    34.801102727651596
                                ],
                                [
                                    32.991793155670166,
                                    34.7991943359375
                                ],
                                [
                                    32.991520911455154,
                                    34.795132130384445
                                ],
                                [
                                    32.98985257744789,
                                    34.791377037763596
                                ],
                                [
                                    32.98896476626396,
                                    34.7833089530468
                                ],
                                [
                                    32.98944756388664,
                                    34.78033974766731
                                ],
                                [
                                    32.993473559617996,
                                    34.77455422282219
                                ],
                                [
                                    32.99606993794441,
                                    34.77320775389671
                                ],
                                [
                                    32.997502237558365,
                                    34.77033779025078
                                ],
                                [
                                    32.997842878103256,
                                    34.76711913943291
                                ],
                                [
                                    32.99964800477028,
                                    34.76446107029915
                                ],
                                [
                                    32.99986928701401,
                                    34.76013332605362
                                ],
                                [
                                    32.9864501953125,
                                    34.75917041301727
                                ],
                                [
                                    32.985076904296875,
                                    34.75819140672684
                                ],
                                [
                                    32.984808683395386,
                                    34.751129150390625
                                ],
                                [
                                    32.985730022192,
                                    34.73937973380089
                                ],
                                [
                                    32.985208332538605,
                                    34.73876953125
                                ],
                                [
                                    32.985901683568954,
                                    34.73794475197792
                                ],
                                [
                                    32.98523247241974,
                                    34.737396240234375
                                ],
                                [
                                    32.985197603702545,
                                    34.73052978515625
                                ],
                                [
                                    32.98551142215729,
                                    34.720916748046875
                                ],
                                [
                                    32.98606798052788,
                                    34.72035750746727
                                ],
                                [
                                    32.98533171415329,
                                    34.71954345703125
                                ],
                                [
                                    32.98522710800171,
                                    34.716796875
                                ],
                                [
                                    32.9854054749012,
                                    34.713858515024185
                                ],
                                [
                                    32.98733934760094,
                                    34.70974937081337
                                ],
                                [
                                    32.98658564686775,
                                    34.69929680228233
                                ],
                                [
                                    32.98747345805168,
                                    34.693130403757095
                                ],
                                [
                                    32.9886831343174,
                                    34.69068691134453
                                ],
                                [
                                    32.98645690083504,
                                    34.680532068014145
                                ],
                                [
                                    32.985833287239075,
                                    34.6728515625
                                ],
                                [
                                    32.986532002687454,
                                    34.67248275876045
                                ],
                                [
                                    32.98666074872017,
                                    34.66850504279137
                                ],
                                [
                                    32.98870995640755,
                                    34.663033336400986
                                ],
                                [
                                    32.98862412571907,
                                    34.66045841574669
                                ],
                                [
                                    32.99016371369362,
                                    34.658811539411545
                                ],
                                [
                                    32.98920080065727,
                                    34.650220423936844
                                ],
                                [
                                    32.98972651362419,
                                    34.647337049245834
                                ],
                                [
                                    32.98889771103859,
                                    34.6437831223011
                                ],
                                [
                                    32.98909083008766,
                                    34.63148519396782
                                ],
                                [
                                    32.98595130443573,
                                    34.62890625
                                ],
                                [
                                    32.9864327609539,
                                    34.62776765227318
                                ],
                                [
                                    32.98782482743263,
                                    34.62746724486351
                                ],
                                [
                                    32.98833176493645,
                                    34.62607517838478
                                ],
                                [
                                    32.9892061650753,
                                    34.62600812315941
                                ],
                                [
                                    32.991131991147995,
                                    34.622717052698135
                                ],
                                [
                                    32.9915289580822,
                                    34.61603835225105
                                ],
                                [
                                    32.99345746636391,
                                    34.61391940712929
                                ],
                                [
                                    32.99382761120796,
                                    34.6121384203434
                                ],
                                [
                                    32.99587145447731,
                                    34.61081877350807
                                ],
                                [
                                    32.996367663145065,
                                    34.60298404097557
                                ],
                                [
                                    32.99801990389824,
                                    34.60120037198067
                                ],
                                [
                                    32.99981564283371,
                                    34.60109978914261
                                ],
                                [
                                    32.999393194913864,
                                    34.592630714178085
                                ],
                                [
                                    32.99848660826683,
                                    34.59245100617409
                                ],
                                [
                                    32.99792870879173,
                                    34.589001685380936
                                ],
                                [
                                    32.999791502952576,
                                    34.5849609375
                                ],
                                [
                                    32.99908474087715,
                                    34.58249196410179
                                ],
                                [
                                    32.999513894319534,
                                    34.5771087706089
                                ],
                                [
                                    32.99893453717232,
                                    34.57052394747734
                                ],
                                [
                                    32.99749419093132,
                                    34.569644182920456
                                ],
                                [
                                    32.99730911850929,
                                    34.568573981523514
                                ],
                                [
                                    32.99975663423538,
                                    34.541015625
                                ],
                                [
                                    32.87109375,
                                    34.541015625
                                ],
                                [
                                    32.87109375,
                                    34.62890625
                                ],
                                [
                                    32.86341458559036,
                                    34.62890625
                                ],
                                [
                                    32.86220893263817,
                                    34.63292822241783
                                ],
                                [
                                    32.86335155367851,
                                    34.64353635907173
                                ],
                                [
                                    32.86179319024086,
                                    34.64952573180199
                                ],
                                [
                                    32.86240205168724,
                                    34.65598985552788
                                ],
                                [
                                    32.86117359995842,
                                    34.66749921441078
                                ],
                                [
                                    32.862168699502945,
                                    34.67165395617485
                                ],
                                [
                                    32.86329388618469,
                                    34.6728515625
                                ],
                                [
                                    32.8626112639904,
                                    34.680537432432175
                                ],
                                [
                                    32.863193303346634,
                                    34.684051126241684
                                ],
                                [
                                    32.860277742147446,
                                    34.68672797083855
                                ],
                                [
                                    32.858577221632004,
                                    34.691255539655685
                                ],
                                [
                                    32.85999611020088,
                                    34.69933703541756
                                ],
                                [
                                    32.85874083638191,
                                    34.70208093523979
                                ],
                                [
                                    32.8597466647625,
                                    34.70352128148079
                                ],
                                [
                                    32.8595669567585,
                                    34.70855578780174
                                ],
                                [
                                    32.86122187972069,
                                    34.710476249456406
                                ],
                                [
                                    32.86062374711037,
                                    34.712455719709396
                                ],
                                [
                                    32.86311149597168,
                                    34.716796875
                                ],
                                [
                                    32.86097779870033,
                                    34.727339297533035
                                ],
                                [
                                    32.85961389541626,
                                    34.729156494140625
                                ],
                                [
                                    32.85823658108711,
                                    34.73813250660896
                                ],
                                [
                                    32.86000683903694,
                                    34.746608287096024
                                ],
                                [
                                    32.85896614193916,
                                    34.74957749247551
                                ],
                                [
                                    32.860535234212875,
                                    34.75703403353691
                                ],
                                [
                                    32.86294385790825,
                                    34.76071938872337
                                ],
                                [
                                    32.86296799778938,
                                    34.76651027798653
                                ],
                                [
                                    32.86179855465889,
                                    34.77451667189598
                                ],
                                [
                                    32.86022946238518,
                                    34.777644127607346
                                ],
                                [
                                    32.86096170544624,
                                    34.77906838059425
                                ],
                                [
                                    32.859652787446976,
                                    34.783432334661484
                                ],
                                [
                                    32.8595669567585,
                                    34.78737786412239
                                ],
                                [
                                    32.85878375172615,
                                    34.78843465447426
                                ],
                                [
                                    32.85937920212746,
                                    34.79078695178032
                                ],
                                [
                                    32.85821512341499,
                                    34.792484790086746
                                ],
                                [
                                    32.85853162407875,
                                    34.79489341378212
                                ],
                                [
                                    32.86000147461891,
                                    34.79618087410927
                                ],
                                [
                                    32.85944625735283,
                                    34.80057969689369
                                ],
                                [
                                    32.86276549100876,
                                    34.8046875
                                ],
                                [
                                    32.861828058958054,
                                    34.81170013546944
                                ],
                                [
                                    32.860068529844284,
                                    34.813491851091385
                                ],
                                [
                                    32.861396223306656,
                                    34.81524869799614
                                ],
                                [
                                    32.86085173487663,
                                    34.81651470065117
                                ],
                                [
                                    32.86195144057274,
                                    34.82052192091942
                                ],
                                [
                                    32.86012887954712,
                                    34.828033447265625
                                ],
                                [
                                    32.86239132285118,
                                    34.83941540122032
                                ],
                                [
                                    32.86114141345024,
                                    34.84269306063652
                                ],
                                [
                                    32.86098048090935,
                                    34.84597608447075
                                ],
                                [
                                    32.86146864295006,
                                    34.848441034555435
                                ],
                                [
                                    32.862698435783386,
                                    34.8486328125
                                ],
                                [
                                    32.86122187972069,
                                    34.849460273981094
                                ],
                                [
                                    32.86122992634773,
                                    34.85092744231224
                                ],
                                [
                                    32.85794422030449,
                                    34.85548987984657
                                ],
                                [
                                    32.857946902513504,
                                    34.859027713537216
                                ],
                                [
                                    32.85696521401405,
                                    34.860173016786575
                                ],
                                [
                                    32.85701349377632,
                                    34.86965999007225
                                ],
                                [
                                    32.85925582051277,
                                    34.871263951063156
                                ],
                                [
                                    32.86039039492607,
                                    34.87328365445137
                                ],
                                [
                                    32.859699726104736,
                                    34.880218505859375
                                ],
                                [
                                    32.86144182085991,
                                    34.88237902522087
                                ],
                                [
                                    32.86081150174141,
                                    34.8884354531765
                                ],
                                [
                                    32.862330973148346,
                                    34.892578125
                                ],
                                [
                                    32.86197021603584,
                                    34.905888587236404
                                ],
                                [
                                    32.86011144518852,
                                    34.911397844552994
                                ],
                                [
                                    32.8594945371151,
                                    34.916091710329056
                                ],
                                [
                                    32.85960718989372,
                                    34.92699220776558
                                ],
                                [
                                    32.86071762442589,
                                    34.92890730500221
                                ],
                                [
                                    32.86022409796715,
                                    34.93222251534462
                                ],
                                [
                                    32.86176636815071,
                                    34.93650332093239
                                ],
                                [
                                    32.8609724342823,
                                    34.9383245408535
                                ],
                                [
                                    32.86171808838844,
                                    34.94613781571388
                                ],
                                [
                                    32.860934883356094,
                                    34.949450343847275
                                ],
                                [
                                    32.860052436590195,
                                    34.95012626051903
                                ],
                                [
                                    32.86042258143425,
                                    34.95409592986107
                                ],
                                [
                                    32.859116345644,
                                    34.961412996053696
                                ],
                                [
                                    32.860918790102005,
                                    34.966302663087845
                                ],
                                [
                                    32.860814183950424,
                                    34.97562602162361
                                ],
                                [
                                    32.86243557929993,
                                    34.98046875
                                ],
                                [
                                    32.86140963435173,
                                    34.98085364699364
                                ],
                                [
                                    32.86048963665962,
                                    34.982771426439285
                                ],
                                [
                                    32.85950258374214,
                                    34.98287871479988
                                ],
                                [
                                    32.858644276857376,
                                    34.985617250204086
                                ],
                                [
                                    32.858534306287766,
                                    34.989619106054306
                                ],
                                [
                                    32.860792726278305,
                                    34.993905276060104
                                ],
                                [
                                    32.86033675074577,
                                    35.000189691782
                                ],
                                [
                                    32.86094292998314,
                                    35.00197872519493
                                ],
                                [
                                    32.85978689789772,
                                    35.00459924340248
                                ],
                                [
                                    32.85942479968071,
                                    35.00929042696953
                                ],
                                [
                                    32.857279032468796,
                                    35.01504376530647
                                ],
                                [
                                    32.85893663764,
                                    35.022264271974564
                                ],
                                [
                                    32.86080613732338,
                                    35.02398356795311
                                ],
                                [
                                    32.862845957279205,
                                    35.0244140625
                                ],
                                [
                                    32.861559838056564,
                                    35.031002908945084
                                ],
                                [
                                    32.85968765616417,
                                    35.03238424658775
                                ],
                                [
                                    32.86098316311836,
                                    35.03765478730202
                                ],
                                [
                                    32.85952806472778,
                                    35.039520263671875
                                ],
                                [
                                    32.8583063185215,
                                    35.04885569214821
                                ],
                                [
                                    32.85852089524269,
                                    35.05087003111839
                                ],
                                [
                                    32.85962596535683,
                                    35.05181685090065
                                ],
                                [
                                    32.85903587937355,
                                    35.05357638001442
                                ],
                                [
                                    32.859422117471695,
                                    35.056293457746506
                                ],
                                [
                                    32.86260321736336,
                                    35.06337448954582
                                ],
                                [
                                    32.86258444190025,
                                    35.06779745221138
                                ],
                                [
                                    32.8632590174675,
                                    35.068359375
                                ],
                                [
                                    32.86321207880974,
                                    35.07770016789436
                                ],
                                [
                                    32.862294763326645,
                                    35.08133456110954
                                ],
                                [
                                    32.86342799663544,
                                    35.1123046875
                                ],
                                [
                                    32.85974398255348,
                                    35.11307314038277
                                ],
                                [
                                    32.85760626196861,
                                    35.11815324425697
                                ],
                                [
                                    32.854800671339035,
                                    35.11912152171135
                                ],
                                [
                                    32.854317873716354,
                                    35.12205317616463
                                ],
                                [
                                    32.85481408238411,
                                    35.12807473540306
                                ],
                                [
                                    32.85623833537102,
                                    35.13216778635979
                                ],
                                [
                                    32.85622224211693,
                                    35.14326140284538
                                ],
                                [
                                    32.857394367456436,
                                    35.14576658606529
                                ],
                                [
                                    32.85771623253822,
                                    35.15106663107872
                                ],
                                [
                                    32.85897150635719,
                                    35.152340680360794
                                ],
                                [
                                    32.86177173256874,
                                    35.15329286456108
                                ],
                                [
                                    32.86353260278702,
                                    35.15625
                                ],
                                [
                                    32.86220356822014,
                                    35.171829611063
                                ],
                                [
                                    32.86326304078102,
                                    35.18096789717674
                                ],
                                [
                                    32.86274537444115,
                                    35.18234118819237
                                ],
                                [
                                    32.86353528499603,
                                    35.2001953125
                                ],
                                [
                                    32.86149010062218,
                                    35.20124539732933
                                ],
                                [
                                    32.85785302519798,
                                    35.20095840096474
                                ],
                                [
                                    32.85377472639084,
                                    35.202314257621765
                                ],
                                [
                                    32.8537318110466,
                                    35.24119824171066
                                ]
                            ]
                        ]
                    },
                    "properties": {
                        "id": "be26b199-c985-454e-b82f-36c8757ca76a",
                        "catalogId": "b590134f-7610-4c64-b5b7-5c15fb41a7d0",
                        "productId": "BM_Cyprus_BACKUP",
                        "productType": "Orthophoto",
                        "sourceId": "10400100786D3E00",
                        "sourceName": "Cyprus_Strips",
                        "productVersion": "2.0",
                        "ingestionDateUTC": "2026-08-18T14:07:57.244Z",
                        "imagingTimeBeginUTC": "2022-06-01T00:00:00Z",
                        "imagingTimeEndUTC": "2022-06-01T00:00:00Z",
                        "resolutionDegree": 0.00274658203125,
                        "resolutionMeter": 305.75,
                        "sourceResolutionMeter": 0.32,
                        "horizontalAccuracyCe90": 8.5,
                        "sensors": "WV03",
                        "countries": "קפריסין",
                        "cities": "",
                        "description": null
                    },
                    "type": "Feature"
                },
                {
                    "__typename": "WfsFeature",
                    "id": "BM_Cyprus_BACKUP-Orthophoto.c960f66c-8171-418e-811e-36ea4e2cb7a1",
                    "geometry": {
                        "type": "Polygon",
                        "coordinates": [
                            [
                                [
                                    33.38047876954079,
                                    34.99608591198921
                                ],
                                [
                                    33.37783679366112,
                                    34.99446585774422
                                ],
                                [
                                    33.37275668978691,
                                    34.99375507235527
                                ],
                                [
                                    33.36959972977638,
                                    34.991174787282944
                                ],
                                [
                                    33.35962191224098,
                                    34.99061420559883
                                ],
                                [
                                    33.35546985268593,
                                    34.989546686410904
                                ],
                                [
                                    33.3544921875,
                                    34.98859316110611
                                ],
                                [
                                    33.3529968559742,
                                    34.98891368508339
                                ],
                                [
                                    33.350840359926224,
                                    34.99118283390999
                                ],
                                [
                                    33.34140434861183,
                                    34.990270882844925
                                ],
                                [
                                    33.33954557776451,
                                    34.9924997985363
                                ],
                                [
                                    33.33775386214256,
                                    34.99322131276131
                                ],
                                [
                                    33.33674266934395,
                                    34.99527856707573
                                ],
                                [
                                    33.334685415029526,
                                    34.99556556344032
                                ],
                                [
                                    33.32790479063988,
                                    34.994629472494125
                                ],
                                [
                                    33.32466468214989,
                                    34.9957050383091
                                ],
                                [
                                    33.32222655415535,
                                    34.99510958790779
                                ],
                                [
                                    33.31739857792854,
                                    34.99619588255882
                                ],
                                [
                                    33.31415310502052,
                                    34.99556019902229
                                ],
                                [
                                    33.31332966685295,
                                    34.994152039289474
                                ],
                                [
                                    33.31122413277626,
                                    34.99383822083473
                                ],
                                [
                                    33.310546875,
                                    34.992718398571014
                                ],
                                [
                                    33.309861570596695,
                                    34.99587669968605
                                ],
                                [
                                    33.3057014644146,
                                    34.9991811811924
                                ],
                                [
                                    33.29671874642372,
                                    35.00133231282234
                                ],
                                [
                                    33.29316481947899,
                                    35.002721697092056
                                ],
                                [
                                    33.29083397984505,
                                    35.00207796692848
                                ],
                                [
                                    33.29032972455025,
                                    35.00206455588341
                                ],
                                [
                                    33.289264887571335,
                                    35.00231668353081
                                ],
                                [
                                    33.2858370244503,
                                    35.00001534819603
                                ],
                                [
                                    33.27425256371498,
                                    34.99987319111824
                                ],
                                [
                                    33.270642310380936,
                                    34.99855354428291
                                ],
                                [
                                    33.26973840594292,
                                    34.997488707304
                                ],
                                [
                                    33.2666015625,
                                    34.99690800905228
                                ],
                                [
                                    33.25946420431137,
                                    34.99751687049866
                                ],
                                [
                                    33.26661095023155,
                                    34.997754245996475
                                ],
                                [
                                    33.26727882027626,
                                    34.99973639845848
                                ],
                                [
                                    33.26915368437767,
                                    35.000160187482834
                                ],
                                [
                                    33.27074959874153,
                                    35.00079318881035
                                ],
                                [
                                    33.27141210436821,
                                    35.001377910375595
                                ],
                                [
                                    33.272144347429276,
                                    35.001471787691116
                                ],
                                [
                                    33.273032158613205,
                                    35.001761466264725
                                ],
                                [
                                    33.273919969797134,
                                    35.00228449702263
                                ],
                                [
                                    33.274502009153366,
                                    35.00206723809242
                                ],
                                [
                                    33.277143985033035,
                                    35.002112835645676
                                ],
                                [
                                    33.28033581376076,
                                    35.0026760995388
                                ],
                                [
                                    33.28334793448448,
                                    35.003845542669296
                                ],
                                [
                                    33.285010904073715,
                                    35.00395014882088
                                ],
                                [
                                    33.289763778448105,
                                    35.00224158167839
                                ],
                                [
                                    33.29132214188576,
                                    35.00250443816185
                                ],
                                [
                                    33.292038291692734,
                                    35.00410035252571
                                ],
                                [
                                    33.293019980192184,
                                    35.00441953539848
                                ],
                                [
                                    33.2967509329319,
                                    35.00145301222801
                                ],
                                [
                                    33.300771564245224,
                                    35.00170782208443
                                ],
                                [
                                    33.301737159490585,
                                    35.00067517161369
                                ],
                                [
                                    33.30714985728264,
                                    35.000364035367966
                                ],
                                [
                                    33.310546875,
                                    34.9992361664772
                                ],
                                [
                                    33.31095725297928,
                                    34.99924957752228
                                ],
                                [
                                    33.311012238264084,
                                    34.99924823641777
                                ],
                                [
                                    33.3110336959362,
                                    34.99925896525383
                                ],
                                [
                                    33.31106051802635,
                                    34.99967470765114
                                ],
                                [
                                    33.311199992895126,
                                    34.999755173921585
                                ],
                                [
                                    33.31566050648689,
                                    34.99957010149956
                                ],
                                [
                                    33.318704813718796,
                                    34.998642057180405
                                ],
                                [
                                    33.32170620560646,
                                    34.99917313456535
                                ],
                                [
                                    33.32651004195213,
                                    35.00142619013786
                                ],
                                [
                                    33.334948271512985,
                                    35.00039353966713
                                ],
                                [
                                    33.339727967977524,
                                    35.001125782728195
                                ],
                                [
                                    33.344075828790665,
                                    35.00038281083107
                                ],
                                [
                                    33.34824934601784,
                                    34.99832019209862
                                ],
                                [
                                    33.3544921875,
                                    34.99795138835907
                                ],
                                [
                                    33.361563831567764,
                                    35.00238373875618
                                ],
                                [
                                    33.3705760538578,
                                    35.001367181539536
                                ],
                                [
                                    33.37273254990578,
                                    35.00292286276817
                                ],
                                [
                                    33.37551400065422,
                                    35.0026573240757
                                ],
                                [
                                    33.37974652647972,
                                    35.000358670949936
                                ],
                                [
                                    33.38114261627197,
                                    34.99751955270767
                                ],
                                [
                                    33.38047876954079,
                                    34.99608591198921
                                ]
                            ]
                        ]
                    },
                    "properties": {
                        "id": "c960f66c-8171-418e-811e-36ea4e2cb7a1",
                        "catalogId": "b590134f-7610-4c64-b5b7-5c15fb41a7d0",
                        "productId": "BM_Cyprus_BACKUP",
                        "productType": "Orthophoto",
                        "sourceId": "10500500F0DD4700",
                        "sourceName": "Cyprus_Strips",
                        "productVersion": "2.0",
                        "ingestionDateUTC": "2026-08-18T14:07:57.244Z",
                        "imagingTimeBeginUTC": "2021-09-04T00:00:00Z",
                        "imagingTimeEndUTC": "2021-09-04T00:00:00Z",
                        "resolutionDegree": 0.00274658203125,
                        "resolutionMeter": 305.75,
                        "sourceResolutionMeter": 0.5,
                        "horizontalAccuracyCe90": 8.5,
                        "sensors": "GE01",
                        "countries": "קפריסין",
                        "cities": "",
                        "description": null
                    },
                    "type": "Feature"
                },
                {
                    "__typename": "WfsFeature",
                    "id": "BM_Cyprus_BACKUP-Orthophoto.cef3c868-a63d-4afc-8949-1742ffbb9759",
                    "geometry": {
                        "type": "Polygon",
                        "coordinates": [
                            [
                                [
                                    33.38769927620888,
                                    34.8304782807827
                                ],
                                [
                                    33.38453158736229,
                                    34.829225689172745
                                ],
                                [
                                    33.37770000100136,
                                    34.828815311193466
                                ],
                                [
                                    33.37367132306099,
                                    34.826074093580246
                                ],
                                [
                                    33.3684678375721,
                                    34.82738837599754
                                ],
                                [
                                    33.36436673998833,
                                    34.829593151807785
                                ],
                                [
                                    33.358197659254074,
                                    34.83062580227852
                                ],
                                [
                                    33.3544921875,
                                    34.83279973268509
                                ],
                                [
                                    33.34078475832939,
                                    34.832071512937546
                                ],
                                [
                                    33.337458819150925,
                                    34.82921227812767
                                ],
                                [
                                    33.334948271512985,
                                    34.829813092947006
                                ],
                                [
                                    33.33351328969002,
                                    34.831183701753616
                                ],
                                [
                                    33.32818642258644,
                                    34.83167991042137
                                ],
                                [
                                    33.32664951682091,
                                    34.832712560892105
                                ],
                                [
                                    33.3225055038929,
                                    34.83207419514656
                                ],
                                [
                                    33.3179135620594,
                                    34.83276888728142
                                ],
                                [
                                    33.313249200582504,
                                    34.831741601228714
                                ],
                                [
                                    33.310546875,
                                    34.83279973268509
                                ],
                                [
                                    33.3102048933506,
                                    34.831846207380295
                                ],
                                [
                                    33.30454006791115,
                                    34.83164504170418
                                ],
                                [
                                    33.30214485526085,
                                    34.83021005988121
                                ],
                                [
                                    33.299116641283035,
                                    34.832229763269424
                                ],
                                [
                                    33.29292878508568,
                                    34.832581132650375
                                ],
                                [
                                    33.28993812203407,
                                    34.830223470926285
                                ],
                                [
                                    33.28721031546593,
                                    34.82968434691429
                                ],
                                [
                                    33.28181907534599,
                                    34.82978627085686
                                ],
                                [
                                    33.28018292784691,
                                    34.83053997159004
                                ],
                                [
                                    33.274528831243515,
                                    34.830075949430466
                                ],
                                [
                                    33.27176347374916,
                                    34.8319374024868
                                ],
                                [
                                    33.267391473054886,
                                    34.83203664422035
                                ],
                                [
                                    33.2666015625,
                                    34.83276218175888
                                ],
                                [
                                    33.2556326687336,
                                    34.83202859759331
                                ],
                                [
                                    33.25297459959984,
                                    34.830070585012436
                                ],
                                [
                                    33.249152451753616,
                                    34.82975408434868
                                ],
                                [
                                    33.24175626039505,
                                    34.83273267745972
                                ],
                                [
                                    33.24224308133125,
                                    34.838814586400986
                                ],
                                [
                                    33.24152559041977,
                                    34.8486328125
                                ],
                                [
                                    33.24225649237633,
                                    34.85143169760704
                                ],
                                [
                                    33.244925290346146,
                                    34.857075065374374
                                ],
                                [
                                    33.246542662382126,
                                    34.85793337225914
                                ],
                                [
                                    33.24656143784523,
                                    34.8593844473362
                                ],
                                [
                                    33.25035139918327,
                                    34.861543625593185
                                ],
                                [
                                    33.250928074121475,
                                    34.8636169731617
                                ],
                                [
                                    33.248307555913925,
                                    34.88308444619179
                                ],
                                [
                                    33.24539467692375,
                                    34.88823428750038
                                ],
                                [
                                    33.244584649801254,
                                    34.89156827330589
                                ],
                                [
                                    33.240739703178406,
                                    34.892578125
                                ],
                                [
                                    33.24429765343666,
                                    34.89749327301979
                                ],
                                [
                                    33.244058936834335,
                                    34.89881828427315
                                ],
                                [
                                    33.246531933546066,
                                    34.905478209257126
                                ],
                                [
                                    33.2455287873745,
                                    34.91010770201683
                                ],
                                [
                                    33.246448785066605,
                                    34.91328343749046
                                ],
                                [
                                    33.24437007308006,
                                    34.92043420672417
                                ],
                                [
                                    33.243664652109146,
                                    34.93240490555763
                                ],
                                [
                                    33.240661919116974,
                                    34.9365234375
                                ],
                                [
                                    33.24314162135124,
                                    34.942591935396194
                                ],
                                [
                                    33.241843432188034,
                                    34.949214309453964
                                ],
                                [
                                    33.242058008909225,
                                    34.95804950594902
                                ],
                                [
                                    33.24237182736397,
                                    34.96233567595482
                                ],
                                [
                                    33.244201093912125,
                                    34.96651992201805
                                ],
                                [
                                    33.242809027433395,
                                    34.97125133872032
                                ],
                                [
                                    33.2430799305439,
                                    34.97562065720558
                                ],
                                [
                                    33.24154704809189,
                                    34.98046875
                                ],
                                [
                                    33.24154436588287,
                                    34.983480870723724
                                ],
                                [
                                    33.24264004826546,
                                    34.98775228857994
                                ],
                                [
                                    33.24470266699791,
                                    34.99083146452904
                                ],
                                [
                                    33.242945820093155,
                                    34.99295309185982
                                ],
                                [
                                    33.2417106628418,
                                    34.99689996242523
                                ],
                                [
                                    33.24669286608696,
                                    34.99762013554573
                                ],
                                [
                                    33.25946420431137,
                                    34.99751687049866
                                ],
                                [
                                    33.2666015625,
                                    34.99690800905228
                                ],
                                [
                                    33.26973840594292,
                                    34.997488707304
                                ],
                                [
                                    33.270642310380936,
                                    34.99855354428291
                                ],
                                [
                                    33.27425256371498,
                                    34.99987319111824
                                ],
                                [
                                    33.2858370244503,
                                    35.00001534819603
                                ],
                                [
                                    33.289264887571335,
                                    35.00231668353081
                                ],
                                [
                                    33.29032972455025,
                                    35.00206455588341
                                ],
                                [
                                    33.29083397984505,
                                    35.00207796692848
                                ],
                                [
                                    33.29316481947899,
                                    35.002721697092056
                                ],
                                [
                                    33.29671874642372,
                                    35.00133231282234
                                ],
                                [
                                    33.3057014644146,
                                    34.9991811811924
                                ],
                                [
                                    33.309861570596695,
                                    34.99587669968605
                                ],
                                [
                                    33.310546875,
                                    34.992718398571014
                                ],
                                [
                                    33.31122413277626,
                                    34.99383822083473
                                ],
                                [
                                    33.31332966685295,
                                    34.994152039289474
                                ],
                                [
                                    33.31415310502052,
                                    34.99556019902229
                                ],
                                [
                                    33.31739857792854,
                                    34.99619588255882
                                ],
                                [
                                    33.32222655415535,
                                    34.99510958790779
                                ],
                                [
                                    33.32466468214989,
                                    34.9957050383091
                                ],
                                [
                                    33.32790479063988,
                                    34.994629472494125
                                ],
                                [
                                    33.334685415029526,
                                    34.99556556344032
                                ],
                                [
                                    33.33674266934395,
                                    34.99527856707573
                                ],
                                [
                                    33.33775386214256,
                                    34.99322131276131
                                ],
                                [
                                    33.33954557776451,
                                    34.9924997985363
                                ],
                                [
                                    33.34140434861183,
                                    34.990270882844925
                                ],
                                [
                                    33.350840359926224,
                                    34.99118283390999
                                ],
                                [
                                    33.3529968559742,
                                    34.98891368508339
                                ],
                                [
                                    33.3544921875,
                                    34.98859316110611
                                ],
                                [
                                    33.35546985268593,
                                    34.989546686410904
                                ],
                                [
                                    33.35962191224098,
                                    34.99061420559883
                                ],
                                [
                                    33.36959972977638,
                                    34.991174787282944
                                ],
                                [
                                    33.37275668978691,
                                    34.99375507235527
                                ],
                                [
                                    33.37783679366112,
                                    34.99446585774422
                                ],
                                [
                                    33.38047876954079,
                                    34.99608591198921
                                ],
                                [
                                    33.38114261627197,
                                    34.99751955270767
                                ],
                                [
                                    33.38306441903114,
                                    34.99895855784416
                                ],
                                [
                                    33.38840201497078,
                                    34.999991208314896
                                ],
                                [
                                    33.3984375,
                                    34.997066259384155
                                ],
                                [
                                    33.39945539832115,
                                    34.99333396553993
                                ],
                                [
                                    33.39869365096092,
                                    34.98980686068535
                                ],
                                [
                                    33.39946076273918,
                                    34.98503789305687
                                ],
                                [
                                    33.3985461294651,
                                    34.98405620455742
                                ],
                                [
                                    33.3984375,
                                    34.98179912567139
                                ],
                                [
                                    33.3984375,
                                    34.98046875
                                ],
                                [
                                    33.40363025665283,
                                    34.98046875
                                ],
                                [
                                    33.40694412589073,
                                    34.981258660554886
                                ],
                                [
                                    33.408265113830566,
                                    34.98046875
                                ],
                                [
                                    33.4115494787693,
                                    34.97831627726555
                                ],
                                [
                                    33.4137998521328,
                                    34.97808560729027
                                ],
                                [
                                    33.41906234622002,
                                    34.97940257191658
                                ],
                                [
                                    33.42251971364021,
                                    34.97845843434334
                                ],
                                [
                                    33.42543125152588,
                                    34.98046875
                                ],
                                [
                                    33.42601865530014,
                                    34.98046875
                                ],
                                [
                                    33.42719480395317,
                                    34.975435584783554
                                ],
                                [
                                    33.42856004834175,
                                    34.97446730732918
                                ],
                                [
                                    33.42899993062019,
                                    34.9700953066349
                                ],
                                [
                                    33.428562730550766,
                                    34.967026859521866
                                ],
                                [
                                    33.426977545022964,
                                    34.965766221284866
                                ],
                                [
                                    33.42656448483467,
                                    34.96266022324562
                                ],
                                [
                                    33.42688903212547,
                                    34.95735481381416
                                ],
                                [
                                    33.42630699276924,
                                    34.955962747335434
                                ],
                                [
                                    33.42704460024834,
                                    34.952317625284195
                                ],
                                [
                                    33.42596098780632,
                                    34.946703761816025
                                ],
                                [
                                    33.42553049325943,
                                    34.9365234375
                                ],
                                [
                                    33.427471071481705,
                                    34.92400959134102
                                ],
                                [
                                    33.42675760388374,
                                    34.920388609170914
                                ],
                                [
                                    33.427559584379196,
                                    34.91442337632179
                                ],
                                [
                                    33.42666104435921,
                                    34.91123154759407
                                ],
                                [
                                    33.4270204603672,
                                    34.90564450621605
                                ],
                                [
                                    33.4256874024868,
                                    34.89882633090019
                                ],
                                [
                                    33.426599353551865,
                                    34.89545211195946
                                ],
                                [
                                    33.42524617910385,
                                    34.892578125
                                ],
                                [
                                    33.425470143556595,
                                    34.88797143101692
                                ],
                                [
                                    33.42678710818291,
                                    34.887491315603256
                                ],
                                [
                                    33.4276507794857,
                                    34.88602414727211
                                ],
                                [
                                    33.42892751097679,
                                    34.88053098320961
                                ],
                                [
                                    33.42791900038719,
                                    34.86637160181999
                                ],
                                [
                                    33.4268219769001,
                                    34.86373499035835
                                ],
                                [
                                    33.42673882842064,
                                    34.85211029648781
                                ],
                                [
                                    33.42734232544899,
                                    34.84999403357506
                                ],
                                [
                                    33.42583358287811,
                                    34.8486328125
                                ],
                                [
                                    33.42652156949043,
                                    34.841939359903336
                                ],
                                [
                                    33.42594489455223,
                                    34.83843371272087
                                ],
                                [
                                    33.42722162604332,
                                    34.83676537871361
                                ],
                                [
                                    33.427229672670364,
                                    34.835370630025864
                                ],
                                [
                                    33.425922095775604,
                                    34.83281582593918
                                ],
                                [
                                    33.4246601164341,
                                    34.83200445771217
                                ],
                                [
                                    33.416626900434494,
                                    34.83065530657768
                                ],
                                [
                                    33.40782389044762,
                                    34.83217880129814
                                ],
                                [
                                    33.404017835855484,
                                    34.83023688197136
                                ],
                                [
                                    33.399852365255356,
                                    34.831325858831406
                                ],
                                [
                                    33.3984375,
                                    34.832802414894104
                                ],
                                [
                                    33.397022634744644,
                                    34.831725507974625
                                ],
                                [
                                    33.38769927620888,
                                    34.8304782807827
                                ]
                            ]
                        ]
                    },
                    "properties": {
                        "id": "cef3c868-a63d-4afc-8949-1742ffbb9759",
                        "catalogId": "b590134f-7610-4c64-b5b7-5c15fb41a7d0",
                        "productId": "BM_Cyprus_BACKUP",
                        "productType": "Orthophoto",
                        "sourceId": "10300100AC39FA00",
                        "sourceName": "Cyprus_Strips",
                        "productVersion": "2.0",
                        "ingestionDateUTC": "2026-08-18T14:07:57.244Z",
                        "imagingTimeBeginUTC": "2020-10-01T00:00:00Z",
                        "imagingTimeEndUTC": "2020-10-01T00:00:00Z",
                        "resolutionDegree": 0.00274658203125,
                        "resolutionMeter": 305.75,
                        "sourceResolutionMeter": 0.55,
                        "horizontalAccuracyCe90": 8.5,
                        "sensors": "WV02",
                        "countries": "קפריסין",
                        "cities": "",
                        "description": null
                    },
                    "type": "Feature"
                },
                {
                    "__typename": "WfsFeature",
                    "id": "BM_Cyprus_BACKUP-Orthophoto.df001343-d6f2-43dd-a609-11a3722ef299",
                    "geometry": {
                        "type": "Polygon",
                        "coordinates": [
                            [
                                [
                                    33.23015704751015,
                                    35.28806313872337
                                ],
                                [
                                    33.23227867484093,
                                    35.287373811006546
                                ],
                                [
                                    33.233088701963425,
                                    35.286013931035995
                                ],
                                [
                                    33.233456164598465,
                                    35.283562391996384
                                ],
                                [
                                    33.232616633176804,
                                    35.279002636671066
                                ],
                                [
                                    33.2312835752964,
                                    35.27691051363945
                                ],
                                [
                                    33.23266491293907,
                                    35.2700574696064
                                ],
                                [
                                    33.23113068938255,
                                    35.26714190840721
                                ],
                                [
                                    33.23253884911537,
                                    35.265685468912125
                                ],
                                [
                                    33.231492787599564,
                                    35.255801528692245
                                ],
                                [
                                    33.23252007365227,
                                    35.25263383984566
                                ],
                                [
                                    33.23115885257721,
                                    35.244140625
                                ],
                                [
                                    33.232611268758774,
                                    35.24346873164177
                                ],
                                [
                                    33.23299750685692,
                                    35.24099037051201
                                ],
                                [
                                    33.23653802275658,
                                    35.239327400922775
                                ],
                                [
                                    33.23652997612953,
                                    35.23317709565163
                                ],
                                [
                                    33.238707929849625,
                                    35.228614658117294
                                ],
                                [
                                    33.24001148343086,
                                    35.228215008974075
                                ],
                                [
                                    33.23969766497612,
                                    35.223094671964645
                                ],
                                [
                                    33.24114337563515,
                                    35.2180440723896
                                ],
                                [
                                    33.241438418626785,
                                    35.21353527903557
                                ],
                                [
                                    33.24119433760643,
                                    35.212108343839645
                                ],
                                [
                                    33.240057080984116,
                                    35.211740881204605
                                ],
                                [
                                    33.23934629559517,
                                    35.210271030664444
                                ],
                                [
                                    33.237836211919785,
                                    35.20356550812721
                                ],
                                [
                                    33.234958201646805,
                                    35.20288422703743
                                ],
                                [
                                    33.231244683265686,
                                    35.2001953125
                                ],
                                [
                                    33.232292085886,
                                    35.19920691847801
                                ],
                                [
                                    33.23791667819023,
                                    35.197667330503464
                                ],
                                [
                                    33.23844775557518,
                                    35.19617334008217
                                ],
                                [
                                    33.24061766266823,
                                    35.194746404886246
                                ],
                                [
                                    33.2412426173687,
                                    35.18857464194298
                                ],
                                [
                                    33.2421438395977,
                                    35.188260823488235
                                ],
                                [
                                    33.24312821030617,
                                    35.18543377518654
                                ],
                                [
                                    33.24497893452644,
                                    35.18351063132286
                                ],
                                [
                                    33.24599280953407,
                                    35.17764464020729
                                ],
                                [
                                    33.247671872377396,
                                    35.17538085579872
                                ],
                                [
                                    33.25192853808403,
                                    35.173551589250565
                                ],
                                [
                                    33.25288876891136,
                                    35.17135754227638
                                ],
                                [
                                    33.25433984398842,
                                    35.17070844769478
                                ],
                                [
                                    33.26384291052818,
                                    35.17039731144905
                                ],
                                [
                                    33.2666015625,
                                    35.16920506954193
                                ],
                                [
                                    33.278037160634995,
                                    35.16962483525276
                                ],
                                [
                                    33.27905908226967,
                                    35.17094448208809
                                ],
                                [
                                    33.28409627079964,
                                    35.17241969704628
                                ],
                                [
                                    33.29416260123253,
                                    35.17164185643196
                                ],
                                [
                                    33.30497995018959,
                                    35.17236605286598
                                ],
                                [
                                    33.30915346741676,
                                    35.17149165272713
                                ],
                                [
                                    33.310546875,
                                    35.16947329044342
                                ],
                                [
                                    33.310546875,
                                    35.169081687927246
                                ],
                                [
                                    33.30931439995766,
                                    35.16074940562248
                                ],
                                [
                                    33.310546875,
                                    35.156636238098145
                                ],
                                [
                                    33.310546875,
                                    35.15625
                                ],
                                [
                                    33.31101357936859,
                                    35.15625
                                ],
                                [
                                    33.311511129140854,
                                    35.14039948582649
                                ],
                                [
                                    33.31099480390549,
                                    35.1397705078125
                                ],
                                [
                                    33.3109787106514,
                                    35.11230192490893
                                ],
                                [
                                    33.316631466150284,
                                    35.10655805468559
                                ],
                                [
                                    33.31827029585838,
                                    35.09361371397972
                                ],
                                [
                                    33.31722691655159,
                                    35.08695110678673
                                ],
                                [
                                    33.31730738282204,
                                    35.0791834294796
                                ],
                                [
                                    33.31511601805687,
                                    35.07487043738365
                                ],
                                [
                                    33.311127573251724,
                                    35.07110998034477
                                ],
                                [
                                    33.31095725297928,
                                    35.068359375
                                ],
                                [
                                    33.31292197108269,
                                    35.05611374974251
                                ],
                                [
                                    33.313858062028885,
                                    35.05510792136192
                                ],
                                [
                                    33.31505164504051,
                                    35.04938140511513
                                ],
                                [
                                    33.31527695059776,
                                    35.03711298108101
                                ],
                                [
                                    33.3143113553524,
                                    35.03189072012901
                                ],
                                [
                                    33.31195369362831,
                                    35.028975158929825
                                ],
                                [
                                    33.31164792180061,
                                    35.024758726358414
                                ],
                                [
                                    33.31096529960632,
                                    35.0244140625
                                ],
                                [
                                    33.311572819948196,
                                    35.02350613474846
                                ],
                                [
                                    33.3154459297657,
                                    35.02265051007271
                                ],
                                [
                                    33.316620737314224,
                                    35.02166882157326
                                ],
                                [
                                    33.31776335835457,
                                    35.01966252923012
                                ],
                                [
                                    33.31925466656685,
                                    35.00993952155113
                                ],
                                [
                                    33.31829443573952,
                                    35.00106677412987
                                ],
                                [
                                    33.31741735339165,
                                    34.99988928437233
                                ],
                                [
                                    33.31685408949852,
                                    35.000018030405045
                                ],
                                [
                                    33.31480219960213,
                                    34.99969616532326
                                ],
                                [
                                    33.31379100680351,
                                    34.99988928437233
                                ],
                                [
                                    33.311352878808975,
                                    34.999849051237106
                                ],
                                [
                                    33.31095725297928,
                                    34.999729692935944
                                ],
                                [
                                    33.310546875,
                                    34.99973237514496
                                ],
                                [
                                    33.297982066869736,
                                    35.002370327711105
                                ],
                                [
                                    33.294385224580765,
                                    35.003757029771805
                                ],
                                [
                                    33.29358592629433,
                                    35.0049988925457
                                ],
                                [
                                    33.28946337103844,
                                    35.00595912337303
                                ],
                                [
                                    33.28658804297447,
                                    35.00585451722145
                                ],
                                [
                                    33.28106537461281,
                                    35.003011375665665
                                ],
                                [
                                    33.27392265200615,
                                    35.002343505620956
                                ],
                                [
                                    33.27094539999962,
                                    35.001351088285446
                                ],
                                [
                                    33.26992616057396,
                                    35.00058934092522
                                ],
                                [
                                    33.2666015625,
                                    35.0004968047142
                                ],
                                [
                                    33.2625849545002,
                                    35.002171844244
                                ],
                                [
                                    33.261951953172684,
                                    35.003719478845596
                                ],
                                [
                                    33.26047942042351,
                                    35.00462606549263
                                ],
                                [
                                    33.248449712991714,
                                    35.00471457839012
                                ],
                                [
                                    33.24378803372383,
                                    35.006871074438095
                                ],
                                [
                                    33.24023947119713,
                                    35.00670209527016
                                ],
                                [
                                    33.23824122548103,
                                    35.00568553805351
                                ],
                                [
                                    33.23202654719353,
                                    35.00567480921745
                                ],
                                [
                                    33.23063984513283,
                                    35.00433906912804
                                ],
                                [
                                    33.22677746415138,
                                    35.003368109464645
                                ],
                                [
                                    33.22265625,
                                    35.001188814640045
                                ],
                                [
                                    33.21716174483299,
                                    35.00181779265404
                                ],
                                [
                                    33.21567580103874,
                                    35.003526359796524
                                ],
                                [
                                    33.21202531456947,
                                    35.003773123025894
                                ],
                                [
                                    33.203270584344864,
                                    35.00689521431923
                                ],
                                [
                                    33.19518640637398,
                                    35.00524565577507
                                ],
                                [
                                    33.192268162965775,
                                    35.005763322114944
                                ],
                                [
                                    33.18906024098396,
                                    35.00442489981651
                                ],
                                [
                                    33.18703517317772,
                                    35.00442758202553
                                ],
                                [
                                    33.18567529320717,
                                    35.0032876431942
                                ],
                                [
                                    33.183145970106125,
                                    35.00357195734978
                                ],
                                [
                                    33.180892914533615,
                                    35.00209406018257
                                ],
                                [
                                    33.178666681051254,
                                    35.00203236937523
                                ],
                                [
                                    33.17839577794075,
                                    35.01095339655876
                                ],
                                [
                                    33.17720219492912,
                                    35.01392796635628
                                ],
                                [
                                    33.176056891679764,
                                    35.01481041312218
                                ],
                                [
                                    33.17489817738533,
                                    35.02203091979027
                                ],
                                [
                                    33.17357048392296,
                                    35.02347931265831
                                ],
                                [
                                    33.169848918914795,
                                    35.0244140625
                                ],
                                [
                                    33.17191019654274,
                                    35.025493651628494
                                ],
                                [
                                    33.174050599336624,
                                    35.02846822142601
                                ],
                                [
                                    33.17388966679573,
                                    35.03193363547325
                                ],
                                [
                                    33.17261561751366,
                                    35.03307357430458
                                ],
                                [
                                    33.17241981625557,
                                    35.03527566790581
                                ],
                                [
                                    33.17428395152092,
                                    35.03854528069496
                                ],
                                [
                                    33.173173516988754,
                                    35.04188731312752
                                ],
                                [
                                    33.17394062876701,
                                    35.04422888159752
                                ],
                                [
                                    33.17460581660271,
                                    35.05768820643425
                                ],
                                [
                                    33.171875327825546,
                                    35.06152644753456
                                ],
                                [
                                    33.17098751664162,
                                    35.06744608283043
                                ],
                                [
                                    33.17003667354584,
                                    35.068359375
                                ],
                                [
                                    33.17144617438316,
                                    35.068797916173935
                                ],
                                [
                                    33.172138184309006,
                                    35.070200711488724
                                ],
                                [
                                    33.17171439528465,
                                    35.07450833916664
                                ],
                                [
                                    33.172505646944046,
                                    35.07624372839928
                                ],
                                [
                                    33.17148640751839,
                                    35.08010610938072
                                ],
                                [
                                    33.17238762974739,
                                    35.08072033524513
                                ],
                                [
                                    33.1722092628479,
                                    35.086212158203125
                                ],
                                [
                                    33.1726960837841,
                                    35.08794352412224
                                ],
                                [
                                    33.17459508776665,
                                    35.08837804198265
                                ],
                                [
                                    33.17481502890587,
                                    35.09124532341957
                                ],
                                [
                                    33.171387165784836,
                                    35.09616181254387
                                ],
                                [
                                    33.17010372877121,
                                    35.0960049033165
                                ],
                                [
                                    33.17223474383354,
                                    35.1036237180233
                                ],
                                [
                                    33.178051114082336,
                                    35.1123046875
                                ],
                                [
                                    33.17648604512215,
                                    35.1130785048008
                                ],
                                [
                                    33.17606762051582,
                                    35.11471465229988
                                ],
                                [
                                    33.17460313439369,
                                    35.13394072651863
                                ],
                                [
                                    33.17494109272957,
                                    35.14042094349861
                                ],
                                [
                                    33.177296072244644,
                                    35.14689311385155
                                ],
                                [
                                    33.178094029426575,
                                    35.15625
                                ],
                                [
                                    33.17733630537987,
                                    35.15631303191185
                                ],
                                [
                                    33.1768374145031,
                                    35.161183923482895
                                ],
                                [
                                    33.17565456032753,
                                    35.16347989439964
                                ],
                                [
                                    33.17532196640968,
                                    35.17327532172203
                                ],
                                [
                                    33.177558928728104,
                                    35.181254893541336
                                ],
                                [
                                    33.177867382764816,
                                    35.205512791872025
                                ],
                                [
                                    33.17482843995094,
                                    35.214466005563736
                                ],
                                [
                                    33.175520449876785,
                                    35.22066459059715
                                ],
                                [
                                    33.175185173749924,
                                    35.231192260980606
                                ],
                                [
                                    33.176628202199936,
                                    35.24052366614342
                                ],
                                [
                                    33.1780806183815,
                                    35.244140625
                                ],
                                [
                                    33.177422136068344,
                                    35.247419625520706
                                ],
                                [
                                    33.178030997514725,
                                    35.25310859084129
                                ],
                                [
                                    33.17754551768303,
                                    35.26097550988197
                                ],
                                [
                                    33.17633047699928,
                                    35.263180285692215
                                ],
                                [
                                    33.17619100213051,
                                    35.2661494910717
                                ],
                                [
                                    33.1772343814373,
                                    35.270044058561325
                                ],
                                [
                                    33.17646190524101,
                                    35.27234807610512
                                ],
                                [
                                    33.17670062184334,
                                    35.28357848525047
                                ],
                                [
                                    33.17801088094711,
                                    35.2880859375
                                ],
                                [
                                    33.17662015557289,
                                    35.29880002140999
                                ],
                                [
                                    33.177831172943115,
                                    35.30520647764206
                                ],
                                [
                                    33.18044498562813,
                                    35.303491204977036
                                ],
                                [
                                    33.18558946251869,
                                    35.30239149928093
                                ],
                                [
                                    33.18798467516899,
                                    35.30256047844887
                                ],
                                [
                                    33.18983003497124,
                                    35.30419126152992
                                ],
                                [
                                    33.19523602724075,
                                    35.305195748806
                                ],
                                [
                                    33.19931164383888,
                                    35.30393913388252
                                ],
                                [
                                    33.20280119776726,
                                    35.30495300889015
                                ],
                                [
                                    33.20892333984375,
                                    35.30480146408081
                                ],
                                [
                                    33.215984255075455,
                                    35.3033222258091
                                ],
                                [
                                    33.221252113580704,
                                    35.30430659651756
                                ],
                                [
                                    33.22265625,
                                    35.305166244506836
                                ],
                                [
                                    33.22814539074898,
                                    35.302482694387436
                                ],
                                [
                                    33.23478654026985,
                                    35.3004951775074
                                ],
                                [
                                    33.23608472943306,
                                    35.300782173871994
                                ],
                                [
                                    33.241701275110245,
                                    35.29865249991417
                                ],
                                [
                                    33.24618324637413,
                                    35.29995337128639
                                ],
                                [
                                    33.25012341141701,
                                    35.29969319701195
                                ],
                                [
                                    33.25700595974922,
                                    35.30459627509117
                                ],
                                [
                                    33.26815590262413,
                                    35.304652601480484
                                ],
                                [
                                    33.26949700713158,
                                    35.30418589711189
                                ],
                                [
                                    33.27078714966774,
                                    35.3009270131588
                                ],
                                [
                                    33.27273979783058,
                                    35.29878929257393
                                ],
                                [
                                    33.27921196818352,
                                    35.29782369732857
                                ],
                                [
                                    33.28225091099739,
                                    35.29884561896324
                                ],
                                [
                                    33.28829661011696,
                                    35.29840037226677
                                ],
                                [
                                    33.29020097851753,
                                    35.296820551157
                                ],
                                [
                                    33.29523280262947,
                                    35.29595151543617
                                ],
                                [
                                    33.30390706658363,
                                    35.29783174395561
                                ],
                                [
                                    33.310546875,
                                    35.30389755964279
                                ],
                                [
                                    33.312865644693375,
                                    35.30179873108864
                                ],
                                [
                                    33.313584476709366,
                                    35.29889926314354
                                ],
                                [
                                    33.31603869795799,
                                    35.29690369963646
                                ],
                                [
                                    33.32475587725639,
                                    35.29367968440056
                                ],
                                [
                                    33.33439573645592,
                                    35.292872339487076
                                ],
                                [
                                    33.33774045109749,
                                    35.2915258705616
                                ],
                                [
                                    33.34709331393242,
                                    35.29275432229042
                                ],
                                [
                                    33.34817960858345,
                                    35.29460772871971
                                ],
                                [
                                    33.3521144092083,
                                    35.29519513249397
                                ],
                                [
                                    33.35241213440895,
                                    35.29718533158302
                                ],
                                [
                                    33.35248991847038,
                                    35.29719337821007
                                ],
                                [
                                    33.35262134671211,
                                    35.29732212424278
                                ],
                                [
                                    33.35264816880226,
                                    35.29732748866081
                                ],
                                [
                                    33.35268169641495,
                                    35.297326147556305
                                ],
                                [
                                    33.35226729512215,
                                    35.29228761792183
                                ],
                                [
                                    33.34948047995567,
                                    35.28946861624718
                                ],
                                [
                                    33.343051224946976,
                                    35.28853252530098
                                ],
                                [
                                    33.33936586976051,
                                    35.290267914533615
                                ],
                                [
                                    33.33382174372673,
                                    35.29047444462776
                                ],
                                [
                                    33.32990303635597,
                                    35.288529843091965
                                ],
                                [
                                    33.325437158346176,
                                    35.28927281498909
                                ],
                                [
                                    33.32295075058937,
                                    35.28834477066994
                                ],
                                [
                                    33.31599310040474,
                                    35.29035374522209
                                ],
                                [
                                    33.31420138478279,
                                    35.29434487223625
                                ],
                                [
                                    33.310546875,
                                    35.29704988002777
                                ],
                                [
                                    33.308611661195755,
                                    35.291491001844406
                                ],
                                [
                                    33.30016806721687,
                                    35.289795845746994
                                ],
                                [
                                    33.29758241772652,
                                    35.2882294356823
                                ],
                                [
                                    33.29579874873161,
                                    35.28846010565758
                                ],
                                [
                                    33.294358402490616,
                                    35.29009357094765
                                ],
                                [
                                    33.29144015908241,
                                    35.29049590229988
                                ],
                                [
                                    33.290147334337234,
                                    35.29208108782768
                                ],
                                [
                                    33.28825369477272,
                                    35.29247537255287
                                ],
                                [
                                    33.27685162425041,
                                    35.29087409377098
                                ],
                                [
                                    33.2666015625,
                                    35.296789705753326
                                ],
                                [
                                    33.26288804411888,
                                    35.29181018471718
                                ],
                                [
                                    33.25488969683647,
                                    35.290793627500534
                                ],
                                [
                                    33.25107291340828,
                                    35.29147759079933
                                ],
                                [
                                    33.24666604399681,
                                    35.28998091816902
                                ],
                                [
                                    33.24600085616112,
                                    35.2906434237957
                                ],
                                [
                                    33.24378803372383,
                                    35.28993800282478
                                ],
                                [
                                    33.24005976319313,
                                    35.2905897796154
                                ],
                                [
                                    33.23665872216225,
                                    35.28901532292366
                                ],
                                [
                                    33.230358213186264,
                                    35.2888597548008
                                ],
                                [
                                    33.23015704751015,
                                    35.28806313872337
                                ]
                            ]
                        ]
                    },
                    "properties": {
                        "id": "df001343-d6f2-43dd-a609-11a3722ef299",
                        "catalogId": "b590134f-7610-4c64-b5b7-5c15fb41a7d0",
                        "productId": "BM_Cyprus_BACKUP",
                        "productType": "Orthophoto",
                        "sourceId": "10300500CBF8FB00",
                        "sourceName": "Cyprus_Strips",
                        "productVersion": "2.0",
                        "ingestionDateUTC": "2026-08-18T14:07:57.244Z",
                        "imagingTimeBeginUTC": "2022-05-13T00:00:00Z",
                        "imagingTimeEndUTC": "2022-05-13T00:00:00Z",
                        "resolutionDegree": 0.00274658203125,
                        "resolutionMeter": 305.75,
                        "sourceResolutionMeter": 0.48,
                        "horizontalAccuracyCe90": 8.5,
                        "sensors": "WV02",
                        "countries": "קפריסין",
                        "cities": "",
                        "description": null
                    },
                    "type": "Feature"
                },
                {
                    "__typename": "WfsFeature",
                    "id": "BM_Cyprus_BACKUP-Orthophoto.eaf71802-9516-4df9-9654-ded0af606bb4",
                    "geometry": {
                        "type": "Polygon",
                        "coordinates": [
                            [
                                [
                                    33.22265625,
                                    34.83786106109619
                                ],
                                [
                                    33.22459951043129,
                                    34.84442576766014
                                ],
                                [
                                    33.22275951504707,
                                    34.84617993235588
                                ],
                                [
                                    33.22265625,
                                    34.84862744808197
                                ],
                                [
                                    33.22265625,
                                    34.84884738922119
                                ],
                                [
                                    33.2204233109951,
                                    34.8533870279789
                                ],
                                [
                                    33.218736201524734,
                                    34.861559718847275
                                ],
                                [
                                    33.21904465556145,
                                    34.863549917936325
                                ],
                                [
                                    33.2202972471714,
                                    34.86509755253792
                                ],
                                [
                                    33.22007194161415,
                                    34.87390860915184
                                ],
                                [
                                    33.2190902531147,
                                    34.875413328409195
                                ],
                                [
                                    33.22008267045021,
                                    34.87854614853859
                                ],
                                [
                                    33.219508677721024,
                                    34.88841935992241
                                ],
                                [
                                    33.22265625,
                                    34.89253520965576
                                ],
                                [
                                    33.22265625,
                                    34.89262104034424
                                ],
                                [
                                    33.22142913937569,
                                    34.89498272538185
                                ],
                                [
                                    33.22108581662178,
                                    34.903493374586105
                                ],
                                [
                                    33.220442086458206,
                                    34.904874712228775
                                ],
                                [
                                    33.22082832455635,
                                    34.91203084588051
                                ],
                                [
                                    33.219854682683945,
                                    34.91404518485069
                                ],
                                [
                                    33.219712525606155,
                                    34.918256253004074
                                ],
                                [
                                    33.22020873427391,
                                    34.926217049360275
                                ],
                                [
                                    33.22265625,
                                    34.936394691467285
                                ],
                                [
                                    33.22265625,
                                    34.94008541107178
                                ],
                                [
                                    33.22312965989113,
                                    34.942098408937454
                                ],
                                [
                                    33.223939687013626,
                                    34.94228079915047
                                ],
                                [
                                    33.224307149648666,
                                    34.94815215468407
                                ],
                                [
                                    33.22540149092674,
                                    34.951035529375076
                                ],
                                [
                                    33.22510376572609,
                                    34.95850011706352
                                ],
                                [
                                    33.224103301763535,
                                    34.959921687841415
                                ],
                                [
                                    33.224344700574875,
                                    34.96212646365166
                                ],
                                [
                                    33.22304919362068,
                                    34.96628925204277
                                ],
                                [
                                    33.22351589798927,
                                    34.97462287545204
                                ],
                                [
                                    33.22265625,
                                    34.975619316101074
                                ],
                                [
                                    33.22200044989586,
                                    34.97847452759743
                                ],
                                [
                                    33.22265625,
                                    34.980340003967285
                                ],
                                [
                                    33.22265625,
                                    34.98046875
                                ],
                                [
                                    33.22265625,
                                    34.98230338096619
                                ],
                                [
                                    33.22882130742073,
                                    34.98546704649925
                                ],
                                [
                                    33.23735073208809,
                                    34.98646214604378
                                ],
                                [
                                    33.240550607442856,
                                    34.98575672507286
                                ],
                                [
                                    33.24154436588287,
                                    34.983480870723724
                                ],
                                [
                                    33.24154704809189,
                                    34.98046875
                                ],
                                [
                                    33.2430799305439,
                                    34.97562065720558
                                ],
                                [
                                    33.242809027433395,
                                    34.97125133872032
                                ],
                                [
                                    33.244201093912125,
                                    34.96651992201805
                                ],
                                [
                                    33.24237182736397,
                                    34.96233567595482
                                ],
                                [
                                    33.242058008909225,
                                    34.95804950594902
                                ],
                                [
                                    33.241843432188034,
                                    34.949214309453964
                                ],
                                [
                                    33.24314162135124,
                                    34.942591935396194
                                ],
                                [
                                    33.240661919116974,
                                    34.9365234375
                                ],
                                [
                                    33.243664652109146,
                                    34.93240490555763
                                ],
                                [
                                    33.24437007308006,
                                    34.92043420672417
                                ],
                                [
                                    33.246448785066605,
                                    34.91328343749046
                                ],
                                [
                                    33.2455287873745,
                                    34.91010770201683
                                ],
                                [
                                    33.246531933546066,
                                    34.905478209257126
                                ],
                                [
                                    33.244058936834335,
                                    34.89881828427315
                                ],
                                [
                                    33.24429765343666,
                                    34.89749327301979
                                ],
                                [
                                    33.240739703178406,
                                    34.892578125
                                ],
                                [
                                    33.244584649801254,
                                    34.89156827330589
                                ],
                                [
                                    33.24539467692375,
                                    34.88823428750038
                                ],
                                [
                                    33.248307555913925,
                                    34.88308444619179
                                ],
                                [
                                    33.250928074121475,
                                    34.8636169731617
                                ],
                                [
                                    33.25035139918327,
                                    34.861543625593185
                                ],
                                [
                                    33.24656143784523,
                                    34.8593844473362
                                ],
                                [
                                    33.246542662382126,
                                    34.85793337225914
                                ],
                                [
                                    33.244925290346146,
                                    34.857075065374374
                                ],
                                [
                                    33.24225649237633,
                                    34.85143169760704
                                ],
                                [
                                    33.24152559041977,
                                    34.8486328125
                                ],
                                [
                                    33.24224308133125,
                                    34.838814586400986
                                ],
                                [
                                    33.24175626039505,
                                    34.83273267745972
                                ],
                                [
                                    33.2368840277195,
                                    34.83135536313057
                                ],
                                [
                                    33.231423050165176,
                                    34.83108177781105
                                ],
                                [
                                    33.226776123046875,
                                    34.83268976211548
                                ],
                                [
                                    33.22265625,
                                    34.83272731304169
                                ],
                                [
                                    33.22265625,
                                    34.83786106109619
                                ]
                            ]
                        ]
                    },
                    "properties": {
                        "id": "eaf71802-9516-4df9-9654-ded0af606bb4",
                        "catalogId": "b590134f-7610-4c64-b5b7-5c15fb41a7d0",
                        "productId": "BM_Cyprus_BACKUP",
                        "productType": "Orthophoto",
                        "sourceId": "105005009BDD6E00",
                        "sourceName": "Cyprus_Strips",
                        "productVersion": "2.0",
                        "ingestionDateUTC": "2026-08-18T14:07:57.244Z",
                        "imagingTimeBeginUTC": "2020-05-21T00:00:00Z",
                        "imagingTimeEndUTC": "2020-05-21T00:00:00Z",
                        "resolutionDegree": 0.00274658203125,
                        "resolutionMeter": 305.75,
                        "sourceResolutionMeter": 0.45,
                        "horizontalAccuracyCe90": 8.5,
                        "sensors": "GE01",
                        "countries": "קפריסין",
                        "cities": "",
                        "description": null
                    },
                    "type": "Feature"
                },
                {
                    "__typename": "WfsFeature",
                    "id": "BM_Cyprus_BACKUP-Orthophoto.f0a1d74b-98d3-4402-93e9-1187fa5d1bc3",
                    "geometry": {
                        "type": "Polygon",
                        "coordinates": [
                            [
                                [
                                    33.19897636771202,
                                    35.3044568002224
                                ],
                                [
                                    33.20343017578125,
                                    35.305187702178955
                                ],
                                [
                                    33.21015581488609,
                                    35.30495837330818
                                ],
                                [
                                    33.2157938182354,
                                    35.303512662649155
                                ],
                                [
                                    33.2171630859375,
                                    35.30398607254028
                                ],
                                [
                                    33.22091415524483,
                                    35.30448094010353
                                ],
                                [
                                    33.22265625,
                                    35.306842625141144
                                ],
                                [
                                    33.22745606303215,
                                    35.30450776219368
                                ],
                                [
                                    33.232847303152084,
                                    35.304526537656784
                                ],
                                [
                                    33.24156850576401,
                                    35.307961106300354
                                ],
                                [
                                    33.26861456036568,
                                    35.309976786375046
                                ],
                                [
                                    33.273772448301315,
                                    35.308973640203476
                                ],
                                [
                                    33.28037604689598,
                                    35.308887809515
                                ],
                                [
                                    33.283409625291824,
                                    35.310770720243454
                                ],
                                [
                                    33.2859805226326,
                                    35.31117707490921
                                ],
                                [
                                    33.290372639894485,
                                    35.31035766005516
                                ],
                                [
                                    33.29218849539757,
                                    35.31130716204643
                                ],
                                [
                                    33.29681798815727,
                                    35.31089410185814
                                ],
                                [
                                    33.302997797727585,
                                    35.31165584921837
                                ],
                                [
                                    33.303748816251755,
                                    35.31235322356224
                                ],
                                [
                                    33.30712839961052,
                                    35.31144127249718
                                ],
                                [
                                    33.310546875,
                                    35.31297415494919
                                ],
                                [
                                    33.313128501176834,
                                    35.312208384275436
                                ],
                                [
                                    33.313332349061966,
                                    35.31153783202171
                                ],
                                [
                                    33.319498747587204,
                                    35.31099334359169
                                ],
                                [
                                    33.32405850291252,
                                    35.31258121132851
                                ],
                                [
                                    33.328210562467575,
                                    35.312608033418655
                                ],
                                [
                                    33.331241458654404,
                                    35.31181678175926
                                ],
                                [
                                    33.33245649933815,
                                    35.31042739748955
                                ],
                                [
                                    33.336192816495895,
                                    35.31046226620674
                                ],
                                [
                                    33.34213390946388,
                                    35.31145200133324
                                ],
                                [
                                    33.34495022892952,
                                    35.31519904732704
                                ],
                                [
                                    33.35012957453728,
                                    35.31514808535576
                                ],
                                [
                                    33.3544921875,
                                    35.316190123558044
                                ],
                                [
                                    33.356816321611404,
                                    35.31590178608894
                                ],
                                [
                                    33.35825935006142,
                                    35.31442657113075
                                ],
                                [
                                    33.361773043870926,
                                    35.3136245906353
                                ],
                                [
                                    33.36853489279747,
                                    35.313485115766525
                                ],
                                [
                                    33.37011203169823,
                                    35.31254097819328
                                ],
                                [
                                    33.37396636605263,
                                    35.31332418322563
                                ],
                                [
                                    33.37783947587013,
                                    35.31261071562767
                                ],
                                [
                                    33.3825521171093,
                                    35.31401351094246
                                ],
                                [
                                    33.388157933950424,
                                    35.31431391835213
                                ],
                                [
                                    33.39080795645714,
                                    35.316768139600754
                                ],
                                [
                                    33.39515581727028,
                                    35.31829968094826
                                ],
                                [
                                    33.39731499552727,
                                    35.31814947724342
                                ],
                                [
                                    33.3984375,
                                    35.31904399394989
                                ],
                                [
                                    33.3984375,
                                    35.31877040863037
                                ],
                                [
                                    33.39776024222374,
                                    35.318106561899185
                                ],
                                [
                                    33.3984375,
                                    35.3135347366333
                                ],
                                [
                                    33.3984375,
                                    35.31300634145737
                                ],
                                [
                                    33.3984375,
                                    35.31019002199173
                                ],
                                [
                                    33.39752420783043,
                                    35.30857935547829
                                ],
                                [
                                    33.39185670018196,
                                    35.305897146463394
                                ],
                                [
                                    33.38336482644081,
                                    35.30542775988579
                                ],
                                [
                                    33.377407640218735,
                                    35.3061144053936
                                ],
                                [
                                    33.37168112397194,
                                    35.30529364943504
                                ],
                                [
                                    33.369272500276566,
                                    35.30646577477455
                                ],
                                [
                                    33.365391343832016,
                                    35.30658647418022
                                ],
                                [
                                    33.363047093153,
                                    35.30782833695412
                                ],
                                [
                                    33.36020931601524,
                                    35.308123379945755
                                ],
                                [
                                    33.357639759778976,
                                    35.30949130654335
                                ],
                                [
                                    33.35692897439003,
                                    35.310864597558975
                                ],
                                [
                                    33.3544921875,
                                    35.311284363269806
                                ],
                                [
                                    33.35163161158562,
                                    35.31019940972328
                                ],
                                [
                                    33.34394171833992,
                                    35.31020745635033
                                ],
                                [
                                    33.33737835288048,
                                    35.30868664383888
                                ],
                                [
                                    33.3256570994854,
                                    35.30821993947029
                                ],
                                [
                                    33.32052335143089,
                                    35.309011191129684
                                ],
                                [
                                    33.31878662109375,
                                    35.31033754348755
                                ],
                                [
                                    33.31468418240547,
                                    35.31087800860405
                                ],
                                [
                                    33.310546875,
                                    35.31246989965439
                                ],
                                [
                                    33.310546875,
                                    35.30389755964279
                                ],
                                [
                                    33.30390706658363,
                                    35.29783174395561
                                ],
                                [
                                    33.29523280262947,
                                    35.29595151543617
                                ],
                                [
                                    33.29020097851753,
                                    35.296820551157
                                ],
                                [
                                    33.28829661011696,
                                    35.29840037226677
                                ],
                                [
                                    33.28225091099739,
                                    35.29884561896324
                                ],
                                [
                                    33.27921196818352,
                                    35.29782369732857
                                ],
                                [
                                    33.27273979783058,
                                    35.29878929257393
                                ],
                                [
                                    33.27078714966774,
                                    35.3009270131588
                                ],
                                [
                                    33.26949700713158,
                                    35.30418589711189
                                ],
                                [
                                    33.26815590262413,
                                    35.304652601480484
                                ],
                                [
                                    33.25700595974922,
                                    35.30459627509117
                                ],
                                [
                                    33.25012341141701,
                                    35.29969319701195
                                ],
                                [
                                    33.24618324637413,
                                    35.29995337128639
                                ],
                                [
                                    33.241701275110245,
                                    35.29865249991417
                                ],
                                [
                                    33.23608472943306,
                                    35.300782173871994
                                ],
                                [
                                    33.23478654026985,
                                    35.3004951775074
                                ],
                                [
                                    33.22814539074898,
                                    35.302482694387436
                                ],
                                [
                                    33.22265625,
                                    35.305166244506836
                                ],
                                [
                                    33.221252113580704,
                                    35.30430659651756
                                ],
                                [
                                    33.215984255075455,
                                    35.3033222258091
                                ],
                                [
                                    33.20892333984375,
                                    35.30480146408081
                                ],
                                [
                                    33.20280119776726,
                                    35.30495300889015
                                ],
                                [
                                    33.19931164383888,
                                    35.30393913388252
                                ],
                                [
                                    33.19523602724075,
                                    35.305195748806
                                ],
                                [
                                    33.19897636771202,
                                    35.3044568002224
                                ]
                            ]
                        ]
                    },
                    "properties": {
                        "id": "f0a1d74b-98d3-4402-93e9-1187fa5d1bc3",
                        "catalogId": "b590134f-7610-4c64-b5b7-5c15fb41a7d0",
                        "productId": "BM_Cyprus_BACKUP",
                        "productType": "Orthophoto",
                        "sourceId": "10300500BFF9B000",
                        "sourceName": "Cyprus_Strips",
                        "productVersion": "2.0",
                        "ingestionDateUTC": "2026-08-18T14:07:57.244Z",
                        "imagingTimeBeginUTC": "2021-10-02T00:00:00Z",
                        "imagingTimeEndUTC": "2021-10-02T00:00:00Z",
                        "resolutionDegree": 0.00274658203125,
                        "resolutionMeter": 305.75,
                        "sourceResolutionMeter": 0.6,
                        "horizontalAccuracyCe90": 8.5,
                        "sensors": "WV02",
                        "countries": "קפריסין",
                        "cities": "",
                        "description": null
                    },
                    "type": "Feature"
                },
                {
                    "__typename": "WfsFeature",
                    "id": "BM_Cyprus_BACKUP-Orthophoto.f100e1df-27dd-4926-9549-8da44ec9f71a",
                    "geometry": {
                        "type": "Polygon",
                        "coordinates": [
                            [
                                [
                                    33.21983054280281,
                                    34.831687957048416
                                ],
                                [
                                    33.21720466017723,
                                    34.83190789818764
                                ],
                                [
                                    33.20879325270653,
                                    34.83043000102043
                                ],
                                [
                                    33.19811001420021,
                                    34.83217343688011
                                ],
                                [
                                    33.18549022078514,
                                    34.83088329434395
                                ],
                                [
                                    33.1839694082737,
                                    34.831945449113846
                                ],
                                [
                                    33.1787109375,
                                    34.83271390199661
                                ],
                                [
                                    33.175169080495834,
                                    34.83128562569618
                                ],
                                [
                                    33.16892758011818,
                                    34.831961542367935
                                ],
                                [
                                    33.16300794482231,
                                    34.830223470926285
                                ],
                                [
                                    33.16008970141411,
                                    34.829998165369034
                                ],
                                [
                                    33.15774008631706,
                                    34.83077064156532
                                ],
                                [
                                    33.14670279622078,
                                    34.82940807938576
                                ],
                                [
                                    33.13990339636803,
                                    34.829944521188736
                                ],
                                [
                                    33.13603296875954,
                                    34.831368774175644
                                ],
                                [
                                    33.134765625,
                                    34.83271658420563
                                ],
                                [
                                    33.1335224211216,
                                    34.81965556740761
                                ],
                                [
                                    33.132715076208115,
                                    34.81812134385109
                                ],
                                [
                                    33.12982901930809,
                                    34.81607213616371
                                ],
                                [
                                    33.12963858246803,
                                    34.81300637125969
                                ],
                                [
                                    33.12822237610817,
                                    34.809852093458176
                                ],
                                [
                                    33.1262643635273,
                                    34.808387607336044
                                ],
                                [
                                    33.12533363699913,
                                    34.80603531002998
                                ],
                                [
                                    33.12272250652313,
                                    34.8046875
                                ],
                                [
                                    33.12378600239754,
                                    34.80302318930626
                                ],
                                [
                                    33.12397375702858,
                                    34.79917421936989
                                ],
                                [
                                    33.125430196523666,
                                    34.79816034436226
                                ],
                                [
                                    33.125982731580734,
                                    34.796414226293564
                                ],
                                [
                                    33.12602028250694,
                                    34.79121342301369
                                ],
                                [
                                    33.124459236860275,
                                    34.785669296979904
                                ],
                                [
                                    33.12414273619652,
                                    34.77772191166878
                                ],
                                [
                                    33.122658133506775,
                                    34.77133423089981
                                ],
                                [
                                    33.12242075800896,
                                    34.770632833242416
                                ],
                                [
                                    33.11921015381813,
                                    34.769825488328934
                                ],
                                [
                                    33.11692491173744,
                                    34.76976916193962
                                ],
                                [
                                    33.11630666255951,
                                    34.770701229572296
                                ],
                                [
                                    33.11507686972618,
                                    34.77184787392616
                                ],
                                [
                                    33.11417028307915,
                                    34.77748587727547
                                ],
                                [
                                    33.1161242723465,
                                    34.8046875
                                ],
                                [
                                    33.113636523485184,
                                    34.808135479688644
                                ],
                                [
                                    33.111509531736374,
                                    34.81469348073006
                                ],
                                [
                                    33.108588606119156,
                                    34.81656834483147
                                ],
                                [
                                    33.10766324400902,
                                    34.818233996629715
                                ],
                                [
                                    33.106225579977036,
                                    34.83092352747917
                                ],
                                [
                                    33.10752108693123,
                                    34.84255626797676
                                ],
                                [
                                    33.109640032052994,
                                    34.84727963805199
                                ],
                                [
                                    33.11148539185524,
                                    34.84851613640785
                                ],
                                [
                                    33.116046488285065,
                                    34.8486328125
                                ],
                                [
                                    33.11586543917656,
                                    34.861948639154434
                                ],
                                [
                                    33.114245384931564,
                                    34.87704947590828
                                ],
                                [
                                    33.11543092131615,
                                    34.88007232546806
                                ],
                                [
                                    33.11542421579361,
                                    34.892578125
                                ],
                                [
                                    33.11530217528343,
                                    34.89467427134514
                                ],
                                [
                                    33.11407372355461,
                                    34.89625409245491
                                ],
                                [
                                    33.11226323246956,
                                    34.89679858088493
                                ],
                                [
                                    33.11078801751137,
                                    34.90191087126732
                                ],
                                [
                                    33.109460324048996,
                                    34.91642698645592
                                ],
                                [
                                    33.11043128371239,
                                    34.9230332672596
                                ],
                                [
                                    33.11336562037468,
                                    34.928338676691055
                                ],
                                [
                                    33.1156387925148,
                                    34.9365234375
                                ],
                                [
                                    33.10999944806099,
                                    34.94053199887276
                                ],
                                [
                                    33.107842952013016,
                                    34.94436755776405
                                ],
                                [
                                    33.10682371258736,
                                    34.95654746890068
                                ],
                                [
                                    33.108258694410324,
                                    34.961303025484085
                                ],
                                [
                                    33.10868516564369,
                                    34.97082218527794
                                ],
                                [
                                    33.11046078801155,
                                    34.97808560729027
                                ],
                                [
                                    33.113384395837784,
                                    34.98018577694893
                                ],
                                [
                                    33.11553735254248,
                                    34.98046875
                                ],
                                [
                                    33.11555564403534,
                                    34.98046875
                                ],
                                [
                                    33.115668296813965,
                                    34.98046875
                                ],
                                [
                                    33.11962589621544,
                                    34.979652017354965
                                ],
                                [
                                    33.121933937072754,
                                    34.98046875
                                ],
                                [
                                    33.13000202178955,
                                    34.98046875
                                ],
                                [
                                    33.13199356198311,
                                    34.98130962252617
                                ],
                                [
                                    33.13397839665413,
                                    34.98121038079262
                                ],
                                [
                                    33.134636878967285,
                                    34.98046875
                                ],
                                [
                                    33.135151863098145,
                                    34.98046875
                                ],
                                [
                                    33.1432668864727,
                                    34.98197212815285
                                ],
                                [
                                    33.14734920859337,
                                    34.98049959540367
                                ],
                                [
                                    33.15171718597412,
                                    34.98046875
                                ],
                                [
                                    33.15511420369148,
                                    34.97986659407616
                                ],
                                [
                                    33.155837059020996,
                                    34.98046875
                                ],
                                [
                                    33.15872445702553,
                                    34.980770498514175
                                ],
                                [
                                    33.15925553441048,
                                    34.981690496206284
                                ],
                                [
                                    33.161672204732895,
                                    34.98218670487404
                                ],
                                [
                                    33.17071929574013,
                                    34.98243883252144
                                ],
                                [
                                    33.17449852824211,
                                    34.98083755373955
                                ],
                                [
                                    33.17789554595947,
                                    34.98046875
                                ],
                                [
                                    33.179097175598145,
                                    34.98046875
                                ],
                                [
                                    33.181786090135574,
                                    34.9801804125309
                                ],
                                [
                                    33.18698152899742,
                                    34.97783616185188
                                ],
                                [
                                    33.19154664874077,
                                    34.978686422109604
                                ],
                                [
                                    33.19633439183235,
                                    34.977688640356064
                                ],
                                [
                                    33.20433005690575,
                                    34.97831627726555
                                ],
                                [
                                    33.210485726594925,
                                    34.97784152626991
                                ],
                                [
                                    33.21442857384682,
                                    34.97827872633934
                                ],
                                [
                                    33.21715369820595,
                                    34.97948035597801
                                ],
                                [
                                    33.22008267045021,
                                    34.979389160871506
                                ],
                                [
                                    33.22192668914795,
                                    34.98046875
                                ],
                                [
                                    33.22265625,
                                    34.98046875
                                ],
                                [
                                    33.22265625,
                                    34.980340003967285
                                ],
                                [
                                    33.22200044989586,
                                    34.97847452759743
                                ],
                                [
                                    33.22265625,
                                    34.975619316101074
                                ],
                                [
                                    33.22351589798927,
                                    34.97462287545204
                                ],
                                [
                                    33.22304919362068,
                                    34.96628925204277
                                ],
                                [
                                    33.224344700574875,
                                    34.96212646365166
                                ],
                                [
                                    33.224103301763535,
                                    34.959921687841415
                                ],
                                [
                                    33.22510376572609,
                                    34.95850011706352
                                ],
                                [
                                    33.22540149092674,
                                    34.951035529375076
                                ],
                                [
                                    33.224307149648666,
                                    34.94815215468407
                                ],
                                [
                                    33.223939687013626,
                                    34.94228079915047
                                ],
                                [
                                    33.22312965989113,
                                    34.942098408937454
                                ],
                                [
                                    33.22265625,
                                    34.94008541107178
                                ],
                                [
                                    33.22265625,
                                    34.936394691467285
                                ],
                                [
                                    33.22020873427391,
                                    34.926217049360275
                                ],
                                [
                                    33.219712525606155,
                                    34.918256253004074
                                ],
                                [
                                    33.219854682683945,
                                    34.91404518485069
                                ],
                                [
                                    33.22082832455635,
                                    34.91203084588051
                                ],
                                [
                                    33.220442086458206,
                                    34.904874712228775
                                ],
                                [
                                    33.22108581662178,
                                    34.903493374586105
                                ],
                                [
                                    33.22142913937569,
                                    34.89498272538185
                                ],
                                [
                                    33.22265625,
                                    34.89262104034424
                                ],
                                [
                                    33.22265625,
                                    34.89253520965576
                                ],
                                [
                                    33.219508677721024,
                                    34.88841935992241
                                ],
                                [
                                    33.22008267045021,
                                    34.87854614853859
                                ],
                                [
                                    33.2190902531147,
                                    34.875413328409195
                                ],
                                [
                                    33.22007194161415,
                                    34.87390860915184
                                ],
                                [
                                    33.2202972471714,
                                    34.86509755253792
                                ],
                                [
                                    33.21904465556145,
                                    34.863549917936325
                                ],
                                [
                                    33.218736201524734,
                                    34.861559718847275
                                ],
                                [
                                    33.2204233109951,
                                    34.8533870279789
                                ],
                                [
                                    33.22265625,
                                    34.84884738922119
                                ],
                                [
                                    33.22265625,
                                    34.84862744808197
                                ],
                                [
                                    33.22275951504707,
                                    34.84617993235588
                                ],
                                [
                                    33.22459951043129,
                                    34.84442576766014
                                ],
                                [
                                    33.22265625,
                                    34.83786106109619
                                ],
                                [
                                    33.22265625,
                                    34.83272731304169
                                ],
                                [
                                    33.21983054280281,
                                    34.831687957048416
                                ]
                            ]
                        ]
                    },
                    "properties": {
                        "id": "f100e1df-27dd-4926-9549-8da44ec9f71a",
                        "catalogId": "b590134f-7610-4c64-b5b7-5c15fb41a7d0",
                        "productId": "BM_Cyprus_BACKUP",
                        "productType": "Orthophoto",
                        "sourceId": "104001005B3FF500",
                        "sourceName": "Cyprus_Strips",
                        "productVersion": "2.0",
                        "ingestionDateUTC": "2026-08-18T14:07:57.244Z",
                        "imagingTimeBeginUTC": "2020-05-21T00:00:00Z",
                        "imagingTimeEndUTC": "2020-05-21T00:00:00Z",
                        "resolutionDegree": 0.00274658203125,
                        "resolutionMeter": 305.75,
                        "sourceResolutionMeter": 0.31,
                        "horizontalAccuracyCe90": 8.5,
                        "sensors": "WV03",
                        "countries": "קפריסין",
                        "cities": "",
                        "description": null
                    },
                    "type": "Feature"
                },
                {
                    "__typename": "WfsFeature",
                    "id": "BM_Cyprus_BACKUP-Orthophoto.f4ab9fdc-228b-4455-85d0-b9caaaa68214",
                    "geometry": {
                        "type": "Polygon",
                        "coordinates": [
                            [
                                [
                                    33.30931439995766,
                                    35.16074940562248
                                ],
                                [
                                    33.310546875,
                                    35.169081687927246
                                ],
                                [
                                    33.310546875,
                                    35.16947329044342
                                ],
                                [
                                    33.311016261577606,
                                    35.169481337070465
                                ],
                                [
                                    33.31231847405434,
                                    35.1663900911808
                                ],
                                [
                                    33.31239625811577,
                                    35.164024382829666
                                ],
                                [
                                    33.31112489104271,
                                    35.161956399679184
                                ],
                                [
                                    33.31156209111214,
                                    35.15697553753853
                                ],
                                [
                                    33.31101357936859,
                                    35.15625
                                ],
                                [
                                    33.310546875,
                                    35.15625
                                ],
                                [
                                    33.310546875,
                                    35.156636238098145
                                ],
                                [
                                    33.30931439995766,
                                    35.16074940562248
                                ]
                            ]
                        ]
                    },
                    "properties": {
                        "id": "f4ab9fdc-228b-4455-85d0-b9caaaa68214",
                        "catalogId": "b590134f-7610-4c64-b5b7-5c15fb41a7d0",
                        "productId": "BM_Cyprus_BACKUP",
                        "productType": "Orthophoto",
                        "sourceId": "10400100786D3E00",
                        "sourceName": "BM_www",
                        "productVersion": "1.0",
                        "ingestionDateUTC": "2026-08-18T08:19:20.147Z",
                        "imagingTimeBeginUTC": "2022-06-02T00:00:00Z",
                        "imagingTimeEndUTC": "2022-06-02T00:00:00Z",
                        "resolutionDegree": 0.02197265625,
                        "resolutionMeter": 2445.98,
                        "sourceResolutionMeter": 0.32,
                        "horizontalAccuracyCe90": 8.5,
                        "sensors": "WV03",
                        "countries": "BM_www",
                        "cities": "",
                        "description": null
                    },
                    "type": "Feature"
                }
            ],
            "type": "FeatureCollection",
            "bbox": [
                -180,
                -90,
                180,
                90
            ],
            "totalFeatures": 25,
            "numberMatched": 25,
            "numberReturned": 25,
            "timeStamp": "2026-08-18T14:10:28.240Z",
            "crs": {
                "type": "name",
                "properties": {
                    "name": "urn:ogc:def:crs:EPSG::4326"
                }
            }
        }
    }
}