{
    "type": "FeatureCollection",
    "name": "center_2st_footprint",
    "crs": {
        "type": "name",
        "properties": {
            "name": "urn:ogc:def:crs:OGC:1.3:CRS84"
        }
    },
    "features": [
        {
            "id": "OuterPerimeter",
            "type": "Feature",
            "properties": {
                "catalog_id": "104001007710C200",
                "acq_date": "2022-07-02",
                "sensor": "WV03",
                "off_nadir": 9.27,
                "sun_elev": 70.08,
                "native_res": 0.32,
                "accuracy": 8.5,
                "proc_notes": null,
                "id": "5",
                "cities": null,
                "countries": "קפריסין",
                "sourceId": "104001007710C200",
                "sourceName": "Cyprus_Strips",
                "updateDate": "2022-07-02",
                "sourceRes": "0.32",
                "ep90": "8.5",
                "sensors": "WV03",
                "scale": null,
                "publishRes": "0.6",
                "classify": "בלמ\"ס",
                "layer": "Cyprus_Strips",
                "path": "D:/shape/vivid/vivid_all/Cyprus/SHP_Strips/Cyprus_Strips.shp"
            },
            "geometry": {
                "type": "Polygon",
                "coordinates": [
                        [
                            [
                                32.999756634235382,
                                34.541015625
                            ],
                            [
                                32.87109375,
                                34.541015625
                            ],
                            [
                                32.87109375,
                                34.62890625
                            ],
                            [
                                32.863414585590363,
                                34.62890625
                            ],
                            [
                                32.738359272480011,
                                34.62890625
                            ],
                            [
                                32.738324403762817,
                                34.612611830234528
                            ],
                            [
                                32.6953125,
                                34.612158536911011
                            ],
                            [
                                32.6953125,
                                34.62890625
                            ],
                            [
                                32.59281188249588,
                                34.62890625
                            ],
                            [
                                32.592803835868835,
                                34.636255502700806
                            ],
                            [
                                32.593456953763962,
                                34.647345095872879
                            ],
                            [
                                32.592842727899551,
                                34.656271487474442
                            ],
                            [
                                32.593880742788315,
                                34.66242715716362
                            ],
                            [
                                32.594899982213974,
                                34.663897007703781
                            ],
                            [
                                32.594521790742874,
                                34.664610475301743
                            ],
                            [
                                32.595905810594559,
                                34.665989130735397
                            ],
                            [
                                32.596407383680344,
                                34.668341428041458
                            ],
                            [
                                32.592744827270508,
                                34.6728515625
                            ],
                            [
                                32.593891471624374,
                                34.674676805734634
                            ],
                            [
                                32.594317942857742,
                                34.677863270044327
                            ],
                            [
                                32.596887499094009,
                                34.681304544210434
                            ],
                            [
                                32.59712353348732,
                                34.688197821378708
                            ],
                            [
                                32.598689943552017,
                                34.689860790967941
                            ],
                            [
                                32.598762363195419,
                                34.692956060171127
                            ],
                            [
                                32.600623816251755,
                                34.69675675034523
                            ],
                            [
                                32.599660903215408,
                                34.699235111474991
                            ],
                            [
                                32.600189298391342,
                                34.70474436879158
                            ],
                            [
                                32.598260790109634,
                                34.711600095033646
                            ],
                            [
                                32.598290294408798,
                                34.714518338441849
                            ],
                            [
                                32.595948725938797,
                                34.716497808694839
                            ],
                            [
                                32.592908442020416,
                                34.716796875
                            ],
                            [
                                32.593376487493515,
                                34.719158560037613
                            ],
                            [
                                32.596436887979507,
                                34.722696393728256
                            ],
                            [
                                32.597153037786484,
                                34.72497895359993
                            ],
                            [
                                32.59413555264473,
                                34.736265689134598
                            ],
                            [
                                32.593870013952255,
                                34.740769118070602
                            ],
                            [
                                32.594999223947525,
                                34.744011908769608
                            ],
                            [
                                32.594347447156906,
                                34.751087576150894
                            ],
                            [
                                32.59486511349678,
                                34.754453748464584
                            ],
                            [
                                32.593010365962982,
                                34.7607421875
                            ],
                            [
                                32.596047967672348,
                                34.763232618570328
                            ],
                            [
                                32.598711401224136,
                                34.77028414607048
                            ],
                            [
                                32.600436061620712,
                                34.771182686090469
                            ],
                            [
                                32.599800378084183,
                                34.776480048894882
                            ],
                            [
                                32.597837001085281,
                                34.781801551580429
                            ],
                            [
                                32.597890645265579,
                                34.784234315156937
                            ],
                            [
                                32.594912052154541,
                                34.789581298828125
                            ],
                            [
                                32.596182078123093,
                                34.797736555337906
                            ],
                            [
                                32.593778818845749,
                                34.801582843065262
                            ],
                            [
                                32.593098878860474,
                                34.8046875
                            ],
                            [
                                32.595276832580566,
                                34.8046875
                            ],
                            [
                                32.598223239183426,
                                34.803548902273178
                            ],
                            [
                                32.601334601640701,
                                34.804474264383316
                            ],
                            [
                                32.604167014360428,
                                34.803339689970016
                            ],
                            [
                                32.60741651058197,
                                34.8046875
                            ],
                            [
                                32.609459012746811,
                                34.803347736597061
                            ],
                            [
                                32.610180526971817,
                                34.804399162530899
                            ],
                            [
                                32.612099647521973,
                                34.8046875
                            ],
                            [
                                32.613859176635742,
                                34.8046875
                            ],
                            [
                                32.612621337175369,
                                34.808712154626846
                            ],
                            [
                                32.613549381494522,
                                34.81262281537056
                            ],
                            [
                                32.612615972757339,
                                34.819424897432327
                            ],
                            [
                                32.61247918009758,
                                34.828702658414841
                            ],
                            [
                                32.613193988800049,
                                34.830114841461182
                            ],
                            [
                                32.611170262098312,
                                34.830711632966995
                            ],
                            [
                                32.607421875,
                                34.830063879489899
                            ],
                            [
                                32.605218440294266,
                                34.833817631006241
                            ],
                            [
                                32.604775875806808,
                                34.837671965360641
                            ],
                            [
                                32.601069062948227,
                                34.842253178358078
                            ],
                            [
                                32.598278224468231,
                                34.8486328125
                            ],
                            [
                                32.599567025899887,
                                34.850742369890213
                            ],
                            [
                                32.600283175706863,
                                34.854741543531418
                            ],
                            [
                                32.600103467702866,
                                34.862364381551743
                            ],
                            [
                                32.602061480283737,
                                34.865891486406326
                            ],
                            [
                                32.600529938936234,
                                34.869987219572067
                            ],
                            [
                                32.600132972002029,
                                34.880745559930801
                            ],
                            [
                                32.59910836815834,
                                34.881662875413895
                            ],
                            [
                                32.600060552358627,
                                34.883738905191422
                            ],
                            [
                                32.598237991333008,
                                34.892578125
                            ],
                            [
                                32.598925977945328,
                                34.896951466798782
                            ],
                            [
                                32.598349303007126,
                                34.900703877210617
                            ],
                            [
                                32.59937658905983,
                                34.902087897062302
                            ],
                            [
                                32.599038630723953,
                                34.904823750257492
                            ],
                            [
                                32.600969821214676,
                                34.906398206949234
                            ],
                            [
                                32.601825445890427,
                                34.910966008901596
                            ],
                            [
                                32.602871507406235,
                                34.912545830011368
                            ],
                            [
                                32.601495534181595,
                                34.917338937520981
                            ],
                            [
                                32.602396756410599,
                                34.919141381978989
                            ],
                            [
                                32.602469176054001,
                                34.925653785467148
                            ],
                            [
                                32.59967565536499,
                                34.932403564453125
                            ],
                            [
                                32.599752098321915,
                                34.934993237257004
                            ],
                            [
                                32.598356008529663,
                                34.9365234375
                            ],
                            [
                                32.599312216043472,
                                34.938552528619766
                            ],
                            [
                                32.600430697202682,
                                34.947701543569565
                            ],
                            [
                                32.599221020936966,
                                34.953913539648056
                            ],
                            [
                                32.600079327821732,
                                34.957743734121323
                            ],
                            [
                                32.59948655962944,
                                34.960396438837051
                            ],
                            [
                                32.60035827755928,
                                34.962096959352493
                            ],
                            [
                                32.600521892309189,
                                34.968534260988235
                            ],
                            [
                                32.599634081125259,
                                34.971251338720322
                            ],
                            [
                                32.60037437081337,
                                34.976304620504379
                            ],
                            [
                                32.599298804998398,
                                34.979531317949295
                            ],
                            [
                                32.598170936107635,
                                34.98046875
                            ],
                            [
                                32.599121779203415,
                                34.988830536603928
                            ],
                            [
                                32.600213438272476,
                                34.991998225450516
                            ],
                            [
                                32.601020783185959,
                                35.002826303243637
                            ],
                            [
                                32.600044459104538,
                                35.008676201105118
                            ],
                            [
                                32.600814253091812,
                                35.011414736509323
                            ],
                            [
                                32.600159794092178,
                                35.015585571527481
                            ],
                            [
                                32.600685507059097,
                                35.016698688268661
                            ],
                            [
                                32.598028779029846,
                                35.0244140625
                            ],
                            [
                                32.598944753408432,
                                35.025555342435837
                            ],
                            [
                                32.598561197519302,
                                35.031480342149734
                            ],
                            [
                                32.599980086088181,
                                35.03671333193779
                            ],
                            [
                                32.599652856588364,
                                35.047906190156937
                            ],
                            [
                                32.60075256228447,
                                35.049893707036972
                            ],
                            [
                                32.599666267633438,
                                35.052959471940994
                            ],
                            [
                                32.599784284830093,
                                35.061580091714859
                            ],
                            [
                                32.598028779029846,
                                35.068359375
                            ],
                            [
                                32.611842155456543,
                                35.068359375
                            ],
                            [
                                32.615716606378555,
                                35.068392902612686
                            ],
                            [
                                32.616741210222244,
                                35.06916806101799
                            ],
                            [
                                32.626347541809082,
                                35.068359375
                            ],
                            [
                                32.628064155578613,
                                35.068359375
                            ],
                            [
                                32.630857676267624,
                                35.069406777620316
                            ],
                            [
                                32.636991888284683,
                                35.069511383771896
                            ],
                            [
                                32.643170356750488,
                                35.068359375
                            ],
                            [
                                32.644397467374802,
                                35.06779745221138
                            ],
                            [
                                32.65137255191803,
                                35.068359375
                            ],
                            [
                                32.656877785921097,
                                35.067014247179031
                            ],
                            [
                                32.664027214050293,
                                35.068359375
                            ],
                            [
                                32.665600329637527,
                                35.069605261087418
                            ],
                            [
                                32.667593210935593,
                                35.06980374455452
                            ],
                            [
                                32.674030512571335,
                                35.069157332181931
                            ],
                            [
                                32.67563983798027,
                                35.070069283246994
                            ],
                            [
                                32.681795507669449,
                                35.069090276956558
                            ],
                            [
                                32.688538581132889,
                                35.070383101701736
                            ],
                            [
                                32.691612392663956,
                                35.068701356649399
                            ],
                            [
                                32.694334834814072,
                                35.069320946931839
                            ],
                            [
                                32.695269584655762,
                                35.068359375
                            ],
                            [
                                32.6953125,
                                35.068359375
                            ],
                            [
                                32.696359902620316,
                                35.070798844099045
                            ],
                            [
                                32.696127891540527,
                                35.08209228515625
                            ],
                            [
                                32.697261124849319,
                                35.085572451353073
                            ],
                            [
                                32.69638404250145,
                                35.086999386548996
                            ],
                            [
                                32.6953125,
                                35.096407234668732
                            ],
                            [
                                32.699852138757706,
                                35.094611495733261
                            ],
                            [
                                32.702303677797318,
                                35.095177441835403
                            ],
                            [
                                32.704433351755142,
                                35.094294995069504
                            ],
                            [
                                32.707861214876175,
                                35.095164030790329
                            ],
                            [
                                32.714279741048813,
                                35.093723684549332
                            ],
                            [
                                32.7227783203125,
                                35.095717906951904
                            ],
                            [
                                32.725657671689987,
                                35.094034820795059
                            ],
                            [
                                32.731869667768478,
                                35.09389266371727
                            ],
                            [
                                32.739914953708649,
                                35.096476972103119
                            ],
                            [
                                32.73931011557579,
                                35.097738951444626
                            ],
                            [
                                32.73994043469429,
                                35.1051364839077
                            ],
                            [
                                32.73931011557579,
                                35.107848197221756
                            ],
                            [
                                32.739857286214828,
                                35.11024072766304
                            ],
                            [
                                32.739568948745728,
                                35.15625
                            ],
                            [
                                32.739464342594147,
                                35.201252102851868
                            ],
                            [
                                32.740703523159027,
                                35.201257467269897
                            ],
                            [
                                32.740963697433472,
                                35.201268196105957
                            ],
                            [
                                32.741974890232086,
                                35.201270878314972
                            ],
                            [
                                32.742878794670105,
                                35.201286971569061
                            ],
                            [
                                32.74376392364502,
                                35.201286971569061
                            ],
                            [
                                32.744026780128479,
                                35.201297700405121
                            ],
                            [
                                32.745046019554138,
                                35.201300382614136
                            ],
                            [
                                32.745955288410187,
                                35.201316475868225
                            ],
                            [
                                32.746810913085938,
                                35.201316475868225
                            ],
                            [
                                32.747087180614471,
                                35.201327204704285
                            ],
                            [
                                32.748154699802399,
                                35.2013298869133
                            ],
                            [
                                32.749077379703522,
                                35.201345980167389
                            ],
                            [
                                32.74987131357193,
                                35.201345980167389
                            ],
                            [
                                32.750150263309479,
                                35.201356709003448
                            ],
                            [
                                32.751303613185883,
                                35.201359391212463
                            ],
                            [
                                32.751394808292389,
                                35.201367437839508
                            ],
                            [
                                32.752918303012848,
                                35.201375484466553
                            ],
                            [
                                32.753266990184784,
                                35.201386213302612
                            ],
                            [
                                32.754428386688232,
                                35.201388895511627
                            ],
                            [
                                32.754428386688232,
                                35.201396942138672
                            ],
                            [
                                32.75747537612915,
                                35.201418399810791
                            ],
                            [
                                32.757531702518463,
                                35.201426446437836
                            ],
                            [
                                32.760508954524994,
                                35.201447904109955
                            ],
                            [
                                32.760820090770721,
                                35.201458632946014
                            ],
                            [
                                32.761968076229095,
                                35.201461315155029
                            ],
                            [
                                32.762035131454468,
                                35.201469361782074
                            ],
                            [
                                32.763558626174927,
                                35.201477408409119
                            ],
                            [
                                32.764242589473724,
                                35.201490819454193
                            ],
                            [
                                32.765068709850311,
                                35.201490819454193
                            ],
                            [
                                32.765103578567505,
                                35.201498866081238
                            ],
                            [
                                32.768102288246155,
                                35.201520323753357
                            ],
                            [
                                32.768418788909912,
                                35.201531052589417
                            ],
                            [
                                32.769609689712524,
                                35.201533734798431
                            ],
                            [
                                32.769609689712524,
                                35.201541781425476
                            ],
                            [
                                32.772643268108368,
                                35.201563239097595
                            ],
                            [
                                32.77296781539917,
                                35.201573967933655
                            ],
                            [
                                32.774153351783752,
                                35.20157665014267
                            ],
                            [
                                32.774153351783752,
                                35.201584696769714
                            ],
                            [
                                32.777186930179596,
                                35.201606154441833
                            ],
                            [
                                32.777514159679413,
                                35.201616883277893
                            ],
                            [
                                32.778694331645966,
                                35.201619565486908
                            ],
                            [
                                32.778694331645966,
                                35.201627612113953
                            ],
                            [
                                32.781714498996735,
                                35.201649069786072
                            ],
                            [
                                32.782057821750641,
                                35.201659798622131
                            ],
                            [
                                32.783224582672119,
                                35.201662480831146
                            ],
                            [
                                32.783224582672119,
                                35.201670527458191
                            ],
                            [
                                32.789227366447449,
                                35.201718807220459
                            ],
                            [
                                32.789246141910553,
                                35.201726853847504
                            ],
                            [
                                32.791491150856018,
                                35.201748311519623
                            ],
                            [
                                32.795251607894897,
                                35.201775133609772
                            ],
                            [
                                32.795259654521942,
                                35.201783180236816
                            ],
                            [
                                32.799763083457947,
                                35.20181804895401
                            ],
                            [
                                32.800149321556091,
                                35.20182877779007
                            ],
                            [
                                32.801275849342346,
                                35.201831459999084
                            ],
                            [
                                32.801275849342346,
                                35.201839506626129
                            ],
                            [
                                32.802625000476837,
                                35.201844871044159
                            ],
                            [
                                32.805033624172211,
                                35.201874375343323
                            ],
                            [
                                32.816266715526581,
                                35.201970934867859
                            ],
                            [
                                32.816652953624725,
                                35.201981663703918
                            ],
                            [
                                32.819265425205231,
                                35.201997756958008
                            ],
                            [
                                32.819289565086365,
                                35.202005803585052
                            ],
                            [
                                32.820762097835541,
                                35.202011168003082
                            ],
                            [
                                32.820762097835541,
                                35.202019214630127
                            ],
                            [
                                32.822132706642151,
                                35.202024579048157
                            ],
                            [
                                32.822258770465851,
                                35.202032625675201
                            ],
                            [
                                32.827481031417847,
                                35.202080905437469
                            ],
                            [
                                32.853774726390839,
                                35.202314257621765
                            ],
                            [
                                32.8537318110466,
                                35.241198241710663
                            ],
                            [
                                32.8537318110466,
                                35.244140625
                            ],
                            [
                                32.87109375,
                                35.244140625
                            ],
                            [
                                32.87109375,
                                35.425495505332947
                            ],
                            [
                                32.90879487991333,
                                35.425640344619751
                            ],
                            [
                                32.910956740379333,
                                35.425640344619751
                            ],
                            [
                                32.911892831325531,
                                35.425651073455811
                            ],
                            [
                                32.923396825790405,
                                35.425683259963989
                            ],
                            [
                                32.924373149871826,
                                35.425693988800049
                            ],
                            [
                                32.927573025226593,
                                35.425696671009064
                            ],
                            [
                                32.927573025226593,
                                35.425704717636108
                            ],
                            [
                                32.958984375,
                                35.425801277160645
                            ],
                            [
                                32.958984375,
                                35.419921875
                            ],
                            [
                                33.000660538673401,
                                35.419921875
                            ],
                            [
                                32.999688237905502,
                                35.404184013605118
                            ],
                            [
                                33.00011470913887,
                                35.399817377328873
                            ],
                            [
                                32.999371737241745,
                                35.395303219556808
                            ],
                            [
                                33.000647127628326,
                                35.37935882806778
                            ],
                            [
                                33.000647127628326,
                                35.3759765625
                            ],
                            [
                                32.997244745492935,
                                35.367199033498764
                            ],
                            [
                                32.997850924730301,
                                35.362212806940079
                            ],
                            [
                                32.996837049722672,
                                35.350116044282913
                            ],
                            [
                                32.99686387181282,
                                35.346728414297104
                            ],
                            [
                                33.000342696905136,
                                35.336560159921646
                            ],
                            [
                                32.999639958143234,
                                35.333631187677383
                            ],
                            [
                                33.000628352165222,
                                35.33203125
                            ],
                            [
                                32.999760657548904,
                                35.331426411867142
                            ],
                            [
                                32.998593896627426,
                                35.327826887369156
                            ],
                            [
                                32.99963191151619,
                                35.315429717302322
                            ],
                            [
                                32.99811378121376,
                                35.31449630856514
                            ],
                            [
                                32.997842878103256,
                                35.313265174627304
                            ],
                            [
                                32.998647540807724,
                                35.29689833521843
                            ],
                            [
                                33.000577390193939,
                                35.2880859375
                            ],
                            [
                                32.998277395963669,
                                35.28265044093132
                            ],
                            [
                                32.997928708791733,
                                35.275462120771408
                            ],
                            [
                                32.999154478311539,
                                35.270475894212723
                            ],
                            [
                                32.998505383729935,
                                35.258105546236038
                            ],
                            [
                                32.99762561917305,
                                35.255973190069199
                            ],
                            [
                                33.00010934472084,
                                35.249307900667191
                            ],
                            [
                                33.000496923923492,
                                35.244140625
                            ],
                            [
                                32.99825057387352,
                                35.242704302072525
                            ],
                            [
                                32.998961359262466,
                                35.234526246786118
                            ],
                            [
                                32.997727543115616,
                                35.230556577444077
                            ],
                            [
                                32.99873873591423,
                                35.222480446100235
                            ],
                            [
                                32.997912615537643,
                                35.213291198015213
                            ],
                            [
                                32.999674826860428,
                                35.211319774389267
                            ],
                            [
                                33.000443279743195,
                                35.2001953125
                            ],
                            [
                                32.998336404561996,
                                35.191535800695419
                            ],
                            [
                                32.998062819242477,
                                35.185806602239609
                            ],
                            [
                                32.997083812952042,
                                35.184017568826675
                            ],
                            [
                                32.997596114873886,
                                35.17678365111351
                            ],
                            [
                                32.998666316270828,
                                35.174474269151688
                            ],
                            [
                                32.998730689287186,
                                35.168774574995041
                            ],
                            [
                                33.000181764364243,
                                35.166593939065933
                            ],
                            [
                                32.999859899282455,
                                35.162283629179001
                            ],
                            [
                                32.998317629098892,
                                35.158356875181198
                            ],
                            [
                                33.000384271144867,
                                35.15625
                            ],
                            [
                                32.998601943254471,
                                35.155293792486191
                            ],
                            [
                                33.000034242868423,
                                35.152549892663956
                            ],
                            [
                                32.998593896627426,
                                35.149969607591629
                            ],
                            [
                                32.999414652585983,
                                35.14731153845787
                            ],
                            [
                                32.998357862234116,
                                35.134276002645493
                            ],
                            [
                                33.000192493200302,
                                35.132269710302353
                            ],
                            [
                                33.000313192605972,
                                35.129555314779282
                            ],
                            [
                                32.998105734586716,
                                35.125891417264938
                            ],
                            [
                                32.998803108930588,
                                35.119075924158096
                            ],
                            [
                                32.99812451004982,
                                35.117552429437637
                            ],
                            [
                                32.999629229307175,
                                35.115336924791336
                            ],
                            [
                                33.00030916929245,
                                35.1123046875
                            ],
                            [
                                33.000285029411316,
                                35.097013413906097
                            ],
                            [
                                32.999527305364609,
                                35.095542222261429
                            ],
                            [
                                32.99987331032753,
                                35.09102001786232
                            ],
                            [
                                32.99887552857399,
                                35.088407546281815
                            ],
                            [
                                33.000168353319168,
                                35.084767788648605
                            ],
                            [
                                33.000138849020004,
                                35.074272304773331
                            ],
                            [
                                32.999285906553268,
                                35.070731788873672
                            ],
                            [
                                33.000239431858063,
                                35.068359375
                            ],
                            [
                                33.000018149614334,
                                35.064122825860977
                            ],
                            [
                                32.99623891711235,
                                35.059933215379715
                            ],
                            [
                                32.99563005566597,
                                35.055604130029678
                            ],
                            [
                                32.994712740182877,
                                35.054633170366287
                            ],
                            [
                                32.994605451822281,
                                35.050601810216904
                            ],
                            [
                                32.995337694883347,
                                35.04831925034523
                            ],
                            [
                                32.994294315576553,
                                35.046232491731644
                            ],
                            [
                                32.996051162481308,
                                35.040927082300186
                            ],
                            [
                                32.995943874120712,
                                35.038413852453232
                            ],
                            [
                                32.997813373804092,
                                35.03409281373024
                            ],
                            [
                                32.998101711273193,
                                35.02716064453125
                            ],
                            [
                                33.000156283378601,
                                35.0244140625
                            ],
                            [
                                32.999234944581985,
                                35.021706372499466
                            ],
                            [
                                32.997512966394424,
                                35.019651800394058
                            ],
                            [
                                32.998314946889877,
                                35.010320395231247
                            ],
                            [
                                32.997534424066544,
                                35.007874220609665
                            ],
                            [
                                32.998170107603073,
                                35.005489736795425
                            ],
                            [
                                32.996233552694321,
                                35.001750737428665
                            ],
                            [
                                32.996576875448227,
                                34.998440891504288
                            ],
                            [
                                32.995809763669968,
                                34.995777457952499
                            ],
                            [
                                32.997035533189774,
                                34.985244423151016
                            ],
                            [
                                32.999165207147598,
                                34.982953816652298
                            ],
                            [
                                33.000040948390961,
                                34.98046875
                            ],
                            [
                                32.999336868524551,
                                34.974129348993301
                            ],
                            [
                                32.998398095369339,
                                34.972798973321915
                            ],
                            [
                                32.998309582471848,
                                34.968523532152176
                            ],
                            [
                                32.999987304210663,
                                34.964906573295593
                            ],
                            [
                                33.01084890961647,
                                34.965720623731613
                            ],
                            [
                                33.013804703950882,
                                34.967075139284134
                            ],
                            [
                                33.015762716531754,
                                34.966369718313217
                            ],
                            [
                                33.022293895483017,
                                34.967163652181625
                            ],
                            [
                                33.032293170690536,
                                34.970902651548386
                            ],
                            [
                                33.035632520914078,
                                34.970492273569107
                            ],
                            [
                                33.037019222974777,
                                34.969515949487686
                            ],
                            [
                                33.041688948869705,
                                34.96329590678215
                            ],
                            [
                                33.044481128454208,
                                34.963330775499344
                            ],
                            [
                                33.046875,
                                34.96211439371109
                            ],
                            [
                                33.046875,
                                34.962132685203947
                            ],
                            [
                                33.049043565988541,
                                34.966090768575668
                            ],
                            [
                                33.049408346414566,
                                34.968893676996231
                            ],
                            [
                                33.048332780599594,
                                34.973855763673782
                            ],
                            [
                                33.048727065324783,
                                34.975465089082718
                            ],
                            [
                                33.047227710485458,
                                34.977307766675949
                            ],
                            [
                                33.046875,
                                34.980168342590332
                            ],
                            [
                                33.046875,
                                34.98046875
                            ],
                            [
                                33.048324733972549,
                                34.979820996522903
                            ],
                            [
                                33.052153587341309,
                                34.98046875
                            ],
                            [
                                33.057646751403809,
                                34.98046875
                            ],
                            [
                                33.067186027765274,
                                34.982524663209915
                            ],
                            [
                                33.068379610776901,
                                34.983517080545425
                            ],
                            [
                                33.07602658867836,
                                34.982892125844955
                            ],
                            [
                                33.078797310590744,
                                34.9835304915905
                            ],
                            [
                                33.087074607610703,
                                34.982186704874039
                            ],
                            [
                                33.089661598205566,
                                34.98046875
                            ],
                            [
                                33.09082567691803,
                                34.98046875
                            ],
                            [
                                33.094692081212997,
                                34.979206770658493
                            ],
                            [
                                33.104510307312012,
                                34.98046875
                            ],
                            [
                                33.105454444885254,
                                34.98046875
                            ],
                            [
                                33.112475126981735,
                                34.981116503477097
                            ],
                            [
                                33.115537352542482,
                                34.98046875
                            ],
                            [
                                33.115555644035339,
                                34.98046875
                            ],
                            [
                                33.115668296813965,
                                34.98046875
                            ],
                            [
                                33.119625896215439,
                                34.979652017354965
                            ],
                            [
                                33.121933937072754,
                                34.98046875
                            ],
                            [
                                33.130002021789551,
                                34.98046875
                            ],
                            [
                                33.131993561983109,
                                34.981309622526169
                            ],
                            [
                                33.133978396654129,
                                34.981210380792618
                            ],
                            [
                                33.134636878967285,
                                34.98046875
                            ],
                            [
                                33.135151863098145,
                                34.98046875
                            ],
                            [
                                33.143266886472702,
                                34.981972128152847
                            ],
                            [
                                33.147349208593369,
                                34.980499595403671
                            ],
                            [
                                33.151717185974121,
                                34.98046875
                            ],
                            [
                                33.155114203691483,
                                34.979866594076157
                            ],
                            [
                                33.155837059020996,
                                34.98046875
                            ],
                            [
                                33.158724457025528,
                                34.980770498514175
                            ],
                            [
                                33.159255534410477,
                                34.981690496206284
                            ],
                            [
                                33.161672204732895,
                                34.982186704874039
                            ],
                            [
                                33.170719295740128,
                                34.982438832521439
                            ],
                            [
                                33.174498528242111,
                                34.980837553739548
                            ],
                            [
                                33.177895545959473,
                                34.98046875
                            ],
                            [
                                33.179097175598145,
                                34.98046875
                            ],
                            [
                                33.181786090135574,
                                34.980180412530899
                            ],
                            [
                                33.186981528997421,
                                34.977836161851883
                            ],
                            [
                                33.191546648740768,
                                34.978686422109604
                            ],
                            [
                                33.196334391832352,
                                34.977688640356064
                            ],
                            [
                                33.204330056905746,
                                34.978316277265549
                            ],
                            [
                                33.210485726594925,
                                34.977841526269913
                            ],
                            [
                                33.214428573846817,
                                34.97827872633934
                            ],
                            [
                                33.217153698205948,
                                34.979480355978012
                            ],
                            [
                                33.220082670450211,
                                34.979389160871506
                            ],
                            [
                                33.221926689147949,
                                34.98046875
                            ],
                            [
                                33.22265625,
                                34.98046875
                            ],
                            [
                                33.22265625,
                                34.982303380966187
                            ],
                            [
                                33.228821307420731,
                                34.985467046499252
                            ],
                            [
                                33.237350732088089,
                                34.986462146043777
                            ],
                            [
                                33.240550607442856,
                                34.985756725072861
                            ],
                            [
                                33.241544365882874,
                                34.983480870723724
                            ],
                            [
                                33.242640048265457,
                                34.987752288579941
                            ],
                            [
                                33.24470266699791,
                                34.990831464529037
                            ],
                            [
                                33.242945820093155,
                                34.992953091859818
                            ],
                            [
                                33.241710662841797,
                                34.996899962425232
                            ],
                            [
                                33.24669286608696,
                                34.997620135545731
                            ],
                            [
                                33.259464204311371,
                                34.997516870498657
                            ],
                            [
                                33.2666015625,
                                34.996908009052277
                            ],
                            [
                                33.269738405942917,
                                34.997488707304001
                            ],
                            [
                                33.270642310380936,
                                34.998553544282913
                            ],
                            [
                                33.274252563714981,
                                34.99987319111824
                            ],
                            [
                                33.285837024450302,
                                35.00001534819603
                            ],
                            [
                                33.289264887571335,
                                35.002316683530807
                            ],
                            [
                                33.290329724550247,
                                35.002064555883408
                            ],
                            [
                                33.290833979845047,
                                35.002077966928482
                            ],
                            [
                                33.293164819478989,
                                35.002721697092056
                            ],
                            [
                                33.296718746423721,
                                35.001332312822342
                            ],
                            [
                                33.305701464414597,
                                34.999181181192398
                            ],
                            [
                                33.309861570596695,
                                34.99587669968605
                            ],
                            [
                                33.310546875,
                                34.992718398571014
                            ],
                            [
                                33.31122413277626,
                                34.993838220834732
                            ],
                            [
                                33.313329666852951,
                                34.994152039289474
                            ],
                            [
                                33.314153105020523,
                                34.995560199022293
                            ],
                            [
                                33.317398577928543,
                                34.996195882558823
                            ],
                            [
                                33.32222655415535,
                                34.995109587907791
                            ],
                            [
                                33.324664682149887,
                                34.995705038309097
                            ],
                            [
                                33.327904790639877,
                                34.994629472494125
                            ],
                            [
                                33.334685415029526,
                                34.995565563440323
                            ],
                            [
                                33.336742669343948,
                                34.995278567075729
                            ],
                            [
                                33.337753862142563,
                                34.993221312761307
                            ],
                            [
                                33.339545577764511,
                                34.992499798536301
                            ],
                            [
                                33.341404348611832,
                                34.990270882844925
                            ],
                            [
                                33.350840359926224,
                                34.991182833909988
                            ],
                            [
                                33.352996855974197,
                                34.988913685083389
                            ],
                            [
                                33.3544921875,
                                34.98859316110611
                            ],
                            [
                                33.355469852685928,
                                34.989546686410904
                            ],
                            [
                                33.359621912240982,
                                34.990614205598831
                            ],
                            [
                                33.369599729776382,
                                34.991174787282944
                            ],
                            [
                                33.372756689786911,
                                34.99375507235527
                            ],
                            [
                                33.377836793661118,
                                34.994465857744217
                            ],
                            [
                                33.380478769540787,
                                34.996085911989212
                            ],
                            [
                                33.381142616271973,
                                34.997519552707672
                            ],
                            [
                                33.383064419031143,
                                34.998958557844162
                            ],
                            [
                                33.388402014970779,
                                34.999991208314896
                            ],
                            [
                                33.3984375,
                                34.997066259384155
                            ],
                            [
                                33.399455398321152,
                                34.993333965539932
                            ],
                            [
                                33.398693650960922,
                                34.989806860685349
                            ],
                            [
                                33.399460762739182,
                                34.98503789305687
                            ],
                            [
                                33.398546129465103,
                                34.984056204557419
                            ],
                            [
                                33.3984375,
                                34.981799125671387
                            ],
                            [
                                33.3984375,
                                34.98046875
                            ],
                            [
                                33.403630256652832,
                                34.98046875
                            ],
                            [
                                33.406944125890732,
                                34.981258660554886
                            ],
                            [
                                33.408265113830566,
                                34.98046875
                            ],
                            [
                                33.411549478769302,
                                34.978316277265549
                            ],
                            [
                                33.413799852132797,
                                34.978085607290268
                            ],
                            [
                                33.419062346220016,
                                34.97940257191658
                            ],
                            [
                                33.422519713640213,
                                34.978458434343338
                            ],
                            [
                                33.425431251525879,
                                34.98046875
                            ],
                            [
                                33.42601865530014,
                                34.98046875
                            ],
                            [
                                33.427960574626923,
                                34.98046875
                            ],
                            [
                                33.427970819492735,
                                34.98046875
                            ],
                            [
                                33.428176492452621,
                                34.981717318296432
                            ],
                            [
                                33.429517596960068,
                                34.982020407915115
                            ],
                            [
                                33.436417579650879,
                                34.98046875
                            ],
                            [
                                33.440316170454025,
                                34.979378432035446
                            ],
                            [
                                33.44237744808197,
                                34.98046875
                            ],
                            [
                                33.44238817691803,
                                34.98046875
                            ],
                            [
                                33.444596976041794,
                                34.979153126478195
                            ],
                            [
                                33.445753008127213,
                                34.979834407567978
                            ],
                            [
                                33.44944640994072,
                                34.979212135076523
                            ],
                            [
                                33.458819389343262,
                                34.98046875
                            ],
                            [
                                33.460754603147507,
                                34.981011897325516
                            ],
                            [
                                33.463485091924667,
                                34.984066933393478
                            ],
                            [
                                33.464388996362686,
                                34.983240813016891
                            ],
                            [
                                33.471341282129288,
                                34.983144253492355
                            ],
                            [
                                33.473969846963882,
                                34.981022626161575
                            ],
                            [
                                33.482013791799545,
                                34.982162564992905
                            ],
                            [
                                33.484982997179031,
                                34.981717318296432
                            ],
                            [
                                33.486285209655762,
                                34.98046875
                            ],
                            [
                                33.486328125,
                                34.98046875
                            ],
                            [
                                33.486328125,
                                34.981799125671387
                            ],
                            [
                                33.48538801074028,
                                34.984072297811508
                            ],
                            [
                                33.486328125,
                                34.988150596618652
                            ],
                            [
                                33.487732261419296,
                                34.989439398050308
                            ],
                            [
                                33.4880031645298,
                                34.990852922201157
                            ],
                            [
                                33.48726287484169,
                                34.99487891793251
                            ],
                            [
                                33.486328125,
                                34.995481073856354
                            ],
                            [
                                33.487114012241364,
                                34.99545156955719
                            ],
                            [
                                33.488923162221909,
                                34.998542815446854
                            ],
                            [
                                33.489097505807877,
                                35.001074820756912
                            ],
                            [
                                33.491980880498886,
                                35.0051249563694
                            ],
                            [
                                33.493246883153915,
                                35.015352219343185
                            ],
                            [
                                33.495505303144455,
                                35.017685741186142
                            ],
                            [
                                33.494681864976883,
                                35.022210627794266
                            ],
                            [
                                33.498041331768036,
                                35.0244140625
                            ],
                            [
                                33.496567457914352,
                                35.0269715487957
                            ],
                            [
                                33.496728390455246,
                                35.029763728380203
                            ],
                            [
                                33.496025651693344,
                                35.030809789896011
                            ],
                            [
                                33.496698886156082,
                                35.032166987657547
                            ],
                            [
                                33.495907634496689,
                                35.033041387796402
                            ],
                            [
                                33.495690375566483,
                                35.037126392126083
                            ],
                            [
                                33.494024723768234,
                                35.042289644479752
                            ],
                            [
                                33.49449411034584,
                                35.059107095003128
                            ],
                            [
                                33.493387699127197,
                                35.066986083984375
                            ],
                            [
                                33.4940005838871,
                                35.067762583494186
                            ],
                            [
                                33.498046696186066,
                                35.068359375
                            ],
                            [
                                33.496084660291672,
                                35.070122927427292
                            ],
                            [
                                33.495615273714066,
                                35.07778063416481
                            ],
                            [
                                33.494169563055038,
                                35.082238465547562
                            ],
                            [
                                33.493716269731522,
                                35.09138211607933
                            ],
                            [
                                33.492447584867477,
                                35.098063498735428
                            ],
                            [
                                33.493945598602295,
                                35.105438232421875
                            ],
                            [
                                33.495851308107376,
                                35.108204931020737
                            ],
                            [
                                33.496605008840561,
                                35.110930055379868
                            ],
                            [
                                33.498006463050842,
                                35.1123046875
                            ],
                            [
                                33.495899587869644,
                                35.112762004137039
                            ],
                            [
                                33.495510667562485,
                                35.113687366247177
                            ],
                            [
                                33.495239764451981,
                                35.119016915559769
                            ],
                            [
                                33.493303209543228,
                                35.120540410280228
                            ],
                            [
                                33.491785079240799,
                                35.128646045923233
                            ],
                            [
                                33.49312350153923,
                                35.134305506944656
                            ],
                            [
                                33.494410961866379,
                                35.136354714632034
                            ],
                            [
                                33.494461923837662,
                                35.138503164052963
                            ],
                            [
                                33.497315794229507,
                                35.142537206411362
                            ],
                            [
                                33.497356027364731,
                                35.144111663103104
                            ],
                            [
                                33.495419472455978,
                                35.146254748106003
                            ],
                            [
                                33.495183438062668,
                                35.151337534189224
                            ],
                            [
                                33.497315794229507,
                                35.153909772634506
                            ],
                            [
                                33.497974276542664,
                                35.15625
                            ],
                            [
                                33.497318476438522,
                                35.16978845000267
                            ],
                            [
                                33.497982323169708,
                                35.174663364887238
                            ],
                            [
                                33.499399870634079,
                                35.177266448736191
                            ],
                            [
                                33.499394506216049,
                                35.179133266210556
                            ],
                            [
                                33.501886278390884,
                                35.180144459009171
                            ],
                            [
                                33.503007441759109,
                                35.189832597970963
                            ],
                            [
                                33.504171520471573,
                                35.190945714712143
                            ],
                            [
                                33.507446497678757,
                                35.191449970006943
                            ],
                            [
                                33.507551103830338,
                                35.195706635713577
                            ],
                            [
                                33.510340601205826,
                                35.197262316942215
                            ],
                            [
                                33.511523455381393,
                                35.199821144342422
                            ],
                            [
                                33.514996916055679,
                                35.200183242559433
                            ],
                            [
                                33.512808233499527,
                                35.203873962163925
                            ],
                            [
                                33.514412194490433,
                                35.205177515745163
                            ],
                            [
                                33.514776974916458,
                                35.206596404314041
                            ],
                            [
                                33.514894992113113,
                                35.215428918600082
                            ],
                            [
                                33.513815402984619,
                                35.220794677734375
                            ],
                            [
                                33.514840006828308,
                                35.222999453544617
                            ],
                            [
                                33.515420705080032,
                                35.221960097551346
                            ],
                            [
                                33.520660400390625,
                                35.221374034881592
                            ],
                            [
                                33.523258119821548,
                                35.219562202692032
                            ],
                            [
                                33.529057055711746,
                                35.220047682523727
                            ],
                            [
                                33.5302734375,
                                35.222688317298889
                            ],
                            [
                                33.531648069620132,
                                35.221839398145676
                            ],
                            [
                                33.533903807401657,
                                35.222585052251816
                            ],
                            [
                                33.538967818021774,
                                35.222190767526627
                            ],
                            [
                                33.542253524065018,
                                35.219602435827255
                            ],
                            [
                                33.54330763220787,
                                35.217580050230026
                            ],
                            [
                                33.548714965581894,
                                35.217327922582626
                            ],
                            [
                                33.548980504274368,
                                35.215694457292557
                            ],
                            [
                                33.551276475191116,
                                35.214919298887253
                            ],
                            [
                                33.551651984453201,
                                35.213776677846909
                            ],
                            [
                                33.554382473230362,
                                35.213130265474319
                            ],
                            [
                                33.555425852537155,
                                35.213312655687332
                            ],
                            [
                                33.55818584561348,
                                35.21611824631691
                            ],
                            [
                                33.566999584436417,
                                35.215858072042465
                            ],
                            [
                                33.568595498800278,
                                35.217008739709854
                            ],
                            [
                                33.570124357938766,
                                35.216960459947586
                            ],
                            [
                                33.572524935007095,
                                35.221265405416489
                            ],
                            [
                                33.57421875,
                                35.221832692623138
                            ],
                            [
                                33.578382879495621,
                                35.22099182009697
                            ],
                            [
                                33.579836636781693,
                                35.219452232122421
                            ],
                            [
                                33.588658422231674,
                                35.220157653093338
                            ],
                            [
                                33.589925765991211,
                                35.221551060676575
                            ],
                            [
                                33.590340167284012,
                                35.2202408015728
                            ],
                            [
                                33.596283942461014,
                                35.218218415975571
                            ],
                            [
                                33.606690913438797,
                                35.218945294618607
                            ],
                            [
                                33.610982447862625,
                                35.217754393815994
                            ],
                            [
                                33.617242723703384,
                                35.218905061483383
                            ],
                            [
                                33.618138581514359,
                                35.220903307199478
                            ],
                            [
                                33.623442649841309,
                                35.220781266689301
                            ],
                            [
                                33.627751618623734,
                                35.218757539987564
                            ],
                            [
                                33.634862154722214,
                                35.217193812131882
                            ],
                            [
                                33.640347272157669,
                                35.217896550893784
                            ],
                            [
                                33.644915074110031,
                                35.215458422899246
                            ],
                            [
                                33.651730567216873,
                                35.21624431014061
                            ],
                            [
                                33.652484267950058,
                                35.217038244009018
                            ],
                            [
                                33.655729740858078,
                                35.217424482107162
                            ],
                            [
                                33.656397610902786,
                                35.218564420938492
                            ],
                            [
                                33.658666759729385,
                                35.218883603811264
                            ],
                            [
                                33.658975213766098,
                                35.219656080007553
                            ],
                            [
                                33.662109375,
                                35.219957828521729
                            ],
                            [
                                33.664146512746811,
                                35.216705650091171
                            ],
                            [
                                33.675712198019028,
                                35.217057019472122
                            ],
                            [
                                33.677809685468674,
                                35.216013640165329
                            ],
                            [
                                33.678103387355804,
                                35.215054750442505
                            ],
                            [
                                33.676760941743851,
                                35.212043970823288
                            ],
                            [
                                33.677471727132797,
                                35.208103805780411
                            ],
                            [
                                33.67589458823204,
                                35.207596868276596
                            ],
                            [
                                33.673917800188065,
                                35.204442590475082
                            ],
                            [
                                33.674328178167343,
                                35.202489942312241
                            ],
                            [
                                33.678241521120071,
                                35.200207382440567
                            ],
                            [
                                33.676988929510117,
                                35.199445635080338
                            ],
                            [
                                33.676299601793289,
                                35.197573453187943
                            ],
                            [
                                33.678260296583176,
                                35.195213109254837
                            ],
                            [
                                33.67654100060463,
                                35.184693485498428
                            ],
                            [
                                33.674719780683517,
                                35.184320658445358
                            ],
                            [
                                33.674049228429794,
                                35.18203005194664
                            ],
                            [
                                33.673735409975052,
                                35.176609307527542
                            ],
                            [
                                33.673067539930344,
                                35.175689309835434
                            ],
                            [
                                33.673679083585739,
                                35.172709375619888
                            ],
                            [
                                33.672592788934708,
                                35.170399993658066
                            ],
                            [
                                33.672893196344376,
                                35.168723613023758
                            ],
                            [
                                33.674641996622086,
                                35.166752189397812
                            ],
                            [
                                33.673721998929977,
                                35.163064152002335
                            ],
                            [
                                33.674204796552658,
                                35.158694833517075
                            ],
                            [
                                33.675650507211685,
                                35.156986266374588
                            ],
                            [
                                33.678626418113708,
                                35.15625
                            ],
                            [
                                33.675693422555923,
                                35.154698342084885
                            ],
                            [
                                33.676431030035019,
                                35.15170231461525
                            ],
                            [
                                33.678576797246933,
                                35.149543136358261
                            ],
                            [
                                33.678659945726395,
                                35.147971361875534
                            ],
                            [
                                33.677300065755844,
                                35.144058018922806
                            ],
                            [
                                33.677919656038284,
                                35.140160769224167
                            ],
                            [
                                33.676372021436691,
                                35.135378390550613
                            ],
                            [
                                33.677096217870712,
                                35.13333722949028
                            ],
                            [
                                33.675194531679153,
                                35.132674723863602
                            ],
                            [
                                33.67416724562645,
                                35.129751116037369
                            ],
                            [
                                33.675626367330551,
                                35.124995559453964
                            ],
                            [
                                33.675688058137894,
                                35.121817141771317
                            ],
                            [
                                33.674747943878174,
                                35.119171142578125
                            ],
                            [
                                33.67564782500267,
                                35.115031152963638
                            ],
                            [
                                33.676203042268753,
                                35.113454014062881
                            ],
                            [
                                33.679009974002838,
                                35.1123046875
                            ],
                            [
                                33.675942867994308,
                                35.099192708730698
                            ],
                            [
                                33.676573187112808,
                                35.09575679898262
                            ],
                            [
                                33.675991147756577,
                                35.092130452394485
                            ],
                            [
                                33.673630803823471,
                                35.089440196752548
                            ],
                            [
                                33.673417568206787,
                                35.08758544921875
                            ],
                            [
                                33.674116283655167,
                                35.081999748945236
                            ],
                            [
                                33.676058202981949,
                                35.078373402357101
                            ],
                            [
                                33.67865726351738,
                                35.076013058423996
                            ],
                            [
                                33.679323792457581,
                                35.068359375
                            ],
                            [
                                33.677503913640976,
                                35.061271637678146
                            ],
                            [
                                33.676516860723495,
                                35.046514123678207
                            ],
                            [
                                33.676763623952866,
                                35.044950395822525
                            ],
                            [
                                33.679530322551727,
                                35.044852495193481
                            ],
                            [
                                33.677324205636978,
                                35.04157081246376
                            ],
                            [
                                33.672740310430527,
                                35.03944918513298
                            ],
                            [
                                33.671895414590836,
                                35.033162087202072
                            ],
                            [
                                33.670554310083389,
                                35.031794160604477
                            ],
                            [
                                33.669548481702805,
                                35.027921050786972
                            ],
                            [
                                33.670444339513779,
                                35.026440471410751
                            ],
                            [
                                33.676514178514481,
                                35.024823099374771
                            ],
                            [
                                33.679668456315994,
                                35.024890154600143
                            ],
                            [
                                33.677359074354172,
                                35.017468482255936
                            ],
                            [
                                33.675213307142258,
                                35.013906508684158
                            ],
                            [
                                33.673365265130997,
                                35.013343244791031
                            ],
                            [
                                33.672453314065933,
                                35.00950500369072
                            ],
                            [
                                33.676197677850723,
                                35.003700703382492
                            ],
                            [
                                33.675610274076462,
                                35.002056509256363
                            ],
                            [
                                33.677198141813278,
                                34.997145384550095
                            ],
                            [
                                33.677176684141159,
                                34.991976767778397
                            ],
                            [
                                33.677946478128433,
                                34.990836828947067
                            ],
                            [
                                33.676935285329819,
                                34.987301677465439
                            ],
                            [
                                33.679577261209488,
                                34.984243959188461
                            ],
                            [
                                33.680166006088257,
                                34.98046875
                            ],
                            [
                                33.677611202001572,
                                34.975990802049637
                            ],
                            [
                                33.678048402070999,
                                34.971685856580734
                            ],
                            [
                                33.678997904062271,
                                34.969985336065292
                            ],
                            [
                                33.678729683160782,
                                34.966501146554947
                            ],
                            [
                                33.676707297563553,
                                34.962579756975174
                            ],
                            [
                                33.673137277364731,
                                34.944549947977066
                            ],
                            [
                                33.673687130212784,
                                34.940853863954544
                            ],
                            [
                                33.675205260515213,
                                34.937911480665207
                            ],
                            [
                                33.680529445409775,
                                34.936538189649582
                            ],
                            [
                                33.679448515176773,
                                34.926222413778305
                            ],
                            [
                                33.680127114057541,
                                34.911773353815079
                            ],
                            [
                                33.679496794939041,
                                34.904230982065201
                            ],
                            [
                                33.680868744850159,
                                34.892578125
                            ],
                            [
                                33.680874109268188,
                                34.892521798610687
                            ],
                            [
                                33.680970668792725,
                                34.878448247909546
                            ],
                            [
                                33.680965304374695,
                                34.878059327602386
                            ],
                            [
                                33.68097335100174,
                                34.878059327602386
                            ],
                            [
                                33.68096798658371,
                                34.877675771713257
                            ],
                            [
                                33.680976033210754,
                                34.877675771713257
                            ],
                            [
                                33.680970668792725,
                                34.877289533615112
                            ],
                            [
                                33.681005537509918,
                                34.873019456863403
                            ],
                            [
                                33.681000173091888,
                                34.872630536556244
                            ],
                            [
                                33.681008219718933,
                                34.872630536556244
                            ],
                            [
                                33.681002855300903,
                                34.872241616249084
                            ],
                            [
                                33.681010901927948,
                                34.872241616249084
                            ],
                            [
                                33.681005537509918,
                                34.871852695941925
                            ],
                            [
                                33.681040406227112,
                                34.867571890354156
                            ],
                            [
                                33.681035041809082,
                                34.867182970046997
                            ],
                            [
                                33.681043088436127,
                                34.867182970046997
                            ],
                            [
                                33.681037724018097,
                                34.866794049739838
                            ],
                            [
                                33.681072592735291,
                                34.862505197525024
                            ],
                            [
                                33.681067228317261,
                                34.862116277217865
                            ],
                            [
                                33.681075274944305,
                                34.862116277217865
                            ],
                            [
                                33.681069910526276,
                                34.861727356910706
                            ],
                            [
                                33.681110143661499,
                                34.856700897216797
                            ],
                            [
                                33.681104779243469,
                                34.856317341327667
                            ],
                            [
                                33.681112825870514,
                                34.856317341327667
                            ],
                            [
                                33.681107461452484,
                                34.855925738811493
                            ],
                            [
                                33.681115508079529,
                                34.855925738811493
                            ],
                            [
                                33.681110143661499,
                                34.855536818504333
                            ],
                            [
                                33.681150376796722,
                                34.850526452064514
                            ],
                            [
                                33.681145012378693,
                                34.85014021396637
                            ],
                            [
                                33.681153059005737,
                                34.85014021396637
                            ],
                            [
                                33.681147694587708,
                                34.84976202249527
                            ],
                            [
                                33.681155741214752,
                                34.84976202249527
                            ],
                            [
                                33.681150376796722,
                                34.849375784397125
                            ],
                            [
                                33.681206703186035,
                                34.842168688774109
                            ],
                            [
                                33.681201338768005,
                                34.841793179512024
                            ],
                            [
                                33.68120938539505,
                                34.841793179512024
                            ],
                            [
                                33.68120402097702,
                                34.841417670249939
                            ],
                            [
                                33.681212067604065,
                                34.841417670249939
                            ],
                            [
                                33.681206703186035,
                                34.841042160987854
                            ],
                            [
                                33.68121474981308,
                                34.841042160987854
                            ],
                            [
                                33.68120938539505,
                                34.840658605098724
                            ],
                            [
                                33.681292533874512,
                                34.82979029417038
                            ],
                            [
                                33.681287169456482,
                                34.829331636428833
                            ],
                            [
                                33.662109375,
                                34.829835891723633
                            ],
                            [
                                33.658677488565445,
                                34.831950813531876
                            ],
                            [
                                33.650872260332108,
                                34.832752794027328
                            ],
                            [
                                33.639969080686569,
                                34.832913726568222
                            ],
                            [
                                33.636790663003922,
                                34.832052737474442
                            ],
                            [
                                33.6181640625,
                                34.830967783927917
                            ],
                            [
                                33.611886352300644,
                                34.832776933908463
                            ],
                            [
                                33.607171028852463,
                                34.83247384428978
                            ],
                            [
                                33.604773133993149,
                                34.83334556221962
                            ],
                            [
                                33.602461069822311,
                                34.832436293363571
                            ],
                            [
                                33.599129766225815,
                                34.83332946896553
                            ],
                            [
                                33.59737291932106,
                                34.83270987868309
                            ],
                            [
                                33.595484644174576,
                                34.833468943834305
                            ],
                            [
                                33.594221323728561,
                                34.832774251699448
                            ],
                            [
                                33.593416661024094,
                                34.833530634641647
                            ],
                            [
                                33.591464012861252,
                                34.833495765924454
                            ],
                            [
                                33.588698655366898,
                                34.831846207380295
                            ],
                            [
                                33.583186715841293,
                                34.833058565855026
                            ],
                            [
                                33.57421875,
                                34.832121133804321
                            ],
                            [
                                33.574735075235367,
                                34.829987436532974
                            ],
                            [
                                33.57421875,
                                34.829020500183105
                            ],
                            [
                                33.573292046785355,
                                34.82496902346611
                            ],
                            [
                                33.57421875,
                                34.819750785827637
                            ],
                            [
                                33.574928194284439,
                                34.813094884157181
                            ],
                            [
                                33.57421875,
                                34.809708595275879
                            ],
                            [
                                33.57421875,
                                34.804215431213379
                            ],
                            [
                                33.573575019836426,
                                34.803314208984375
                            ],
                            [
                                33.574104756116867,
                                34.797052592039108
                            ],
                            [
                                33.57303723692894,
                                34.792951494455338
                            ],
                            [
                                33.572361320257187,
                                34.783499389886856
                            ],
                            [
                                33.573257178068161,
                                34.78127583861351
                            ],
                            [
                                33.57421875,
                                34.764819145202637
                            ],
                            [
                                33.57421875,
                                34.759210646152496
                            ],
                            [
                                33.57421875,
                                34.716796875
                            ],
                            [
                                33.434175252914429,
                                34.716796875
                            ],
                            [
                                33.3984375,
                                34.716796875
                            ],
                            [
                                33.3984375,
                                34.69306468963623
                            ],
                            [
                                33.366323411464691,
                                34.693158566951752
                            ],
                            [
                                33.319272100925446,
                                34.693268537521362
                            ],
                            [
                                33.310546875,
                                34.693281948566437
                            ],
                            [
                                33.310546875,
                                34.62890625
                            ],
                            [
                                33.17596435546875,
                                34.62890625
                            ],
                            [
                                33.151872754096985,
                                34.62890625
                            ],
                            [
                                33.13476026058197,
                                34.62890625
                            ],
                            [
                                33.134765625,
                                34.543306231498718
                            ],
                            [
                                33.111231923103333,
                                34.542201161384583
                            ],
                            [
                                33.106157183647156,
                                34.541954398155212
                            ],
                            [
                                33.106063306331635,
                                34.541957080364227
                            ],
                            [
                                33.086290061473846,
                                34.541015625
                            ],
                            [
                                33.046875,
                                34.541015625
                            ],
                            [
                                32.999756634235382,
                                34.541015625
                            ]
                        ]
                ]
            }
        }
    ]
}